frame,timestamp,tracking_state,pose_valid,lost,mask_seconds,motion_prior_seconds,tracking_seconds,compute_seconds,dynamic_ratio,motion_foreground_fraction,prior_valid,prior_raw_valid,prior_source_frame,prior_shuffle_lag_frames,prior_gate_bypassed,prior_candidate,prior_consensus_pass,direct_validation_valid,direct_validation_pass,prior_common_support_pass,prior_would_use,prior_used,oracle_valid,oracle_prefers_dynamic,oracle_applied,oracle_static_translation_error_m,oracle_dynamic_translation_error_m,oracle_static_rotation_error_rad,oracle_dynamic_rotation_error_rad,shadow_translation_active,shadow_translation_applied,shadow_translation_remaining,shadow_translation_innovation_m,shadow_translation_stop_reason,shadow_translation_factor_injected,posterior_valid,posterior_pass,posterior_static_inliers,posterior_dynamic_inliers,posterior_common_support,posterior_static_score,posterior_dynamic_score,velocity_neutralized,prior_information,prior_objects_observed,prior_objects_used,prior_feature_tracks,prior_inlier_tracks,prior_static_matches,prior_dynamic_matches,prior_static_inliers,prior_dynamic_inliers,prior_common_support,prior_static_common_score,prior_dynamic_common_score,direct_common_support,direct_static_depth_score,direct_dynamic_depth_score,direct_static_photometric_score,direct_dynamic_photometric_score,direct_static_combined_score,direct_dynamic_combined_score,trajectory_carried_forward,mask_pose_predicted,temporal_refinement_applied,temporal_recovered_static_pixels,temporal_added_dynamic_pixels,temporal_flow_guard_valid,temporal_flow_guard_rejected_pixels,temporal_recovery_risk_active,temporal_recovery_risk_previous_inliers,temporal_recovery_risk_hold_remaining,tracking_recovery_candidate_pixels,tracking_recovery_blocked_pixels,tracking_recovery_audit_pixels,tracking_recovery_mapping_leak_pixels,static_mask_ratio,mapping_weight_present,mapping_static_ratio,adaptive_feature_active,adaptive_feature_previous_inliers,adaptive_fast_threshold,extracted_features
0,1341846434.710184097,2,1,0,0.017728089,0.000000283,0.024167735,0.041896107,0.345888672,0.000000000,0,0,0,0,0,0,0,0,0,0,0,0,0,0,0,-1.000000000,-1.000000000,-1.000000000,-1.000000000,0,0,0,-1.000000000,none,0,0,0,-1,-1,0,-1.000000000,-1.000000000,0,0.000000000,0,0,0,0,-1,-1,-1,-1,0,-1.000000000,-1.000000000,0,-1.000000000,-1.000000000,-1.000000000,-1.000000000,-1.000000000,-1.000000000,0,0,0,0,0,0,0,0,-1,0,0,0,0,0,0.654111326,1,0.654111328,0,-1,20,1265
1,1341846434.746225119,2,1,0,0.020720945,0.000000178,0.016986076,0.037707199,0.387080078,0.000000000,0,0,1,0,0,0,0,0,0,0,0,0,0,0,0,-1.000000000,-1.000000000,-1.000000000,-1.000000000,0,0,0,-1.000000000,none,0,0,0,-1,-1,0,-1.000000000,-1.000000000,0,0.000000000,0,0,0,0,-1,-1,-1,-1,0,-1.000000000,-1.000000000,0,-1.000000000,-1.000000000,-1.000000000,-1.000000000,-1.000000000,-1.000000000,0,0,0,0,0,1,0,0,0,0,0,0,0,0,0.612919927,1,0.612919922,0,0,20,1279
2,1341846434.778203011,2,1,0,0.022634087,0.000000141,0.013158106,0.035792334,0.399492187,0.000000000,0,0,2,0,0,0,0,0,0,0,0,0,0,0,0,-1.000000000,-1.000000000,-1.000000000,-1.000000000,0,0,0,-1.000000000,none,0,0,0,-1,-1,0,-1.000000000,-1.000000000,0,0.000000000,0,0,0,0,-1,-1,-1,-1,0,-1.000000000,-1.000000000,0,-1.000000000,-1.000000000,-1.000000000,-1.000000000,-1.000000000,-1.000000000,0,1,0,0,0,1,0,0,235,0,0,0,0,0,0.600507796,1,0.600507812,0,235,20,1335
3,1341846434.810024023,2,1,0,0.026569171,0.000000158,0.012639693,0.039209022,0.370940755,0.000000000,0,0,3,0,0,0,0,0,0,0,0,0,0,0,0,-1.000000000,-1.000000000,-1.000000000,-1.000000000,0,0,0,-1.000000000,none,0,0,0,-1,-1,0,-1.000000000,-1.000000000,0,0.000000000,0,0,0,0,-1,-1,-1,-1,0,-1.000000000,-1.000000000,0,-1.000000000,-1.000000000,-1.000000000,-1.000000000,-1.000000000,-1.000000000,0,1,0,0,0,1,0,0,210,0,0,0,0,0,0.629059255,1,0.629059245,0,210,20,1333
4,1341846434.846344948,2,1,0,0.017966415,0.000000137,0.012121658,0.030088210,0.368750000,0.000000000,0,0,4,0,0,0,0,0,0,0,0,0,0,0,0,-1.000000000,-1.000000000,-1.000000000,-1.000000000,0,0,0,-1.000000000,none,0,0,0,-1,-1,0,-1.000000000,-1.000000000,0,0.000000000,0,0,0,0,-1,-1,-1,-1,0,-1.000000000,-1.000000000,0,-1.000000000,-1.000000000,-1.000000000,-1.000000000,-1.000000000,-1.000000000,0,1,0,0,0,1,0,0,194,0,0,0,0,0,0.631250024,1,0.631250000,0,194,20,1296
5,1341846434.878201962,2,1,0,0.020758200,0.000000215,0.011785326,0.032543741,0.369781901,0.000000000,0,0,5,0,0,0,0,0,0,0,0,0,0,0,0,-1.000000000,-1.000000000,-1.000000000,-1.000000000,0,0,0,-1.000000000,none,0,0,0,-1,-1,0,-1.000000000,-1.000000000,0,0.000000000,0,0,0,0,-1,-1,-1,-1,0,-1.000000000,-1.000000000,0,-1.000000000,-1.000000000,-1.000000000,-1.000000000,-1.000000000,-1.000000000,0,1,0,0,0,1,0,0,199,0,0,0,0,0,0.630218089,1,0.630218099,0,199,20,1263
6,1341846434.914148092,2,1,0,0.022401630,0.000000258,0.010769859,0.033171747,0.397457682,0.000000000,0,0,6,0,0,0,0,0,0,0,0,0,0,0,0,-1.000000000,-1.000000000,-1.000000000,-1.000000000,0,0,0,-1.000000000,none,0,0,0,-1,-1,0,-1.000000000,-1.000000000,0,0.000000000,0,0,0,0,-1,-1,-1,-1,0,-1.000000000,-1.000000000,0,-1.000000000,-1.000000000,-1.000000000,-1.000000000,-1.000000000,-1.000000000,0,1,0,0,0,1,0,0,223,0,0,0,0,0,0.602542341,1,0.602542318,0,223,20,1212
7,1341846434.946443081,2,1,0,0.021535710,0.000000262,0.013994579,0.035530551,0.369098307,0.000000000,0,0,7,0,0,0,0,0,0,0,0,0,0,0,0,-1.000000000,-1.000000000,-1.000000000,-1.000000000,0,0,0,-1.000000000,none,0,0,0,-1,-1,0,-1.000000000,-1.000000000,0,0.000000000,0,0,0,0,-1,-1,-1,-1,0,-1.000000000,-1.000000000,0,-1.000000000,-1.000000000,-1.000000000,-1.000000000,-1.000000000,-1.000000000,0,1,0,0,0,1,0,1,141,5,0,0,0,0,0.630901694,1,0.630901693,1,141,13,2002
8,1341846434.978087902,2,1,0,0.017201920,0.000000151,0.016085519,0.033287590,0.417229818,0.000000000,0,0,8,0,0,0,0,0,0,0,0,0,0,0,0,-1.000000000,-1.000000000,-1.000000000,-1.000000000,0,0,0,-1.000000000,none,0,0,0,-1,-1,0,-1.000000000,-1.000000000,0,0.000000000,0,0,0,0,-1,-1,-1,-1,0,-1.000000000,-1.000000000,0,-1.000000000,-1.000000000,-1.000000000,-1.000000000,-1.000000000,-1.000000000,0,1,0,0,0,1,0,1,213,4,0,0,0,0,0.582770169,1,0.582770182,1,213,12,2004
9,1341846435.014019012,2,1,0,0.013794729,0.000000266,0.015552037,0.029347032,0.345605469,0.000000000,0,0,9,0,0,0,0,0,0,0,0,0,0,0,0,-1.000000000,-1.000000000,-1.000000000,-1.000000000,0,0,0,-1.000000000,none,0,0,0,-1,-1,0,-1.000000000,-1.000000000,0,0.000000000,0,0,0,0,-1,-1,-1,-1,0,-1.000000000,-1.000000000,0,-1.000000000,-1.000000000,-1.000000000,-1.000000000,-1.000000000,-1.000000000,0,1,0,0,0,1,0,1,240,3,0,0,0,0,0.654394507,1,0.654394531,1,240,14,2008
10,1341846435.045942068,2,1,0,0.014379842,0.000000155,0.016388944,0.030768941,0.356331380,0.000000000,0,0,10,0,0,0,0,0,0,0,0,0,0,0,0,-1.000000000,-1.000000000,-1.000000000,-1.000000000,0,0,0,-1.000000000,none,0,0,0,-1,-1,0,-1.000000000,-1.000000000,0,0.000000000,0,0,0,0,-1,-1,-1,-1,0,-1.000000000,-1.000000000,0,-1.000000000,-1.000000000,-1.000000000,-1.000000000,-1.000000000,-1.000000000,0,1,0,0,0,1,0,1,222,2,0,0,0,0,0.643668592,1,0.643668620,1,222,14,2005
11,1341846435.077985048,2,1,0,0.013485904,0.000000315,0.022371217,0.035857436,0.379707031,0.000000000,0,0,11,0,0,0,0,0,0,0,0,0,0,0,0,-1.000000000,-1.000000000,-1.000000000,-1.000000000,0,0,0,-1.000000000,none,0,0,0,-1,-1,0,-1.000000000,-1.000000000,0,0.000000000,0,0,0,0,-1,-1,-1,-1,0,-1.000000000,-1.000000000,0,-1.000000000,-1.000000000,-1.000000000,-1.000000000,-1.000000000,-1.000000000,0,1,0,0,0,1,0,1,208,1,0,0,0,0,0.620292962,1,0.620292969,1,208,13,2006
12,1341846435.113960981,2,1,0,0.014607835,0.000000179,0.014365348,0.028973362,0.370781250,0.000000000,0,0,12,0,0,0,0,0,0,0,0,0,0,0,0,-1.000000000,-1.000000000,-1.000000000,-1.000000000,0,0,0,-1.000000000,none,0,0,0,-1,-1,0,-1.000000000,-1.000000000,0,0.000000000,0,0,0,0,-1,-1,-1,-1,0,-1.000000000,-1.000000000,0,-1.000000000,-1.000000000,-1.000000000,-1.000000000,-1.000000000,-1.000000000,0,1,0,0,0,1,0,0,178,0,0,0,0,0,0.629218757,1,0.629218750,0,178,20,1268
13,1341846435.146181107,2,1,0,0.014632342,0.000000253,0.057776118,0.072408713,0.373906250,0.000000000,0,0,13,0,0,0,0,0,0,0,0,0,0,0,0,-1.000000000,-1.000000000,-1.000000000,-1.000000000,0,0,0,-1.000000000,none,0,0,0,-1,-1,0,-1.000000000,-1.000000000,0,0.000000000,0,0,0,0,-1,-1,-1,-1,0,-1.000000000,-1.000000000,0,-1.000000000,-1.000000000,-1.000000000,-1.000000000,-1.000000000,-1.000000000,0,1,0,0,0,1,0,0,196,0,0,0,0,0,0.626093745,1,0.626093750,0,196,20,1282
14,1341846435.182051897,2,1,0,0.015124533,0.000000154,0.011763350,0.026888037,0.372613932,0.000000000,0,0,14,0,0,0,0,0,0,0,0,0,0,0,0,-1.000000000,-1.000000000,-1.000000000,-1.000000000,0,0,0,-1.000000000,none,0,0,0,-1,-1,0,-1.000000000,-1.000000000,0,0.000000000,0,0,0,0,-1,-1,-1,-1,0,-1.000000000,-1.000000000,0,-1.000000000,-1.000000000,-1.000000000,-1.000000000,-1.000000000,-1.000000000,0,1,0,0,0,1,0,0,231,0,0,0,0,0,0.627386093,1,0.627386068,0,231,20,1306
15,1341846435.213954926,2,1,0,0.015767630,0.000000113,0.013596553,0.029364296,0.386139323,0.000000000,0,0,15,0,0,0,0,0,0,0,0,0,0,0,0,-1.000000000,-1.000000000,-1.000000000,-1.000000000,0,0,0,-1.000000000,none,0,0,0,-1,-1,0,-1.000000000,-1.000000000,0,0.000000000,0,0,0,0,-1,-1,-1,-1,0,-1.000000000,-1.000000000,0,-1.000000000,-1.000000000,-1.000000000,-1.000000000,-1.000000000,-1.000000000,0,1,0,0,0,1,0,0,184,0,0,0,0,0,0.613860667,1,0.613860677,0,184,20,1261
16,1341846435.246495008,2,1,0,0.015614380,0.000000089,0.011748619,0.027363088,0.390494792,0.000000000,0,0,16,0,0,0,0,0,0,0,0,0,0,0,0,-1.000000000,-1.000000000,-1.000000000,-1.000000000,0,0,0,-1.000000000,none,0,0,0,-1,-1,0,-1.000000000,-1.000000000,0,0.000000000,0,0,0,0,-1,-1,-1,-1,0,-1.000000000,-1.000000000,0,-1.000000000,-1.000000000,-1.000000000,-1.000000000,-1.000000000,-1.000000000,0,1,0,0,0,1,0,0,201,0,0,0,0,0,0.609505236,1,0.609505208,0,201,20,1340
17,1341846435.281968117,2,1,0,0.015978055,0.000000153,0.011781489,0.027759697,0.435139974,0.000000000,0,0,17,0,0,0,0,0,0,0,0,0,0,0,0,-1.000000000,-1.000000000,-1.000000000,-1.000000000,0,0,0,-1.000000000,none,0,0,0,-1,-1,0,-1.000000000,-1.000000000,0,0.000000000,0,0,0,0,-1,-1,-1,-1,0,-1.000000000,-1.000000000,0,-1.000000000,-1.000000000,-1.000000000,-1.000000000,-1.000000000,-1.000000000,0,1,0,0,0,1,0,0,180,0,0,0,0,0,0.564860046,1,0.564860026,0,180,20,1173
18,1341846435.319946051,2,1,0,0.017887688,0.000000137,0.011411495,0.029299320,0.397962240,0.000000000,0,0,18,0,0,0,0,0,0,0,0,0,0,0,0,-1.000000000,-1.000000000,-1.000000000,-1.000000000,0,0,0,-1.000000000,none,0,0,0,-1,-1,0,-1.000000000,-1.000000000,0,0.000000000,0,0,0,0,-1,-1,-1,-1,0,-1.000000000,-1.000000000,0,-1.000000000,-1.000000000,-1.000000000,-1.000000000,-1.000000000,-1.000000000,0,1,0,0,0,1,0,0,169,0,0,0,0,0,0.602037787,1,0.602037760,0,169,20,1235
19,1341846435.382077932,2,1,0,0.020524915,0.000000255,0.011380713,0.031905883,0.440911458,0.000000000,0,0,19,0,0,0,0,0,0,0,0,0,0,0,0,-1.000000000,-1.000000000,-1.000000000,-1.000000000,0,0,0,-1.000000000,none,0,0,0,-1,-1,0,-1.000000000,-1.000000000,0,0.000000000,0,0,0,0,-1,-1,-1,-1,0,-1.000000000,-1.000000000,0,-1.000000000,-1.000000000,-1.000000000,-1.000000000,-1.000000000,-1.000000000,0,1,0,0,0,1,0,0,177,0,0,0,0,0,0.559088528,1,0.559088542,0,177,20,1131
20,1341846435.414309025,2,1,0,0.014560625,0.000000215,0.014222378,0.028783218,0.453580729,0.000000000,0,0,20,0,0,0,0,0,0,0,0,0,0,0,0,-1.000000000,-1.000000000,-1.000000000,-1.000000000,0,0,0,-1.000000000,none,0,0,0,-1,-1,0,-1.000000000,-1.000000000,0,0.000000000,0,0,0,0,-1,-1,-1,-1,0,-1.000000000,-1.000000000,0,-1.000000000,-1.000000000,-1.000000000,-1.000000000,-1.000000000,-1.000000000,0,1,0,0,0,1,0,0,154,0,0,0,0,0,0.546419263,1,0.546419271,0,154,20,1090
21,1341846435.450323105,2,1,0,0.021821375,0.000000167,0.074598053,0.096419595,0.470722656,0.000000000,0,0,21,0,0,0,0,0,0,0,0,0,0,0,0,-1.000000000,-1.000000000,-1.000000000,-1.000000000,0,0,0,-1.000000000,none,0,0,0,-1,-1,0,-1.000000000,-1.000000000,0,0.000000000,0,0,0,0,-1,-1,-1,-1,0,-1.000000000,-1.000000000,0,-1.000000000,-1.000000000,-1.000000000,-1.000000000,-1.000000000,-1.000000000,0,1,0,0,0,1,0,0,152,0,0,0,0,0,0.529277325,1,0.529277344,0,152,20,1098
22,1341846435.482273102,2,1,0,0.017050887,0.000000202,0.011812141,0.028863230,0.475175781,0.000000000,0,0,22,0,0,0,0,0,0,0,0,0,0,0,0,-1.000000000,-1.000000000,-1.000000000,-1.000000000,0,0,0,-1.000000000,none,0,0,0,-1,-1,0,-1.000000000,-1.000000000,0,0.000000000,0,0,0,0,-1,-1,-1,-1,0,-1.000000000,-1.000000000,0,-1.000000000,-1.000000000,-1.000000000,-1.000000000,-1.000000000,-1.000000000,0,1,0,0,0,1,0,0,176,0,0,0,0,0,0.524824202,1,0.524824219,0,176,20,1198
23,1341846435.513983011,2,1,0,0.022235697,0.000000251,0.011662646,0.033898594,0.474560547,0.000000000,0,0,23,0,0,0,0,0,0,0,0,0,0,0,0,-1.000000000,-1.000000000,-1.000000000,-1.000000000,0,0,0,-1.000000000,none,0,0,0,-1,-1,0,-1.000000000,-1.000000000,0,0.000000000,0,0,0,0,-1,-1,-1,-1,0,-1.000000000,-1.000000000,0,-1.000000000,-1.000000000,-1.000000000,-1.000000000,-1.000000000,-1.000000000,0,1,0,0,0,1,0,0,153,0,0,0,0,0,0.525439441,1,0.525439453,0,153,20,1143
24,1341846435.550153017,2,1,0,0.023815780,0.000000348,0.012039638,0.035855766,0.477753906,0.000000000,0,0,24,0,0,0,0,0,0,0,0,0,0,0,0,-1.000000000,-1.000000000,-1.000000000,-1.000000000,0,0,0,-1.000000000,none,0,0,0,-1,-1,0,-1.000000000,-1.000000000,0,0.000000000,0,0,0,0,-1,-1,-1,-1,0,-1.000000000,-1.000000000,0,-1.000000000,-1.000000000,-1.000000000,-1.000000000,-1.000000000,-1.000000000,0,1,0,0,0,1,0,0,177,0,0,0,0,0,0.522246122,1,0.522246094,0,177,20,1053
25,1341846435.582003117,2,1,0,0.019274480,0.000000261,0.011796775,0.031071516,0.491276042,0.000000000,0,0,25,0,0,0,0,0,0,0,0,0,0,0,0,-1.000000000,-1.000000000,-1.000000000,-1.000000000,0,0,0,-1.000000000,none,0,0,0,-1,-1,0,-1.000000000,-1.000000000,0,0.000000000,0,0,0,0,-1,-1,-1,-1,0,-1.000000000,-1.000000000,0,-1.000000000,-1.000000000,-1.000000000,-1.000000000,-1.000000000,-1.000000000,0,1,0,0,0,1,0,0,159,0,0,0,0,0,0.508723974,1,0.508723958,0,159,20,851
26,1341846435.618180037,2,1,0,0.026604023,0.000000191,0.015261987,0.041866201,0.521969401,0.000000000,0,0,26,0,0,0,0,0,0,0,0,0,0,0,0,-1.000000000,-1.000000000,-1.000000000,-1.000000000,0,0,0,-1.000000000,none,0,0,0,-1,-1,0,-1.000000000,-1.000000000,0,0.000000000,0,0,0,0,-1,-1,-1,-1,0,-1.000000000,-1.000000000,0,-1.000000000,-1.000000000,-1.000000000,-1.000000000,-1.000000000,-1.000000000,0,1,1,2829,0,1,8847,1,131,5,2694,0,2694,0,0.478030592,1,0.469248047,1,131,11,2008
27,1341846435.650182962,2,1,0,0.036927690,0.000000177,0.016945616,0.053873483,0.517444661,0.000000000,0,0,27,0,0,0,0,0,0,0,0,0,0,0,0,-1.000000000,-1.000000000,-1.000000000,-1.000000000,0,0,0,-1.000000000,none,0,0,0,-1,-1,0,-1.000000000,-1.000000000,0,0.000000000,0,0,0,0,-1,-1,-1,-1,0,-1.000000000,-1.000000000,0,-1.000000000,-1.000000000,-1.000000000,-1.000000000,-1.000000000,-1.000000000,0,1,1,1253,0,1,10439,1,169,4,1161,0,1161,0,0.482555330,1,0.478772786,1,169,11,2006
28,1341846435.681920052,2,1,0,0.026376499,0.000000162,0.018333893,0.044710554,0.476243490,0.000000000,0,0,28,0,0,0,0,0,0,0,0,0,0,0,0,-1.000000000,-1.000000000,-1.000000000,-1.000000000,0,0,0,-1.000000000,none,0,0,0,-1,-1,0,-1.000000000,-1.000000000,0,0.000000000,0,0,0,0,-1,-1,-1,-1,0,-1.000000000,-1.000000000,0,-1.000000000,-1.000000000,-1.000000000,-1.000000000,-1.000000000,-1.000000000,0,1,1,983,0,1,7824,1,229,3,912,0,912,0,0.523756504,1,0.520781250,1,229,11,2006
29,1341846435.717876911,2,1,0,0.037663139,0.000000162,0.017175763,0.054839064,0.463300781,0.000000000,0,0,29,0,0,0,0,0,0,0,0,0,0,0,0,-1.000000000,-1.000000000,-1.000000000,-1.000000000,0,0,0,-1.000000000,none,0,0,0,-1,-1,0,-1.000000000,-1.000000000,0,0.000000000,0,0,0,0,-1,-1,-1,-1,0,-1.000000000,-1.000000000,0,-1.000000000,-1.000000000,-1.000000000,-1.000000000,-1.000000000,-1.000000000,0,1,1,2446,0,1,5433,1,190,2,2351,0,2351,0,0.536699235,1,0.529039714,1,190,12,2004
30,1341846435.750186920,2,1,0,0.026609760,0.000000267,0.015932011,0.042542038,0.464098307,0.000000000,0,0,30,0,0,0,0,0,0,0,0,0,0,0,0,-1.000000000,-1.000000000,-1.000000000,-1.000000000,0,0,0,-1.000000000,none,0,0,0,-1,-1,0,-1.000000000,-1.000000000,0,0.000000000,0,0,0,0,-1,-1,-1,-1,0,-1.000000000,-1.000000000,0,-1.000000000,-1.000000000,-1.000000000,-1.000000000,-1.000000000,-1.000000000,0,1,1,1960,0,1,6537,1,261,1,1910,0,1910,0,0.535901666,1,0.529674479,1,261,12,2005
31,1341846435.782021999,2,1,0,0.031303581,0.000000174,0.011625572,0.042929327,0.461474609,0.000000000,0,0,31,0,0,0,0,0,0,0,0,0,0,0,0,-1.000000000,-1.000000000,-1.000000000,-1.000000000,0,0,0,-1.000000000,none,0,0,0,-1,-1,0,-1.000000000,-1.000000000,0,0.000000000,0,0,0,0,-1,-1,-1,-1,0,-1.000000000,-1.000000000,0,-1.000000000,-1.000000000,-1.000000000,-1.000000000,-1.000000000,-1.000000000,0,1,1,935,0,1,6586,0,237,0,894,894,0,0,0.538525403,1,0.538525391,0,237,20,871
32,1341846435.818082094,2,1,0,0.034148855,0.000000331,0.016176521,0.050325707,0.464596354,0.000000000,0,0,32,0,0,0,0,0,0,0,0,0,0,0,0,-1.000000000,-1.000000000,-1.000000000,-1.000000000,0,0,0,-1.000000000,none,0,0,0,-1,-1,0,-1.000000000,-1.000000000,0,0.000000000,0,0,0,0,-1,-1,-1,-1,0,-1.000000000,-1.000000000,0,-1.000000000,-1.000000000,-1.000000000,-1.000000000,-1.000000000,-1.000000000,0,1,1,25,0,1,6090,1,143,5,20,0,20,0,0.535403669,1,0.535338542,1,143,12,2002
33,1341846435.849992037,2,1,0,0.025230741,0.000000179,0.017892379,0.043123299,0.471829427,0.000000000,0,0,33,0,0,0,0,0,0,0,0,0,0,0,0,-1.000000000,-1.000000000,-1.000000000,-1.000000000,0,0,0,-1.000000000,none,0,0,0,-1,-1,0,-1.000000000,-1.000000000,0,0.000000000,0,0,0,0,-1,-1,-1,-1,0,-1.000000000,-1.000000000,0,-1.000000000,-1.000000000,-1.000000000,-1.000000000,-1.000000000,-1.000000000,0,1,1,1291,0,1,7752,1,218,4,1237,0,1237,0,0.528170586,1,0.524134115,1,218,12,2005
34,1341846435.886101007,2,1,0,0.024880497,0.000000199,0.019317466,0.044198162,0.450097656,0.000000000,0,0,34,0,0,0,0,0,0,0,0,0,0,0,0,-1.000000000,-1.000000000,-1.000000000,-1.000000000,0,0,0,-1.000000000,none,0,0,0,-1,-1,0,-1.000000000,-1.000000000,0,0.000000000,0,0,0,0,-1,-1,-1,-1,0,-1.000000000,-1.000000000,0,-1.000000000,-1.000000000,-1.000000000,-1.000000000,-1.000000000,-1.000000000,0,1,1,303,0,1,8126,1,264,3,261,0,261,0,0.549902320,1,0.549046224,1,264,12,1998
35,1341846435.918076992,2,1,0,0.027327611,0.000000155,0.015550762,0.042878528,0.465159505,0.000000000,0,0,35,0,0,0,0,0,0,0,0,0,0,0,0,-1.000000000,-1.000000000,-1.000000000,-1.000000000,0,0,0,-1.000000000,none,0,0,0,-1,-1,0,-1.000000000,-1.000000000,0,0.000000000,0,0,0,0,-1,-1,-1,-1,0,-1.000000000,-1.000000000,0,-1.000000000,-1.000000000,-1.000000000,-1.000000000,-1.000000000,-1.000000000,0,1,1,675,0,1,11180,1,294,2,638,0,638,0,0.534840524,1,0.532753906,1,294,12,2000
36,1341846435.950077057,2,1,0,0.039219263,0.000000189,0.016199748,0.055419200,0.449921875,0.000000000,0,0,36,0,0,0,0,0,0,0,0,0,0,0,0,-1.000000000,-1.000000000,-1.000000000,-1.000000000,0,0,0,-1.000000000,none,0,0,0,-1,-1,0,-1.000000000,-1.000000000,0,0.000000000,0,0,0,0,-1,-1,-1,-1,0,-1.000000000,-1.000000000,0,-1.000000000,-1.000000000,-1.000000000,-1.000000000,-1.000000000,-1.000000000,0,1,1,305,0,1,7768,1,220,1,265,0,265,0,0.550078154,1,0.549199219,1,220,12,2002
37,1341846435.986079931,2,1,0,0.031573213,0.000000124,0.013971198,0.045544535,0.489332682,0.000000000,0,0,37,0,0,0,0,0,0,0,0,0,0,0,0,-1.000000000,-1.000000000,-1.000000000,-1.000000000,0,0,0,-1.000000000,none,0,0,0,-1,-1,0,-1.000000000,-1.000000000,0,0.000000000,0,0,0,0,-1,-1,-1,-1,0,-1.000000000,-1.000000000,0,-1.000000000,-1.000000000,-1.000000000,-1.000000000,-1.000000000,-1.000000000,0,1,1,728,0,1,5782,0,289,0,677,677,0,0,0.510667324,1,0.510667318,0,289,20,930
38,1341846436.018119097,2,1,0,0.028913846,0.000000113,0.011841047,0.040755006,0.450169271,0.000000000,0,0,38,0,0,0,0,0,0,0,0,0,0,0,0,-1.000000000,-1.000000000,-1.000000000,-1.000000000,0,0,0,-1.000000000,none,0,0,0,-1,-1,0,-1.000000000,-1.000000000,0,0.000000000,0,0,0,0,-1,-1,-1,-1,0,-1.000000000,-1.000000000,0,-1.000000000,-1.000000000,-1.000000000,-1.000000000,-1.000000000,-1.000000000,0,1,1,414,0,1,4650,0,198,0,367,367,0,0,0.549830735,1,0.549830729,0,198,20,989
39,1341846436.050565004,2,1,0,0.030601439,0.000000137,0.012800813,0.043402389,0.445641276,0.000000000,0,0,39,0,0,0,0,0,0,0,0,0,0,0,0,-1.000000000,-1.000000000,-1.000000000,-1.000000000,0,0,0,-1.000000000,none,0,0,0,-1,-1,0,-1.000000000,-1.000000000,0,0.000000000,0,0,0,0,-1,-1,-1,-1,0,-1.000000000,-1.000000000,0,-1.000000000,-1.000000000,-1.000000000,-1.000000000,-1.000000000,-1.000000000,0,1,1,1041,0,1,9392,0,189,0,972,972,0,0,0.554358721,1,0.554358724,0,189,20,1075
40,1341846436.085969925,2,1,0,0.027701395,0.000000158,0.014508191,0.042209744,0.414931641,0.000000000,0,0,40,0,0,0,0,0,0,0,0,0,0,0,0,-1.000000000,-1.000000000,-1.000000000,-1.000000000,0,0,0,-1.000000000,none,0,0,0,-1,-1,0,-1.000000000,-1.000000000,0,0.000000000,0,0,0,0,-1,-1,-1,-1,0,-1.000000000,-1.000000000,0,-1.000000000,-1.000000000,-1.000000000,-1.000000000,-1.000000000,-1.000000000,0,1,1,2064,0,1,6363,0,171,0,1953,1953,0,0,0.585068345,1,0.585068359,0,171,20,1022
41,1341846436.118115902,2,1,0,0.025015164,0.000000129,0.012226903,0.037242196,0.470016276,0.000000000,0,0,41,0,0,0,0,0,0,0,0,0,0,0,0,-1.000000000,-1.000000000,-1.000000000,-1.000000000,0,0,0,-1.000000000,none,0,0,0,-1,-1,0,-1.000000000,-1.000000000,0,0.000000000,0,0,0,0,-1,-1,-1,-1,0,-1.000000000,-1.000000000,0,-1.000000000,-1.000000000,-1.000000000,-1.000000000,-1.000000000,-1.000000000,0,1,1,686,0,1,10576,0,208,0,568,568,0,0,0.529983699,1,0.529983724,0,208,20,1036
42,1341846436.153951883,2,1,0,0.027069013,0.000000118,0.013180492,0.040249623,0.425309245,0.000000000,0,0,42,0,0,0,0,0,0,0,0,0,0,0,0,-1.000000000,-1.000000000,-1.000000000,-1.000000000,0,0,0,-1.000000000,none,0,0,0,-1,-1,0,-1.000000000,-1.000000000,0,0.000000000,0,0,0,0,-1,-1,-1,-1,0,-1.000000000,-1.000000000,0,-1.000000000,-1.000000000,-1.000000000,-1.000000000,-1.000000000,-1.000000000,0,1,1,348,0,1,8015,0,198,0,342,342,0,0,0.574690759,1,0.574690755,0,198,20,1205
43,1341846436.185993910,2,1,0,0.025363985,0.000000344,0.022370321,0.047734650,0.404195964,0.000000000,0,0,43,0,0,0,0,0,0,0,0,0,0,0,0,-1.000000000,-1.000000000,-1.000000000,-1.000000000,0,0,0,-1.000000000,none,0,0,0,-1,-1,0,-1.000000000,-1.000000000,0,0.000000000,0,0,0,0,-1,-1,-1,-1,0,-1.000000000,-1.000000000,0,-1.000000000,-1.000000000,-1.000000000,-1.000000000,-1.000000000,-1.000000000,0,1,1,484,0,1,6414,0,213,0,464,464,0,0,0.595804036,1,0.595804036,0,213,20,1288
44,1341846436.218096018,2,1,0,0.030446705,0.000000123,0.023469480,0.053916308,0.309879557,0.000000000,0,0,44,0,0,0,0,0,0,0,0,0,0,0,0,-1.000000000,-1.000000000,-1.000000000,-1.000000000,0,0,0,-1.000000000,none,0,0,0,-1,-1,0,-1.000000000,-1.000000000,0,0.000000000,0,0,0,0,-1,-1,-1,-1,0,-1.000000000,-1.000000000,0,-1.000000000,-1.000000000,-1.000000000,-1.000000000,-1.000000000,-1.000000000,0,1,1,121,0,1,3246,0,281,0,95,95,0,0,0.690120459,1,0.690120443,0,281,20,1488
45,1341846436.253964901,2,1,0,0.034571713,0.000000135,0.017344935,0.051916783,0.383229167,0.000000000,0,0,45,0,0,0,0,0,0,0,0,0,0,0,0,-1.000000000,-1.000000000,-1.000000000,-1.000000000,0,0,0,-1.000000000,none,0,0,0,-1,-1,0,-1.000000000,-1.000000000,0,0.000000000,0,0,0,0,-1,-1,-1,-1,0,-1.000000000,-1.000000000,0,-1.000000000,-1.000000000,-1.000000000,-1.000000000,-1.000000000,-1.000000000,0,1,1,463,0,1,9354,0,290,0,429,429,0,0,0.616770804,1,0.616770833,0,290,20,1356
46,1341846436.286006927,2,1,0,0.028393898,0.000000114,0.026990282,0.055384294,0.364749349,0.000000000,0,0,46,0,0,0,0,0,0,0,0,0,0,0,0,-1.000000000,-1.000000000,-1.000000000,-1.000000000,0,0,0,-1.000000000,none,0,0,0,-1,-1,0,-1.000000000,-1.000000000,0,0.000000000,0,0,0,0,-1,-1,-1,-1,0,-1.000000000,-1.000000000,0,-1.000000000,-1.000000000,-1.000000000,-1.000000000,-1.000000000,-1.000000000,0,1,1,466,0,1,5901,0,300,0,444,444,0,0,0.635250628,1,0.635250651,0,300,20,1369
47,1341846436.318164110,2,1,0,0.028809742,0.000000188,0.014951511,0.043761441,0.338079427,0.000000000,0,0,47,0,0,0,0,0,0,0,0,0,0,0,0,-1.000000000,-1.000000000,-1.000000000,-1.000000000,0,0,0,-1.000000000,none,0,0,0,-1,-1,0,-1.000000000,-1.000000000,0,0.000000000,0,0,0,0,-1,-1,-1,-1,0,-1.000000000,-1.000000000,0,-1.000000000,-1.000000000,-1.000000000,-1.000000000,-1.000000000,-1.000000000,0,1,1,392,0,1,5882,0,344,0,371,371,0,0,0.661920547,1,0.661920573,0,344,20,1301
48,1341846436.354084015,2,1,0,0.025280336,0.000000169,0.014909139,0.040189644,0.305179036,0.000000000,0,0,48,0,0,0,0,0,0,0,0,0,0,0,0,-1.000000000,-1.000000000,-1.000000000,-1.000000000,0,0,0,-1.000000000,none,0,0,0,-1,-1,0,-1.000000000,-1.000000000,0,0.000000000,0,0,0,0,-1,-1,-1,-1,0,-1.000000000,-1.000000000,0,-1.000000000,-1.000000000,-1.000000000,-1.000000000,-1.000000000,-1.000000000,0,1,1,130,0,1,3211,0,354,0,122,122,0,0,0.694820940,1,0.694820964,0,354,20,1394
49,1341846436.385957956,2,1,0,0.022560669,0.000000111,0.014538967,0.037099747,0.332740885,0.000000000,0,0,49,0,0,0,0,0,0,0,0,0,0,0,0,-1.000000000,-1.000000000,-1.000000000,-1.000000000,0,0,0,-1.000000000,none,0,0,0,-1,-1,0,-1.000000000,-1.000000000,0,0.000000000,0,0,0,0,-1,-1,-1,-1,0,-1.000000000,-1.000000000,0,-1.000000000,-1.000000000,-1.000000000,-1.000000000,-1.000000000,-1.000000000,0,1,1,188,0,1,10272,0,349,0,180,180,0,0,0.667259097,1,0.667259115,0,349,20,1403
50,1341846436.422051907,2,1,0,0.029031362,0.000000135,0.015088999,0.044120496,0.306555990,0.000000000,0,0,50,0,0,0,0,0,0,0,0,0,0,0,0,-1.000000000,-1.000000000,-1.000000000,-1.000000000,0,0,0,-1.000000000,none,0,0,0,-1,-1,0,-1.000000000,-1.000000000,0,0.000000000,0,0,0,0,-1,-1,-1,-1,0,-1.000000000,-1.000000000,0,-1.000000000,-1.000000000,-1.000000000,-1.000000000,-1.000000000,-1.000000000,0,1,1,501,0,1,9252,0,344,0,482,482,0,0,0.693444014,1,0.693444010,0,344,20,1332
51,1341846436.453972101,2,1,0,0.026177287,0.000000138,0.013819239,0.039996664,0.308131510,0.000000000,0,0,51,0,0,0,0,0,0,0,0,0,0,0,0,-1.000000000,-1.000000000,-1.000000000,-1.000000000,0,0,0,-1.000000000,none,0,0,0,-1,-1,0,-1.000000000,-1.000000000,0,0.000000000,0,0,0,0,-1,-1,-1,-1,0,-1.000000000,-1.000000000,0,-1.000000000,-1.000000000,-1.000000000,-1.000000000,-1.000000000,-1.000000000,0,1,1,1477,0,1,11296,0,327,0,1395,1395,0,0,0.691868484,1,0.691868490,0,327,20,1360
52,1341846436.485965967,2,1,0,0.030621656,0.000000152,0.013656181,0.044277989,0.293642578,0.000000000,0,0,52,0,0,0,0,0,0,0,0,0,0,0,0,-1.000000000,-1.000000000,-1.000000000,-1.000000000,0,0,0,-1.000000000,none,0,0,0,-1,-1,0,-1.000000000,-1.000000000,0,0.000000000,0,0,0,0,-1,-1,-1,-1,0,-1.000000000,-1.000000000,0,-1.000000000,-1.000000000,-1.000000000,-1.000000000,-1.000000000,-1.000000000,0,1,1,1233,0,1,9921,0,353,0,1127,1127,0,0,0.706357419,1,0.706357422,0,353,20,1406
53,1341846436.522074938,2,1,0,0.032588616,0.000000152,0.013425112,0.046013880,0.337294922,0.000000000,0,0,53,0,0,0,0,0,0,0,0,0,0,0,0,-1.000000000,-1.000000000,-1.000000000,-1.000000000,0,0,0,-1.000000000,none,0,0,0,-1,-1,0,-1.000000000,-1.000000000,0,0.000000000,0,0,0,0,-1,-1,-1,-1,0,-1.000000000,-1.000000000,0,-1.000000000,-1.000000000,-1.000000000,-1.000000000,-1.000000000,-1.000000000,0,1,1,3958,0,1,10714,0,354,0,3750,3750,0,0,0.662705064,1,0.662705078,0,354,20,1262
54,1341846436.553975105,2,1,0,0.024458865,0.000000217,0.015705913,0.040164995,0.376682943,0.000000000,0,0,54,0,0,0,0,0,0,0,0,0,0,0,0,-1.000000000,-1.000000000,-1.000000000,-1.000000000,0,0,0,-1.000000000,none,0,0,0,-1,-1,0,-1.000000000,-1.000000000,0,0.000000000,0,0,0,0,-1,-1,-1,-1,0,-1.000000000,-1.000000000,0,-1.000000000,-1.000000000,-1.000000000,-1.000000000,-1.000000000,-1.000000000,0,1,1,1733,0,1,17004,0,318,0,1599,1599,0,0,0.623317063,1,0.623317057,0,318,20,1147
55,1341846436.590102911,2,1,0,0.025715579,0.000000131,0.016957932,0.042673642,0.394290365,0.000000000,0,0,55,0,0,0,0,0,0,0,0,0,0,0,0,-1.000000000,-1.000000000,-1.000000000,-1.000000000,0,0,0,-1.000000000,none,0,0,0,-1,-1,0,-1.000000000,-1.000000000,0,0.000000000,0,0,0,0,-1,-1,-1,-1,0,-1.000000000,-1.000000000,0,-1.000000000,-1.000000000,-1.000000000,-1.000000000,-1.000000000,-1.000000000,0,1,1,1976,0,1,15470,0,250,0,1828,1828,0,0,0.605709612,1,0.605709635,0,250,20,1158
56,1341846436.622041941,2,1,0,0.025007301,0.000000143,0.017428370,0.042435814,0.385348307,0.000000000,0,0,56,0,0,0,0,0,0,0,0,0,0,0,0,-1.000000000,-1.000000000,-1.000000000,-1.000000000,0,0,0,-1.000000000,none,0,0,0,-1,-1,0,-1.000000000,-1.000000000,0,0.000000000,0,0,0,0,-1,-1,-1,-1,0,-1.000000000,-1.000000000,0,-1.000000000,-1.000000000,-1.000000000,-1.000000000,-1.000000000,-1.000000000,0,1,1,872,0,1,17588,0,304,0,758,758,0,0,0.614651680,1,0.614651693,0,304,20,1185
57,1341846436.654124975,2,1,0,0.024869859,0.000000132,0.013992718,0.038862709,0.390364583,0.000000000,0,0,57,0,0,0,0,0,0,0,0,0,0,0,0,-1.000000000,-1.000000000,-1.000000000,-1.000000000,0,0,0,-1.000000000,none,0,0,0,-1,-1,0,-1.000000000,-1.000000000,0,0.000000000,0,0,0,0,-1,-1,-1,-1,0,-1.000000000,-1.000000000,0,-1.000000000,-1.000000000,-1.000000000,-1.000000000,-1.000000000,-1.000000000,0,1,1,1147,0,1,15706,0,310,0,1064,1064,0,0,0.609635413,1,0.609635417,0,310,20,1154
58,1341846436.690078020,2,1,0,0.031778220,0.000000232,0.015467823,0.047246275,0.438059896,0.000000000,0,0,58,0,0,0,0,0,0,0,0,0,0,0,0,-1.000000000,-1.000000000,-1.000000000,-1.000000000,0,0,0,-1.000000000,none,0,0,0,-1,-1,0,-1.000000000,-1.000000000,0,0.000000000,0,0,0,0,-1,-1,-1,-1,0,-1.000000000,-1.000000000,0,-1.000000000,-1.000000000,-1.000000000,-1.000000000,-1.000000000,-1.000000000,0,1,1,1761,0,1,19262,0,316,0,1574,1574,0,0,0.561940134,1,0.561940104,0,316,20,998
59,1341846436.722014904,2,1,0,0.024673289,0.000000124,0.013618791,0.038292204,0.468850911,0.000000000,0,0,59,0,0,0,0,0,0,0,0,0,0,0,0,-1.000000000,-1.000000000,-1.000000000,-1.000000000,0,0,0,-1.000000000,none,0,0,0,-1,-1,0,-1.000000000,-1.000000000,0,0.000000000,0,0,0,0,-1,-1,-1,-1,0,-1.000000000,-1.000000000,0,-1.000000000,-1.000000000,-1.000000000,-1.000000000,-1.000000000,-1.000000000,0,1,1,2692,0,1,17321,0,263,0,2504,2504,0,0,0.531149089,1,0.531149089,0,263,20,1026
60,1341846436.754167080,2,1,0,0.034683026,0.000000129,0.013997845,0.048681000,0.458831380,0.000000000,0,0,60,0,0,0,0,0,0,0,0,0,0,0,0,-1.000000000,-1.000000000,-1.000000000,-1.000000000,0,0,0,-1.000000000,none,0,0,0,-1,-1,0,-1.000000000,-1.000000000,0,0.000000000,0,0,0,0,-1,-1,-1,-1,0,-1.000000000,-1.000000000,0,-1.000000000,-1.000000000,-1.000000000,-1.000000000,-1.000000000,-1.000000000,0,1,1,1616,0,1,15649,0,283,0,1466,1466,0,0,0.541168630,1,0.541168620,0,283,20,976
61,1341846436.790020943,2,1,0,0.033768286,0.000000224,0.020378805,0.054147315,0.481901042,0.000000000,0,0,61,0,0,0,0,0,0,0,0,0,0,0,0,-1.000000000,-1.000000000,-1.000000000,-1.000000000,0,0,0,-1.000000000,none,0,0,0,-1,-1,0,-1.000000000,-1.000000000,0,0.000000000,0,0,0,0,-1,-1,-1,-1,0,-1.000000000,-1.000000000,0,-1.000000000,-1.000000000,-1.000000000,-1.000000000,-1.000000000,-1.000000000,0,1,1,1238,0,1,19243,0,289,0,1142,1142,0,0,0.518098950,1,0.518098958,0,289,20,924
62,1341846436.822078943,2,1,0,0.028282583,0.000000143,0.015307092,0.043589818,0.509235026,0.000000000,0,0,62,0,0,0,0,0,0,0,0,0,0,0,0,-1.000000000,-1.000000000,-1.000000000,-1.000000000,0,0,0,-1.000000000,none,0,0,0,-1,-1,0,-1.000000000,-1.000000000,0,0.000000000,0,0,0,0,-1,-1,-1,-1,0,-1.000000000,-1.000000000,0,-1.000000000,-1.000000000,-1.000000000,-1.000000000,-1.000000000,-1.000000000,0,1,1,389,0,1,10146,0,233,0,348,348,0,0,0.490764976,1,0.490764974,0,233,20,940
63,1341846436.858129025,2,1,0,0.031698284,0.000000114,0.011176763,0.042875161,0.512939453,0.000000000,0,0,63,0,0,0,0,0,0,0,0,0,0,0,0,-1.000000000,-1.000000000,-1.000000000,-1.000000000,0,0,0,-1.000000000,none,0,0,0,-1,-1,0,-1.000000000,-1.000000000,0,0.000000000,0,0,0,0,-1,-1,-1,-1,0,-1.000000000,-1.000000000,0,-1.000000000,-1.000000000,-1.000000000,-1.000000000,-1.000000000,-1.000000000,0,1,1,1309,0,1,13200,0,266,0,1239,1239,0,0,0.487060547,1,0.487060547,0,266,20,929
64,1341846436.889894009,2,1,0,0.033703159,0.000000136,0.011953794,0.045657089,0.491409505,0.000000000,0,0,64,0,0,0,0,0,0,0,0,0,0,0,0,-1.000000000,-1.000000000,-1.000000000,-1.000000000,0,0,0,-1.000000000,none,0,0,0,-1,-1,0,-1.000000000,-1.000000000,0,0.000000000,0,0,0,0,-1,-1,-1,-1,0,-1.000000000,-1.000000000,0,-1.000000000,-1.000000000,-1.000000000,-1.000000000,-1.000000000,-1.000000000,0,1,1,2471,0,1,10467,0,230,0,2390,2390,0,0,0.508590519,1,0.508590495,0,230,20,980
65,1341846436.922138929,2,1,0,0.024852650,0.000000248,0.011643954,0.036496852,0.530361328,0.000000000,0,0,65,0,0,0,0,0,0,0,0,0,0,0,0,-1.000000000,-1.000000000,-1.000000000,-1.000000000,0,0,0,-1.000000000,none,0,0,0,-1,-1,0,-1.000000000,-1.000000000,0,0.000000000,0,0,0,0,-1,-1,-1,-1,0,-1.000000000,-1.000000000,0,-1.000000000,-1.000000000,-1.000000000,-1.000000000,-1.000000000,-1.000000000,0,1,1,4245,0,1,13986,0,299,0,4028,4028,0,0,0.469638675,1,0.469638672,0,299,20,935
66,1341846436.958107948,2,1,0,0.031723266,0.000000231,0.015003270,0.046726767,0.575455729,0.000000000,0,0,66,0,0,0,0,0,0,0,0,0,0,0,0,-1.000000000,-1.000000000,-1.000000000,-1.000000000,0,0,0,-1.000000000,none,0,0,0,-1,-1,0,-1.000000000,-1.000000000,0,0.000000000,0,0,0,0,-1,-1,-1,-1,0,-1.000000000,-1.000000000,0,-1.000000000,-1.000000000,-1.000000000,-1.000000000,-1.000000000,-1.000000000,0,1,1,4078,0,1,26877,0,272,0,3883,3883,0,0,0.424544275,1,0.424544271,0,272,20,813
67,1341846436.990096092,2,1,0,0.026466369,0.000000127,0.011393042,0.037859538,0.528515625,0.000000000,0,0,67,0,0,0,0,0,0,0,0,0,0,0,0,-1.000000000,-1.000000000,-1.000000000,-1.000000000,0,0,0,-1.000000000,none,0,0,0,-1,-1,0,-1.000000000,-1.000000000,0,0.000000000,0,0,0,0,-1,-1,-1,-1,0,-1.000000000,-1.000000000,0,-1.000000000,-1.000000000,-1.000000000,-1.000000000,-1.000000000,-1.000000000,0,1,1,668,0,1,8464,0,220,0,553,553,0,0,0.471484363,1,0.471484375,0,220,20,826
68,1341846437.058135986,2,1,0,0.042875776,0.000000280,0.010557191,0.053433247,0.561822917,0.000000000,0,0,68,0,0,0,0,0,0,0,0,0,0,0,0,-1.000000000,-1.000000000,-1.000000000,-1.000000000,0,0,0,-1.000000000,none,0,0,0,-1,-1,0,-1.000000000,-1.000000000,0,0.000000000,0,0,0,0,-1,-1,-1,-1,0,-1.000000000,-1.000000000,0,-1.000000000,-1.000000000,-1.000000000,-1.000000000,-1.000000000,-1.000000000,0,1,1,2498,0,1,10648,0,238,0,2429,2429,0,0,0.438177079,1,0.438177083,0,238,20,683
69,1341846437.096585035,2,1,0,0.027438626,0.000000112,0.013299141,0.040737879,0.584596354,0.000000000,0,0,69,0,0,0,0,0,0,0,0,0,0,0,0,-1.000000000,-1.000000000,-1.000000000,-1.000000000,0,0,0,-1.000000000,none,0,0,0,-1,-1,0,-1.000000000,-1.000000000,0,0.000000000,0,0,0,0,-1,-1,-1,-1,0,-1.000000000,-1.000000000,0,-1.000000000,-1.000000000,-1.000000000,-1.000000000,-1.000000000,-1.000000000,0,1,1,2509,0,1,25512,0,197,0,2269,2269,0,0,0.415403634,1,0.415403646,0,197,20,729
70,1341846437.126101971,2,1,0,0.036629069,0.000000175,0.011346906,0.047976150,0.593317057,0.000000000,0,0,70,0,0,0,0,0,0,0,0,0,0,0,0,-1.000000000,-1.000000000,-1.000000000,-1.000000000,0,0,0,-1.000000000,none,0,0,0,-1,-1,0,-1.000000000,-1.000000000,0,0.000000000,0,0,0,0,-1,-1,-1,-1,0,-1.000000000,-1.000000000,0,-1.000000000,-1.000000000,-1.000000000,-1.000000000,-1.000000000,-1.000000000,0,1,1,3935,0,1,24279,0,221,0,3684,3684,0,0,0.406682938,1,0.406682943,0,221,20,711
71,1341846437.158050060,2,1,0,0.031346348,0.000000135,0.011314882,0.042661365,0.584267578,0.000000000,0,0,71,0,0,0,0,0,0,0,0,0,0,0,0,-1.000000000,-1.000000000,-1.000000000,-1.000000000,0,0,0,-1.000000000,none,0,0,0,-1,-1,0,-1.000000000,-1.000000000,0,0.000000000,0,0,0,0,-1,-1,-1,-1,0,-1.000000000,-1.000000000,0,-1.000000000,-1.000000000,-1.000000000,-1.000000000,-1.000000000,-1.000000000,0,1,1,5306,0,1,22435,0,191,0,5067,5067,0,0,0.415732414,1,0.415732422,0,191,20,653
72,1341846437.226114035,2,1,0,0.030587718,0.000000127,0.009085000,0.039672845,0.644550781,0.000000000,0,0,72,0,0,0,0,0,0,0,0,0,0,0,0,-1.000000000,-1.000000000,-1.000000000,-1.000000000,0,0,0,-1.000000000,none,0,0,0,-1,-1,0,-1.000000000,-1.000000000,0,0.000000000,0,0,0,0,-1,-1,-1,-1,0,-1.000000000,-1.000000000,0,-1.000000000,-1.000000000,-1.000000000,-1.000000000,-1.000000000,-1.000000000,0,1,1,4167,0,1,28733,0,154,0,3897,3897,0,0,0.355449229,1,0.355449219,0,154,20,532
73,1341846437.258122921,2,1,0,0.032716708,0.000000171,0.018968026,0.051684905,0.660885417,0.000000000,0,0,73,0,0,0,0,0,0,0,0,0,0,0,0,-1.000000000,-1.000000000,-1.000000000,-1.000000000,0,0,0,-1.000000000,none,0,0,0,-1,-1,0,-1.000000000,-1.000000000,0,0.000000000,0,0,0,0,-1,-1,-1,-1,0,-1.000000000,-1.000000000,0,-1.000000000,-1.000000000,-1.000000000,-1.000000000,-1.000000000,-1.000000000,0,1,1,2220,0,1,23389,1,71,5,2066,0,2066,0,0.339114577,1,0.332389323,1,71,8,1887
74,1341846437.290095091,2,1,0,0.032129286,0.000000290,0.021375630,0.053505206,0.627744141,0.000000000,0,0,74,0,0,0,0,0,0,0,0,0,0,0,0,-1.000000000,-1.000000000,-1.000000000,-1.000000000,0,0,0,-1.000000000,none,0,0,0,-1,-1,0,-1.000000000,-1.000000000,0,0.000000000,0,0,0,0,-1,-1,-1,-1,0,-1.000000000,-1.000000000,0,-1.000000000,-1.000000000,-1.000000000,-1.000000000,-1.000000000,-1.000000000,0,1,1,11963,0,1,18304,1,190,4,11700,0,11700,0,0.372255862,1,0.334163411,1,190,9,1898
75,1341846437.326061010,2,1,0,0.034691317,0.000000140,0.016055760,0.050747217,0.595833333,0.000000000,0,0,75,0,0,0,0,0,0,0,0,0,0,0,0,-1.000000000,-1.000000000,-1.000000000,-1.000000000,0,0,0,-1.000000000,none,0,0,0,-1,-1,0,-1.000000000,-1.000000000,0,0.000000000,0,0,0,0,-1,-1,-1,-1,0,-1.000000000,-1.000000000,0,-1.000000000,-1.000000000,-1.000000000,-1.000000000,-1.000000000,-1.000000000,0,1,1,10996,0,1,15983,1,350,3,10698,0,10698,0,0.404166669,1,0.369202474,1,350,9,1722
76,1341846437.364152908,2,1,0,0.027878964,0.000000144,0.020131321,0.048010429,0.622994792,0.000000000,0,0,76,0,0,0,0,0,0,0,0,0,0,0,0,-1.000000000,-1.000000000,-1.000000000,-1.000000000,0,0,0,-1.000000000,none,0,0,0,-1,-1,0,-1.000000000,-1.000000000,0,0.000000000,0,0,0,0,-1,-1,-1,-1,0,-1.000000000,-1.000000000,0,-1.000000000,-1.000000000,-1.000000000,-1.000000000,-1.000000000,-1.000000000,0,1,1,10971,0,1,15513,1,255,2,10667,0,10667,0,0.377005219,1,0.342265625,1,255,9,1973
77,1341846437.396140099,2,1,0,0.028410058,0.000000131,0.020373610,0.048783799,0.604720052,0.000000000,0,0,77,0,0,0,0,0,0,0,0,0,0,0,0,-1.000000000,-1.000000000,-1.000000000,-1.000000000,0,0,0,-1.000000000,none,0,0,0,-1,-1,0,-1.000000000,-1.000000000,0,0.000000000,0,0,0,0,-1,-1,-1,-1,0,-1.000000000,-1.000000000,0,-1.000000000,-1.000000000,-1.000000000,-1.000000000,-1.000000000,-1.000000000,0,1,1,9498,0,1,15153,1,308,1,9263,0,9263,0,0.395279944,1,0.365120443,1,308,9,1984
78,1341846437.431962013,2,1,0,0.025188375,0.000000151,0.012311303,0.037499829,0.641884766,0.000000000,0,0,78,0,0,0,0,0,0,0,0,0,0,0,0,-1.000000000,-1.000000000,-1.000000000,-1.000000000,0,0,0,-1.000000000,none,0,0,0,-1,-1,0,-1.000000000,-1.000000000,0,0.000000000,0,0,0,0,-1,-1,-1,-1,0,-1.000000000,-1.000000000,0,-1.000000000,-1.000000000,-1.000000000,-1.000000000,-1.000000000,-1.000000000,0,1,1,8080,0,1,15666,0,296,0,7932,7932,0,0,0.358115226,1,0.358115234,0,296,20,507
79,1341846437.464061022,2,1,0,0.047335660,0.000000143,0.016239113,0.063574916,0.628925781,0.000000000,0,0,79,0,0,0,0,0,0,0,0,0,0,0,0,-1.000000000,-1.000000000,-1.000000000,-1.000000000,0,0,0,-1.000000000,none,0,0,0,-1,-1,0,-1.000000000,-1.000000000,0,0.000000000,0,0,0,0,-1,-1,-1,-1,0,-1.000000000,-1.000000000,0,-1.000000000,-1.000000000,-1.000000000,-1.000000000,-1.000000000,-1.000000000,0,1,1,3090,0,1,15273,1,143,5,2983,0,2983,0,0.371074229,1,0.361360677,1,143,9,1946
80,1341846437.500080109,2,1,0,0.042052293,0.000000209,0.017155898,0.059208400,0.640198568,0.000000000,0,0,80,0,0,0,0,0,0,0,0,0,0,0,0,-1.000000000,-1.000000000,-1.000000000,-1.000000000,0,0,0,-1.000000000,none,0,0,0,-1,-1,0,-1.000000000,-1.000000000,0,0.000000000,0,0,0,0,-1,-1,-1,-1,0,-1.000000000,-1.000000000,0,-1.000000000,-1.000000000,-1.000000000,-1.000000000,-1.000000000,-1.000000000,0,1,1,5692,0,1,12982,1,230,4,5466,0,5466,0,0.359801441,1,0.342008464,1,230,8,2004
81,1341846437.536427975,2,1,0,0.033564855,0.000000288,0.016433643,0.049998786,0.633727214,0.000000000,0,0,81,0,0,0,0,0,0,0,0,0,0,0,0,-1.000000000,-1.000000000,-1.000000000,-1.000000000,0,0,0,-1.000000000,none,0,0,0,-1,-1,0,-1.000000000,-1.000000000,0,0.000000000,0,0,0,0,-1,-1,-1,-1,0,-1.000000000,-1.000000000,0,-1.000000000,-1.000000000,-1.000000000,-1.000000000,-1.000000000,-1.000000000,0,1,1,7046,0,1,17564,1,274,3,6879,0,6879,0,0.366272777,1,0.343873698,1,274,9,1977
82,1341846437.568841934,2,1,0,0.027055938,0.000000278,0.026583636,0.053639852,0.629635417,0.000000000,0,0,82,0,0,0,0,0,0,0,0,0,0,0,0,-1.000000000,-1.000000000,-1.000000000,-1.000000000,0,0,0,-1.000000000,none,0,0,0,-1,-1,0,-1.000000000,-1.000000000,0,0.000000000,0,0,0,0,-1,-1,-1,-1,0,-1.000000000,-1.000000000,0,-1.000000000,-1.000000000,-1.000000000,-1.000000000,-1.000000000,-1.000000000,0,1,1,4089,0,1,21375,1,235,2,3879,0,3879,0,0.370364577,1,0.357731120,1,235,9,1968
83,1341846437.600735903,2,1,0,0.025557941,0.000000167,0.018981841,0.044539949,0.610823568,0.000000000,0,0,83,0,0,0,0,0,0,0,0,0,0,0,0,-1.000000000,-1.000000000,-1.000000000,-1.000000000,0,0,0,-1.000000000,none,0,0,0,-1,-1,0,-1.000000000,-1.000000000,0,0.000000000,0,0,0,0,-1,-1,-1,-1,0,-1.000000000,-1.000000000,0,-1.000000000,-1.000000000,-1.000000000,-1.000000000,-1.000000000,-1.000000000,0,1,1,10350,0,1,13010,1,336,1,10179,0,10179,0,0.389176428,1,0.356015625,1,336,9,1999
84,1341846437.632741928,2,1,0,0.038610337,0.000000157,0.012025048,0.050635542,0.608580729,0.000000000,0,0,84,0,0,0,0,0,0,0,0,0,0,0,0,-1.000000000,-1.000000000,-1.000000000,-1.000000000,0,0,0,-1.000000000,none,0,0,0,-1,-1,0,-1.000000000,-1.000000000,0,0.000000000,0,0,0,0,-1,-1,-1,-1,0,-1.000000000,-1.000000000,0,-1.000000000,-1.000000000,-1.000000000,-1.000000000,-1.000000000,-1.000000000,0,1,1,10732,0,1,8336,0,348,0,10623,10623,0,0,0.391419262,1,0.391419271,0,348,20,618
85,1341846437.669713020,2,1,0,0.031415689,0.000000177,0.012576849,0.043992715,0.592246094,0.000000000,0,0,85,0,0,0,0,0,0,0,0,0,0,0,0,-1.000000000,-1.000000000,-1.000000000,-1.000000000,0,0,0,-1.000000000,none,0,0,0,-1,-1,0,-1.000000000,-1.000000000,0,0.000000000,0,0,0,0,-1,-1,-1,-1,0,-1.000000000,-1.000000000,0,-1.000000000,-1.000000000,-1.000000000,-1.000000000,-1.000000000,-1.000000000,0,1,1,9473,0,1,6020,0,178,0,9376,9376,0,0,0.407753915,1,0.407753906,0,178,20,681
86,1341846437.700232029,2,1,0,0.039482153,0.000000222,0.011167740,0.050650115,0.641435547,0.000000000,0,0,86,0,0,0,0,0,0,0,0,0,0,0,0,-1.000000000,-1.000000000,-1.000000000,-1.000000000,0,0,0,-1.000000000,none,0,0,0,-1,-1,0,-1.000000000,-1.000000000,0,0.000000000,0,0,0,0,-1,-1,-1,-1,0,-1.000000000,-1.000000000,0,-1.000000000,-1.000000000,-1.000000000,-1.000000000,-1.000000000,-1.000000000,0,1,1,5357,0,1,14811,0,201,0,5194,5194,0,0,0.358564466,1,0.358564453,0,201,20,660
87,1341846437.739651918,2,1,0,0.025361475,0.000000110,0.018145799,0.043507384,0.643398438,0.000000000,0,0,87,0,0,0,0,0,0,0,0,0,0,0,0,-1.000000000,-1.000000000,-1.000000000,-1.000000000,0,0,0,-1.000000000,none,0,0,0,-1,-1,0,-1.000000000,-1.000000000,0,0.000000000,0,0,0,0,-1,-1,-1,-1,0,-1.000000000,-1.000000000,0,-1.000000000,-1.000000000,-1.000000000,-1.000000000,-1.000000000,-1.000000000,0,1,1,5321,0,1,16532,0,154,0,4996,4996,0,0,0.356601566,1,0.356601563,0,154,20,755
88,1341846437.795294046,2,1,0,0.030484698,0.000000139,0.019141610,0.049626447,0.634667969,0.000000000,0,0,88,0,0,0,0,0,0,0,0,0,0,0,0,-1.000000000,-1.000000000,-1.000000000,-1.000000000,0,0,0,-1.000000000,none,0,0,0,-1,-1,0,-1.000000000,-1.000000000,0,0.000000000,0,0,0,0,-1,-1,-1,-1,0,-1.000000000,-1.000000000,0,-1.000000000,-1.000000000,-1.000000000,-1.000000000,-1.000000000,-1.000000000,0,1,1,7278,0,1,10971,0,195,0,7128,7128,0,0,0.365332037,1,0.365332031,0,195,20,845
89,1341846437.830421925,2,1,0,0.030242778,0.000000195,0.011492973,0.041735946,0.608610026,0.000000000,0,0,89,0,0,0,0,0,0,0,0,0,0,0,0,-1.000000000,-1.000000000,-1.000000000,-1.000000000,0,0,0,-1.000000000,none,0,0,0,-1,-1,0,-1.000000000,-1.000000000,0,0.000000000,0,0,0,0,-1,-1,-1,-1,0,-1.000000000,-1.000000000,0,-1.000000000,-1.000000000,-1.000000000,-1.000000000,-1.000000000,-1.000000000,0,1,1,2595,0,1,7373,0,228,0,2482,2482,0,0,0.391389966,1,0.391389974,0,228,20,930
90,1341846437.863213062,2,1,0,0.033816817,0.000000147,0.013108302,0.046925266,0.584095052,0.000000000,0,0,90,0,0,0,0,0,0,0,0,0,0,0,0,-1.000000000,-1.000000000,-1.000000000,-1.000000000,0,0,0,-1.000000000,none,0,0,0,-1,-1,0,-1.000000000,-1.000000000,0,0.000000000,0,0,0,0,-1,-1,-1,-1,0,-1.000000000,-1.000000000,0,-1.000000000,-1.000000000,-1.000000000,-1.000000000,-1.000000000,-1.000000000,0,1,1,1365,0,1,8204,0,234,0,1261,1261,0,0,0.415904939,1,0.415904948,0,234,20,941
91,1341846437.930095911,2,1,0,0.029224272,0.000000175,0.014848684,0.044073131,0.547926432,0.000000000,0,0,91,0,0,0,0,0,0,0,0,0,0,0,0,-1.000000000,-1.000000000,-1.000000000,-1.000000000,0,0,0,-1.000000000,none,0,0,0,-1,-1,0,-1.000000000,-1.000000000,0,0.000000000,0,0,0,0,-1,-1,-1,-1,0,-1.000000000,-1.000000000,0,-1.000000000,-1.000000000,-1.000000000,-1.000000000,-1.000000000,-1.000000000,0,1,1,1438,0,1,6584,0,257,0,1318,1318,0,0,0.452073574,1,0.452073568,0,257,20,1106
92,1341846437.961941957,2,1,0,0.033274142,0.000000180,0.015890276,0.049164598,0.500113932,0.000000000,0,0,92,0,0,0,0,0,0,0,0,0,0,0,0,-1.000000000,-1.000000000,-1.000000000,-1.000000000,0,0,0,-1.000000000,none,0,0,0,-1,-1,0,-1.000000000,-1.000000000,0,0.000000000,0,0,0,0,-1,-1,-1,-1,0,-1.000000000,-1.000000000,0,-1.000000000,-1.000000000,-1.000000000,-1.000000000,-1.000000000,-1.000000000,0,1,1,1046,0,1,7253,0,306,0,1003,1003,0,0,0.499886066,1,0.499886068,0,306,20,1149
93,1341846437.994102955,2,1,0,0.040441486,0.000000199,0.013915269,0.054356954,0.485126953,0.000000000,0,0,93,0,0,0,0,0,0,0,0,0,0,0,0,-1.000000000,-1.000000000,-1.000000000,-1.000000000,0,0,0,-1.000000000,none,0,0,0,-1,-1,0,-1.000000000,-1.000000000,0,0.000000000,0,0,0,0,-1,-1,-1,-1,0,-1.000000000,-1.000000000,0,-1.000000000,-1.000000000,-1.000000000,-1.000000000,-1.000000000,-1.000000000,0,1,1,1281,0,1,6959,0,352,0,1206,1206,0,0,0.514873028,1,0.514873047,0,352,20,1172
94,1341846438.030031919,2,1,0,0.032507901,0.000000249,0.016706738,0.049214888,0.475305990,0.000000000,0,0,94,0,0,0,0,0,0,0,0,0,0,0,0,-1.000000000,-1.000000000,-1.000000000,-1.000000000,0,0,0,-1.000000000,none,0,0,0,-1,-1,0,-1.000000000,-1.000000000,0,0.000000000,0,0,0,0,-1,-1,-1,-1,0,-1.000000000,-1.000000000,0,-1.000000000,-1.000000000,-1.000000000,-1.000000000,-1.000000000,-1.000000000,0,1,1,1587,0,1,9437,0,355,0,1561,1561,0,0,0.524694026,1,0.524694010,0,355,20,1281
95,1341846438.068073988,2,1,0,0.031601881,0.000000137,0.014837314,0.046439332,0.486673177,0.000000000,0,0,95,0,0,0,0,0,0,0,0,0,0,0,0,-1.000000000,-1.000000000,-1.000000000,-1.000000000,0,0,0,-1.000000000,none,0,0,0,-1,-1,0,-1.000000000,-1.000000000,0,0.000000000,0,0,0,0,-1,-1,-1,-1,0,-1.000000000,-1.000000000,0,-1.000000000,-1.000000000,-1.000000000,-1.000000000,-1.000000000,-1.000000000,0,1,1,676,0,1,15876,0,395,0,658,658,0,0,0.513326824,1,0.513326823,0,395,20,1242
96,1341846438.130017042,2,1,0,0.045028486,0.000000150,0.017251389,0.062280025,0.415445964,0.000000000,0,0,96,0,0,0,0,0,0,0,0,0,0,0,0,-1.000000000,-1.000000000,-1.000000000,-1.000000000,0,0,0,-1.000000000,none,0,0,0,-1,-1,0,-1.000000000,-1.000000000,0,0.000000000,0,0,0,0,-1,-1,-1,-1,0,-1.000000000,-1.000000000,0,-1.000000000,-1.000000000,-1.000000000,-1.000000000,-1.000000000,-1.000000000,0,1,1,1172,0,1,20475,0,398,0,1131,1131,0,0,0.584554017,1,0.584554036,0,398,20,1307
97,1341846438.164374113,2,1,0,0.027340709,0.000000271,0.015024697,0.042365677,0.389339193,0.000000000,0,0,97,0,0,0,0,0,0,0,0,0,0,0,0,-1.000000000,-1.000000000,-1.000000000,-1.000000000,0,0,0,-1.000000000,none,0,0,0,-1,-1,0,-1.000000000,-1.000000000,0,0.000000000,0,0,0,0,-1,-1,-1,-1,0,-1.000000000,-1.000000000,0,-1.000000000,-1.000000000,-1.000000000,-1.000000000,-1.000000000,-1.000000000,0,1,1,2183,0,1,23187,0,416,0,2088,2088,0,0,0.610660791,1,0.610660807,0,416,20,1411
98,1341846438.198014975,2,1,0,0.033343005,0.000000136,0.016556892,0.049900033,0.271292318,0.000000000,0,0,98,0,0,0,0,0,0,0,0,0,0,0,0,-1.000000000,-1.000000000,-1.000000000,-1.000000000,0,0,0,-1.000000000,none,0,0,0,-1,-1,0,-1.000000000,-1.000000000,0,0.000000000,0,0,0,0,-1,-1,-1,-1,0,-1.000000000,-1.000000000,0,-1.000000000,-1.000000000,-1.000000000,-1.000000000,-1.000000000,-1.000000000,0,1,1,2126,0,1,15123,0,423,0,2056,2056,0,0,0.728707671,1,0.728707682,0,423,20,1452
99,1341846438.229906082,2,1,0,0.025340398,0.000000155,0.016962379,0.042302932,0.272122396,0.000000000,0,0,99,0,0,0,0,0,0,0,0,0,0,0,0,-1.000000000,-1.000000000,-1.000000000,-1.000000000,0,0,0,-1.000000000,none,0,0,0,-1,-1,0,-1.000000000,-1.000000000,0,0.000000000,0,0,0,0,-1,-1,-1,-1,0,-1.000000000,-1.000000000,0,-1.000000000,-1.000000000,-1.000000000,-1.000000000,-1.000000000,-1.000000000,0,1,1,2970,0,1,15304,0,431,0,2868,2868,0,0,0.727877617,1,0.727877604,0,431,20,1405
100,1341846438.262250900,2,1,0,0.023615667,0.000000150,0.015705817,0.039321634,0.307692057,0.000000000,0,0,100,0,0,0,0,0,0,0,0,0,0,0,0,-1.000000000,-1.000000000,-1.000000000,-1.000000000,0,0,0,-1.000000000,none,0,0,0,-1,-1,0,-1.000000000,-1.000000000,0,0.000000000,0,0,0,0,-1,-1,-1,-1,0,-1.000000000,-1.000000000,0,-1.000000000,-1.000000000,-1.000000000,-1.000000000,-1.000000000,-1.000000000,0,1,1,298,0,1,27643,0,449,0,226,226,0,0,0.692307949,1,0.692307943,0,449,20,1362
101,1341846438.298332930,2,1,0,0.027750858,0.000000148,0.017843106,0.045594112,0.288092448,0.000000000,0,0,101,0,0,0,0,0,0,0,0,0,0,0,0,-1.000000000,-1.000000000,-1.000000000,-1.000000000,0,0,0,-1.000000000,none,0,0,0,-1,-1,0,-1.000000000,-1.000000000,0,0.000000000,0,0,0,0,-1,-1,-1,-1,0,-1.000000000,-1.000000000,0,-1.000000000,-1.000000000,-1.000000000,-1.000000000,-1.000000000,-1.000000000,0,1,1,2598,0,1,23696,0,396,0,2511,2511,0,0,0.711907566,1,0.711907552,0,396,20,1552
102,1341846438.329987049,2,1,0,0.033689753,0.000000140,0.014559992,0.048249885,0.289485677,0.000000000,0,0,102,0,0,0,0,0,0,0,0,0,0,0,0,-1.000000000,-1.000000000,-1.000000000,-1.000000000,0,0,0,-1.000000000,none,0,0,0,-1,-1,0,-1.000000000,-1.000000000,0,0.000000000,0,0,0,0,-1,-1,-1,-1,0,-1.000000000,-1.000000000,0,-1.000000000,-1.000000000,-1.000000000,-1.000000000,-1.000000000,-1.000000000,0,1,1,960,0,1,31011,0,354,0,929,929,0,0,0.710514307,1,0.710514323,0,354,20,1424
103,1341846438.366126060,2,1,0,0.029786840,0.000000163,0.016281392,0.046068395,0.315146484,0.000000000,0,0,103,0,0,0,0,0,0,0,0,0,0,0,0,-1.000000000,-1.000000000,-1.000000000,-1.000000000,0,0,0,-1.000000000,none,0,0,0,-1,-1,0,-1.000000000,-1.000000000,0,0.000000000,0,0,0,0,-1,-1,-1,-1,0,-1.000000000,-1.000000000,0,-1.000000000,-1.000000000,-1.000000000,-1.000000000,-1.000000000,-1.000000000,0,1,1,1621,0,1,37250,0,416,0,1569,1569,0,0,0.684853494,1,0.684853516,0,416,20,1428
104,1341846438.398154020,2,1,0,0.032239531,0.000000149,0.020684834,0.052924514,0.291207682,0.000000000,0,0,104,0,0,0,0,0,0,0,0,0,0,0,0,-1.000000000,-1.000000000,-1.000000000,-1.000000000,0,0,0,-1.000000000,none,0,0,0,-1,-1,0,-1.000000000,-1.000000000,0,0.000000000,0,0,0,0,-1,-1,-1,-1,0,-1.000000000,-1.000000000,0,-1.000000000,-1.000000000,-1.000000000,-1.000000000,-1.000000000,-1.000000000,0,1,1,2625,0,1,30110,0,431,0,2522,2522,0,0,0.708792329,1,0.708792318,0,431,20,1595
105,1341846438.430135965,2,1,0,0.025196012,0.000000198,0.019273580,0.044469790,0.335927734,0.000000000,0,0,105,0,0,0,0,0,0,0,0,0,0,0,0,-1.000000000,-1.000000000,-1.000000000,-1.000000000,0,0,0,-1.000000000,none,0,0,0,-1,-1,0,-1.000000000,-1.000000000,0,0.000000000,0,0,0,0,-1,-1,-1,-1,0,-1.000000000,-1.000000000,0,-1.000000000,-1.000000000,-1.000000000,-1.000000000,-1.000000000,-1.000000000,0,1,1,2121,0,1,38004,0,380,0,2058,2058,0,0,0.664072275,1,0.664072266,0,380,20,1547
106,1341846438.465965033,2,1,0,0.024704268,0.000000118,0.015260387,0.039964773,0.263281250,0.000000000,0,0,106,0,0,0,0,0,0,0,0,0,0,0,0,-1.000000000,-1.000000000,-1.000000000,-1.000000000,0,0,0,-1.000000000,none,0,0,0,-1,-1,0,-1.000000000,-1.000000000,0,0.000000000,0,0,0,0,-1,-1,-1,-1,0,-1.000000000,-1.000000000,0,-1.000000000,-1.000000000,-1.000000000,-1.000000000,-1.000000000,-1.000000000,0,1,1,3915,0,1,25659,0,412,0,3778,3778,0,0,0.736718774,1,0.736718750,0,412,20,1574
107,1341846438.530106068,2,1,0,0.031770121,0.000000166,0.014622890,0.046393177,0.308505859,0.000000000,0,0,107,0,0,0,0,0,0,0,0,0,0,0,0,-1.000000000,-1.000000000,-1.000000000,-1.000000000,0,0,0,-1.000000000,none,0,0,0,-1,-1,0,-1.000000000,-1.000000000,0,0.000000000,0,0,0,0,-1,-1,-1,-1,0,-1.000000000,-1.000000000,0,-1.000000000,-1.000000000,-1.000000000,-1.000000000,-1.000000000,-1.000000000,0,1,1,6873,0,1,31581,0,454,0,6657,6657,0,0,0.691494167,1,0.691494141,0,454,20,1450
108,1341846438.566685915,2,1,0,0.025804720,0.000000219,0.015079963,0.040884902,0.297880859,0.000000000,0,0,108,0,0,0,0,0,0,0,0,0,0,0,0,-1.000000000,-1.000000000,-1.000000000,-1.000000000,0,0,0,-1.000000000,none,0,0,0,-1,-1,0,-1.000000000,-1.000000000,0,0.000000000,0,0,0,0,-1,-1,-1,-1,0,-1.000000000,-1.000000000,0,-1.000000000,-1.000000000,-1.000000000,-1.000000000,-1.000000000,-1.000000000,0,1,1,9689,0,1,26707,0,394,0,9472,9472,0,0,0.702119112,1,0.702119141,0,394,20,1467
109,1341846438.598145008,2,1,0,0.038540622,0.000000221,0.016454682,0.054995525,0.333141276,0.000000000,0,0,109,0,0,0,0,0,0,0,0,0,0,0,0,-1.000000000,-1.000000000,-1.000000000,-1.000000000,0,0,0,-1.000000000,none,0,0,0,-1,-1,0,-1.000000000,-1.000000000,0,0.000000000,0,0,0,0,-1,-1,-1,-1,0,-1.000000000,-1.000000000,0,-1.000000000,-1.000000000,-1.000000000,-1.000000000,-1.000000000,-1.000000000,0,1,1,11203,0,1,32609,0,377,0,10880,10880,0,0,0.666858733,1,0.666858724,0,377,20,1423
110,1341846438.634113073,2,1,0,0.040293370,0.000000145,0.013977906,0.054271421,0.280527344,0.000000000,0,0,110,0,0,0,0,0,0,0,0,0,0,0,0,-1.000000000,-1.000000000,-1.000000000,-1.000000000,0,0,0,-1.000000000,none,0,0,0,-1,-1,0,-1.000000000,-1.000000000,0,0.000000000,0,0,0,0,-1,-1,-1,-1,0,-1.000000000,-1.000000000,0,-1.000000000,-1.000000000,-1.000000000,-1.000000000,-1.000000000,-1.000000000,0,1,1,2357,0,1,33326,0,357,0,2196,2196,0,0,0.719472647,1,0.719472656,0,357,20,1357
111,1341846438.665920019,2,1,0,0.045861529,0.000000158,0.015150603,0.061012290,0.338352865,0.000000000,0,0,111,0,0,0,0,0,0,0,0,0,0,0,0,-1.000000000,-1.000000000,-1.000000000,-1.000000000,0,0,0,-1.000000000,none,0,0,0,-1,-1,0,-1.000000000,-1.000000000,0,0.000000000,0,0,0,0,-1,-1,-1,-1,0,-1.000000000,-1.000000000,0,-1.000000000,-1.000000000,-1.000000000,-1.000000000,-1.000000000,-1.000000000,0,1,1,5195,0,1,38185,0,305,0,4970,4970,0,0,0.661647141,1,0.661647135,0,305,20,1370
112,1341846438.697985888,2,1,0,0.038970013,0.000000242,0.013825309,0.052795564,0.346982422,0.000000000,0,0,112,0,0,0,0,0,0,0,0,0,0,0,0,-1.000000000,-1.000000000,-1.000000000,-1.000000000,0,0,0,-1.000000000,none,0,0,0,-1,-1,0,-1.000000000,-1.000000000,0,0.000000000,0,0,0,0,-1,-1,-1,-1,0,-1.000000000,-1.000000000,0,-1.000000000,-1.000000000,-1.000000000,-1.000000000,-1.000000000,-1.000000000,0,1,1,9271,0,1,36924,0,388,0,9064,9064,0,0,0.653017581,1,0.653017578,0,388,20,1056
113,1341846438.734146118,2,1,0,0.045018942,0.000000185,0.015765889,0.060785016,0.337884115,0.000000000,0,0,113,0,0,0,0,0,0,0,0,0,0,0,0,-1.000000000,-1.000000000,-1.000000000,-1.000000000,0,0,0,-1.000000000,none,0,0,0,-1,-1,0,-1.000000000,-1.000000000,0,0.000000000,0,0,0,0,-1,-1,-1,-1,0,-1.000000000,-1.000000000,0,-1.000000000,-1.000000000,-1.000000000,-1.000000000,-1.000000000,-1.000000000,0,1,1,5740,0,1,40298,0,328,0,5415,5415,0,0,0.662115872,1,0.662115885,0,328,20,1323
114,1341846438.766995907,2,1,0,0.031984095,0.000000208,0.028776239,0.060760542,0.378606771,0.000000000,0,0,114,0,0,0,0,0,0,0,0,0,0,0,0,-1.000000000,-1.000000000,-1.000000000,-1.000000000,0,0,0,-1.000000000,none,0,0,0,-1,-1,0,-1.000000000,-1.000000000,0,0.000000000,0,0,0,0,-1,-1,-1,-1,0,-1.000000000,-1.000000000,0,-1.000000000,-1.000000000,-1.000000000,-1.000000000,-1.000000000,-1.000000000,0,1,1,4123,0,1,45705,0,446,0,3934,3934,0,0,0.621393204,1,0.621393229,0,446,20,1279
115,1341846438.801971912,2,1,0,0.031860628,0.000000218,0.015126359,0.046987205,0.349554036,0.000000000,0,0,115,0,0,0,0,0,0,0,0,0,0,0,0,-1.000000000,-1.000000000,-1.000000000,-1.000000000,0,0,0,-1.000000000,none,0,0,0,-1,-1,0,-1.000000000,-1.000000000,0,0.000000000,0,0,0,0,-1,-1,-1,-1,0,-1.000000000,-1.000000000,0,-1.000000000,-1.000000000,-1.000000000,-1.000000000,-1.000000000,-1.000000000,0,1,1,2182,0,1,35233,0,305,0,2002,2002,0,0,0.650445938,1,0.650445964,0,305,20,1529
116,1341846438.834117889,2,1,0,0.036539933,0.000000160,0.017478411,0.054018504,0.320589193,0.000000000,0,0,116,0,0,0,0,0,0,0,0,0,0,0,0,-1.000000000,-1.000000000,-1.000000000,-1.000000000,0,0,0,-1.000000000,none,0,0,0,-1,-1,0,-1.000000000,-1.000000000,0,0.000000000,0,0,0,0,-1,-1,-1,-1,0,-1.000000000,-1.000000000,0,-1.000000000,-1.000000000,-1.000000000,-1.000000000,-1.000000000,-1.000000000,0,1,1,1930,0,1,29000,0,452,0,1705,1705,0,0,0.679410815,1,0.679410807,0,452,20,1477
117,1341846438.865936041,2,1,0,0.031532349,0.000000224,0.018363866,0.049896439,0.312011719,0.000000000,0,0,117,0,0,0,0,0,0,0,0,0,0,0,0,-1.000000000,-1.000000000,-1.000000000,-1.000000000,0,0,0,-1.000000000,none,0,0,0,-1,-1,0,-1.000000000,-1.000000000,0,0.000000000,0,0,0,0,-1,-1,-1,-1,0,-1.000000000,-1.000000000,0,-1.000000000,-1.000000000,-1.000000000,-1.000000000,-1.000000000,-1.000000000,0,1,1,4053,0,1,30005,0,477,0,3903,3903,0,0,0.687988281,1,0.687988281,0,477,20,1499
118,1341846438.902045012,2,1,0,0.029291117,0.000000148,0.016222699,0.045513964,0.304355469,0.000000000,0,0,118,0,0,0,0,0,0,0,0,0,0,0,0,-1.000000000,-1.000000000,-1.000000000,-1.000000000,0,0,0,-1.000000000,none,0,0,0,-1,-1,0,-1.000000000,-1.000000000,0,0.000000000,0,0,0,0,-1,-1,-1,-1,0,-1.000000000,-1.000000000,0,-1.000000000,-1.000000000,-1.000000000,-1.000000000,-1.000000000,-1.000000000,0,1,1,556,0,1,36077,0,481,0,471,471,0,0,0.695644557,1,0.695644531,0,481,20,1518
119,1341846438.934114933,2,1,0,0.027245722,0.000000330,0.018654552,0.045900604,0.240338542,0.000000000,0,0,119,0,0,0,0,0,0,0,0,0,0,0,0,-1.000000000,-1.000000000,-1.000000000,-1.000000000,0,0,0,-1.000000000,none,0,0,0,-1,-1,0,-1.000000000,-1.000000000,0,0.000000000,0,0,0,0,-1,-1,-1,-1,0,-1.000000000,-1.000000000,0,-1.000000000,-1.000000000,-1.000000000,-1.000000000,-1.000000000,-1.000000000,0,1,1,837,0,1,27460,0,467,0,744,744,0,0,0.759661436,1,0.759661458,0,467,20,1699
120,1341846438.966314077,2,1,0,0.031605769,0.000000155,0.018559635,0.050165559,0.182757161,0.000000000,0,0,120,0,0,0,0,0,0,0,0,0,0,0,0,-1.000000000,-1.000000000,-1.000000000,-1.000000000,0,0,0,-1.000000000,none,0,0,0,-1,-1,0,-1.000000000,-1.000000000,0,0.000000000,0,0,0,0,-1,-1,-1,-1,0,-1.000000000,-1.000000000,0,-1.000000000,-1.000000000,-1.000000000,-1.000000000,-1.000000000,-1.000000000,0,1,1,2919,0,1,19395,0,520,0,2754,2754,0,0,0.817242861,1,0.817242839,0,520,20,1656
121,1341846439.001871109,2,1,0,0.026940684,0.000000126,0.015839730,0.042780540,0.246572266,0.000000000,0,0,121,0,0,0,0,0,0,0,0,0,0,0,0,-1.000000000,-1.000000000,-1.000000000,-1.000000000,0,0,0,-1.000000000,none,0,0,0,-1,-1,0,-1.000000000,-1.000000000,0,0.000000000,0,0,0,0,-1,-1,-1,-1,0,-1.000000000,-1.000000000,0,-1.000000000,-1.000000000,-1.000000000,-1.000000000,-1.000000000,-1.000000000,0,1,1,2320,0,1,32530,0,521,0,2138,2138,0,0,0.753427744,1,0.753427734,0,521,20,1677
122,1341846439.034611940,2,1,0,0.032018666,0.000000139,0.016414033,0.048432838,0.222926432,0.000000000,0,0,122,0,0,0,0,0,0,0,0,0,0,0,0,-1.000000000,-1.000000000,-1.000000000,-1.000000000,0,0,0,-1.000000000,none,0,0,0,-1,-1,0,-1.000000000,-1.000000000,0,0.000000000,0,0,0,0,-1,-1,-1,-1,0,-1.000000000,-1.000000000,0,-1.000000000,-1.000000000,-1.000000000,-1.000000000,-1.000000000,-1.000000000,0,1,1,922,0,1,30673,0,511,0,824,824,0,0,0.777073562,1,0.777073568,0,511,20,1709
123,1341846439.070116997,2,1,0,0.036991309,0.000000134,0.018857175,0.055848618,0.242900391,0.000000000,0,0,123,0,0,0,0,0,0,0,0,0,0,0,0,-1.000000000,-1.000000000,-1.000000000,-1.000000000,0,0,0,-1.000000000,none,0,0,0,-1,-1,0,-1.000000000,-1.000000000,0,0.000000000,0,0,0,0,-1,-1,-1,-1,0,-1.000000000,-1.000000000,0,-1.000000000,-1.000000000,-1.000000000,-1.000000000,-1.000000000,-1.000000000,0,1,1,2017,0,1,31048,0,517,0,1905,1905,0,0,0.757099628,1,0.757099609,0,517,20,1784
124,1341846439.101969004,2,1,0,0.028826314,0.000000243,0.017658377,0.046484934,0.241266276,0.000000000,0,0,124,0,0,0,0,0,0,0,0,0,0,0,0,-1.000000000,-1.000000000,-1.000000000,-1.000000000,0,0,0,-1.000000000,none,0,0,0,-1,-1,0,-1.000000000,-1.000000000,0,0.000000000,0,0,0,0,-1,-1,-1,-1,0,-1.000000000,-1.000000000,0,-1.000000000,-1.000000000,-1.000000000,-1.000000000,-1.000000000,-1.000000000,0,1,1,1599,0,1,34011,0,503,0,1509,1509,0,0,0.758733749,1,0.758733724,0,503,20,1870
125,1341846439.134145975,2,1,0,0.028782091,0.000000168,0.017421793,0.046204052,0.236712240,0.000000000,0,0,125,0,0,0,0,0,0,0,0,0,0,0,0,-1.000000000,-1.000000000,-1.000000000,-1.000000000,0,0,0,-1.000000000,none,0,0,0,-1,-1,0,-1.000000000,-1.000000000,0,0.000000000,0,0,0,0,-1,-1,-1,-1,0,-1.000000000,-1.000000000,0,-1.000000000,-1.000000000,-1.000000000,-1.000000000,-1.000000000,-1.000000000,0,1,1,815,0,1,32571,0,481,0,764,764,0,0,0.763287783,1,0.763287760,0,481,20,1893
126,1341846439.170110941,2,1,0,0.032209792,0.000000202,0.017654206,0.049864200,0.201155599,0.000000000,0,0,126,0,0,0,0,0,0,0,0,0,0,0,0,-1.000000000,-1.000000000,-1.000000000,-1.000000000,0,0,0,-1.000000000,none,0,0,0,-1,-1,0,-1.000000000,-1.000000000,0,0.000000000,0,0,0,0,-1,-1,-1,-1,0,-1.000000000,-1.000000000,0,-1.000000000,-1.000000000,-1.000000000,-1.000000000,-1.000000000,-1.000000000,0,1,1,310,0,1,26534,0,489,0,247,247,0,0,0.798844397,1,0.798844401,0,489,20,1891
127,1341846439.202173948,2,1,0,0.027421156,0.000000340,0.015884614,0.043306110,0.231754557,0.000000000,0,0,127,0,0,0,0,0,0,0,0,0,0,0,0,-1.000000000,-1.000000000,-1.000000000,-1.000000000,0,0,0,-1.000000000,none,0,0,0,-1,-1,0,-1.000000000,-1.000000000,0,0.000000000,0,0,0,0,-1,-1,-1,-1,0,-1.000000000,-1.000000000,0,-1.000000000,-1.000000000,-1.000000000,-1.000000000,-1.000000000,-1.000000000,0,1,1,351,0,1,30013,0,462,0,331,331,0,0,0.768245459,1,0.768245443,0,462,20,1891
128,1341846439.234198093,2,1,0,0.028018537,0.000000166,0.018438446,0.046457149,0.207483724,0.000000000,0,0,128,0,0,0,0,0,0,0,0,0,0,0,0,-1.000000000,-1.000000000,-1.000000000,-1.000000000,0,0,0,-1.000000000,none,0,0,0,-1,-1,0,-1.000000000,-1.000000000,0,0.000000000,0,0,0,0,-1,-1,-1,-1,0,-1.000000000,-1.000000000,0,-1.000000000,-1.000000000,-1.000000000,-1.000000000,-1.000000000,-1.000000000,0,1,1,954,0,1,29834,0,493,0,896,896,0,0,0.792516291,1,0.792516276,0,493,20,1924
129,1341846439.269869089,2,1,0,0.036139172,0.000000054,0.016774799,0.052914025,0.202724609,0.000000000,0,0,129,0,0,0,0,0,0,0,0,0,0,0,0,-1.000000000,-1.000000000,-1.000000000,-1.000000000,0,0,0,-1.000000000,none,0,0,0,-1,-1,0,-1.000000000,-1.000000000,0,0.000000000,0,0,0,0,-1,-1,-1,-1,0,-1.000000000,-1.000000000,0,-1.000000000,-1.000000000,-1.000000000,-1.000000000,-1.000000000,-1.000000000,0,1,1,949,0,1,27782,0,481,0,880,880,0,0,0.797275364,1,0.797275391,0,481,20,1897
130,1341846439.302021980,2,1,0,0.027479588,0.000000239,0.018048394,0.045528221,0.182141927,0.000000000,0,0,130,0,0,0,0,0,0,0,0,0,0,0,0,-1.000000000,-1.000000000,-1.000000000,-1.000000000,0,0,0,-1.000000000,none,0,0,0,-1,-1,0,-1.000000000,-1.000000000,0,0.000000000,0,0,0,0,-1,-1,-1,-1,0,-1.000000000,-1.000000000,0,-1.000000000,-1.000000000,-1.000000000,-1.000000000,-1.000000000,-1.000000000,0,1,1,0,0,1,27066,0,474,0,0,0,0,0,0.817858100,1,0.817858073,0,474,20,1937
131,1341846439.338208914,2,1,0,0.034272511,0.000000247,0.019210375,0.053483133,0.241054688,0.000000000,0,0,131,0,0,0,0,0,0,0,0,0,0,0,0,-1.000000000,-1.000000000,-1.000000000,-1.000000000,0,0,0,-1.000000000,none,0,0,0,-1,-1,0,-1.000000000,-1.000000000,0,0.000000000,0,0,0,0,-1,-1,-1,-1,0,-1.000000000,-1.000000000,0,-1.000000000,-1.000000000,-1.000000000,-1.000000000,-1.000000000,-1.000000000,0,1,1,294,0,1,31238,0,491,0,269,269,0,0,0.758945286,1,0.758945312,0,491,20,1802
132,1341846439.369920015,2,1,0,0.028704460,0.000000063,0.019095281,0.047799804,0.156608073,0.000000000,0,0,132,0,0,0,0,0,0,0,0,0,0,0,0,-1.000000000,-1.000000000,-1.000000000,-1.000000000,0,0,0,-1.000000000,none,0,0,0,-1,-1,0,-1.000000000,-1.000000000,0,0.000000000,0,0,0,0,-1,-1,-1,-1,0,-1.000000000,-1.000000000,0,-1.000000000,-1.000000000,-1.000000000,-1.000000000,-1.000000000,-1.000000000,0,1,1,0,0,1,28765,0,504,0,0,0,0,0,0.843391955,1,0.843391927,0,504,20,1950
133,1341846439.402179003,2,1,0,0.031360379,0.000000147,0.018070582,0.049431108,0.238925781,0.000000000,0,0,133,0,0,0,0,0,0,0,0,0,0,0,0,-1.000000000,-1.000000000,-1.000000000,-1.000000000,0,0,0,-1.000000000,none,0,0,0,-1,-1,0,-1.000000000,-1.000000000,0,0.000000000,0,0,0,0,-1,-1,-1,-1,0,-1.000000000,-1.000000000,0,-1.000000000,-1.000000000,-1.000000000,-1.000000000,-1.000000000,-1.000000000,0,1,1,0,0,1,29704,0,503,0,0,0,0,0,0.761074245,1,0.761074219,0,503,20,1627
134,1341846439.437978983,2,1,0,0.024627921,0.000000288,0.016488124,0.041116333,0.171975911,0.000000000,0,0,134,0,0,0,0,0,0,0,0,0,0,0,0,-1.000000000,-1.000000000,-1.000000000,-1.000000000,0,0,0,-1.000000000,none,0,0,0,-1,-1,0,-1.000000000,-1.000000000,0,0.000000000,0,0,0,0,-1,-1,-1,-1,0,-1.000000000,-1.000000000,0,-1.000000000,-1.000000000,-1.000000000,-1.000000000,-1.000000000,-1.000000000,0,1,1,0,0,1,25089,0,432,0,0,0,0,0,0.828024089,1,0.828024089,0,432,20,1883
135,1341846439.470000982,2,1,0,0.031466196,0.000000164,0.017173459,0.048639819,0.121933594,0.000000000,0,0,135,0,0,0,0,0,0,0,0,0,0,0,0,-1.000000000,-1.000000000,-1.000000000,-1.000000000,0,0,0,-1.000000000,none,0,0,0,-1,-1,0,-1.000000000,-1.000000000,0,0.000000000,0,0,0,0,-1,-1,-1,-1,0,-1.000000000,-1.000000000,0,-1.000000000,-1.000000000,-1.000000000,-1.000000000,-1.000000000,-1.000000000,0,1,1,0,0,1,22599,0,493,0,0,0,0,0,0.878066421,1,0.878066406,0,493,20,1985
136,1341846439.502100945,2,1,0,0.033538329,0.000000262,0.018170177,0.051708768,0.135224609,0.000000000,0,0,136,0,0,0,0,0,0,0,0,0,0,0,0,-1.000000000,-1.000000000,-1.000000000,-1.000000000,0,0,0,-1.000000000,none,0,0,0,-1,-1,0,-1.000000000,-1.000000000,0,0.000000000,0,0,0,0,-1,-1,-1,-1,0,-1.000000000,-1.000000000,0,-1.000000000,-1.000000000,-1.000000000,-1.000000000,-1.000000000,-1.000000000,0,1,1,0,0,1,25060,0,520,0,0,0,0,0,0.864775419,1,0.864775391,0,520,20,1993
137,1341846439.538101912,2,1,0,0.031596918,0.000000242,0.020099841,0.051697001,0.185419922,0.000000000,0,0,137,0,0,0,0,0,0,0,0,0,0,0,0,-1.000000000,-1.000000000,-1.000000000,-1.000000000,0,0,0,-1.000000000,none,0,0,0,-1,-1,0,-1.000000000,-1.000000000,0,0.000000000,0,0,0,0,-1,-1,-1,-1,0,-1.000000000,-1.000000000,0,-1.000000000,-1.000000000,-1.000000000,-1.000000000,-1.000000000,-1.000000000,0,1,1,0,0,1,26808,0,517,0,0,0,0,0,0.814580083,1,0.814580078,0,517,20,1889
138,1341846439.570086956,2,1,0,0.037940402,0.000000138,0.019771319,0.057711859,0.158427734,0.000000000,0,0,138,0,0,0,0,0,0,0,0,0,0,0,0,-1.000000000,-1.000000000,-1.000000000,-1.000000000,0,0,0,-1.000000000,none,0,0,0,-1,-1,0,-1.000000000,-1.000000000,0,0.000000000,0,0,0,0,-1,-1,-1,-1,0,-1.000000000,-1.000000000,0,-1.000000000,-1.000000000,-1.000000000,-1.000000000,-1.000000000,-1.000000000,0,1,1,0,0,1,25117,0,479,0,0,0,0,0,0.841572285,1,0.841572266,0,479,20,1968
139,1341846439.605986118,2,1,0,0.031700853,0.000000152,0.018463664,0.050164669,0.132718099,0.000000000,0,0,139,0,0,0,0,0,0,0,0,0,0,0,0,-1.000000000,-1.000000000,-1.000000000,-1.000000000,0,0,0,-1.000000000,none,0,0,0,-1,-1,0,-1.000000000,-1.000000000,0,0.000000000,0,0,0,0,-1,-1,-1,-1,0,-1.000000000,-1.000000000,0,-1.000000000,-1.000000000,-1.000000000,-1.000000000,-1.000000000,-1.000000000,0,1,1,2224,0,1,22845,0,515,0,2224,2224,0,0,0.867281914,1,0.867281901,0,515,20,1954
140,1341846439.638200998,2,1,0,0.031211089,0.000000189,0.019769364,0.050980642,0.135003255,0.000000000,0,0,140,0,0,0,0,0,0,0,0,0,0,0,0,-1.000000000,-1.000000000,-1.000000000,-1.000000000,0,0,0,-1.000000000,none,0,0,0,-1,-1,0,-1.000000000,-1.000000000,0,0.000000000,0,0,0,0,-1,-1,-1,-1,0,-1.000000000,-1.000000000,0,-1.000000000,-1.000000000,-1.000000000,-1.000000000,-1.000000000,-1.000000000,0,1,1,673,0,1,21891,0,503,0,625,625,0,0,0.864996731,1,0.864996745,0,503,20,1987
141,1341846439.670176983,2,1,0,0.029029089,0.000000271,0.018800234,0.047829594,0.120319010,0.000000000,0,0,141,0,0,0,0,0,0,0,0,0,0,0,0,-1.000000000,-1.000000000,-1.000000000,-1.000000000,0,0,0,-1.000000000,none,0,0,0,-1,-1,0,-1.000000000,-1.000000000,0,0.000000000,0,0,0,0,-1,-1,-1,-1,0,-1.000000000,-1.000000000,0,-1.000000000,-1.000000000,-1.000000000,-1.000000000,-1.000000000,-1.000000000,0,1,1,586,0,1,19716,0,498,0,558,558,0,0,0.879680991,1,0.879680990,0,498,20,1996
142,1341846439.706033945,2,1,0,0.036936705,0.000000156,0.018238321,0.055175182,0.112731120,0.000000000,0,0,142,0,0,0,0,0,0,0,0,0,0,0,0,-1.000000000,-1.000000000,-1.000000000,-1.000000000,0,0,0,-1.000000000,none,0,0,0,-1,-1,0,-1.000000000,-1.000000000,0,0.000000000,0,0,0,0,-1,-1,-1,-1,0,-1.000000000,-1.000000000,0,-1.000000000,-1.000000000,-1.000000000,-1.000000000,-1.000000000,-1.000000000,0,1,1,0,0,1,22707,0,501,0,0,0,0,0,0.887268901,1,0.887268880,0,501,20,1996
143,1341846439.737938881,2,1,0,0.025441821,0.000000147,0.018552331,0.043994299,0.143763021,0.000000000,0,0,143,0,0,0,0,0,0,0,0,0,0,0,0,-1.000000000,-1.000000000,-1.000000000,-1.000000000,0,0,0,-1.000000000,none,0,0,0,-1,-1,0,-1.000000000,-1.000000000,0,0.000000000,0,0,0,0,-1,-1,-1,-1,0,-1.000000000,-1.000000000,0,-1.000000000,-1.000000000,-1.000000000,-1.000000000,-1.000000000,-1.000000000,0,1,1,1294,0,1,21198,0,523,0,1213,1213,0,0,0.856236994,1,0.856236979,0,523,20,1975
144,1341846439.774173021,2,1,0,0.034529461,0.000000222,0.018514639,0.053044322,0.157213542,0.000000000,0,0,144,0,0,0,0,0,0,0,0,0,0,0,0,-1.000000000,-1.000000000,-1.000000000,-1.000000000,0,0,0,-1.000000000,none,0,0,0,-1,-1,0,-1.000000000,-1.000000000,0,0.000000000,0,0,0,0,-1,-1,-1,-1,0,-1.000000000,-1.000000000,0,-1.000000000,-1.000000000,-1.000000000,-1.000000000,-1.000000000,-1.000000000,0,1,1,232,0,1,28520,0,496,0,209,209,0,0,0.842786431,1,0.842786458,0,496,20,1960
145,1341846439.806288004,2,1,0,0.028022247,0.000000121,0.017275162,0.045297530,0.130276693,0.000000000,0,0,145,0,0,0,0,0,0,0,0,0,0,0,0,-1.000000000,-1.000000000,-1.000000000,-1.000000000,0,0,0,-1.000000000,none,0,0,0,-1,-1,0,-1.000000000,-1.000000000,0,0.000000000,0,0,0,0,-1,-1,-1,-1,0,-1.000000000,-1.000000000,0,-1.000000000,-1.000000000,-1.000000000,-1.000000000,-1.000000000,-1.000000000,0,1,1,255,0,1,24083,0,453,0,225,225,0,0,0.869723320,1,0.869723307,0,453,20,1987
146,1341846439.846398115,2,1,0,0.023629966,0.000000139,0.020318830,0.043948935,0.162734375,0.000000000,0,0,146,0,0,0,0,0,0,0,0,0,0,0,0,-1.000000000,-1.000000000,-1.000000000,-1.000000000,0,0,0,-1.000000000,none,0,0,0,-1,-1,0,-1.000000000,-1.000000000,0,0.000000000,0,0,0,0,-1,-1,-1,-1,0,-1.000000000,-1.000000000,0,-1.000000000,-1.000000000,-1.000000000,-1.000000000,-1.000000000,-1.000000000,0,1,1,263,0,1,29617,0,468,0,243,243,0,0,0.837265611,1,0.837265625,0,468,20,1941
147,1341846439.906193972,2,1,0,0.046830537,0.000000131,0.018449811,0.065280479,0.123860677,0.000000000,0,0,147,0,0,0,0,0,0,0,0,0,0,0,0,-1.000000000,-1.000000000,-1.000000000,-1.000000000,0,0,0,-1.000000000,none,0,0,0,-1,-1,0,-1.000000000,-1.000000000,0,0.000000000,0,0,0,0,-1,-1,-1,-1,0,-1.000000000,-1.000000000,0,-1.000000000,-1.000000000,-1.000000000,-1.000000000,-1.000000000,-1.000000000,0,1,1,0,0,1,25060,0,461,0,0,0,0,0,0.876139343,1,0.876139323,0,461,20,1987
148,1341846439.938148975,2,1,0,0.031333582,0.000000124,0.018864087,0.050197793,0.133245443,0.000000000,0,0,148,0,0,0,0,0,0,0,0,0,0,0,0,-1.000000000,-1.000000000,-1.000000000,-1.000000000,0,0,0,-1.000000000,none,0,0,0,-1,-1,0,-1.000000000,-1.000000000,0,0.000000000,0,0,0,0,-1,-1,-1,-1,0,-1.000000000,-1.000000000,0,-1.000000000,-1.000000000,-1.000000000,-1.000000000,-1.000000000,-1.000000000,0,1,1,0,0,1,27409,0,448,0,0,0,0,0,0.866754532,1,0.866754557,0,448,20,2002
149,1341846439.974174023,2,1,0,0.027752985,0.000000156,0.020443755,0.048196896,0.232994792,0.000000000,0,0,149,0,0,0,0,0,0,0,0,0,0,0,0,-1.000000000,-1.000000000,-1.000000000,-1.000000000,0,0,0,-1.000000000,none,0,0,0,-1,-1,0,-1.000000000,-1.000000000,0,0.000000000,0,0,0,0,-1,-1,-1,-1,0,-1.000000000,-1.000000000,0,-1.000000000,-1.000000000,-1.000000000,-1.000000000,-1.000000000,-1.000000000,0,1,1,0,0,1,38346,0,450,0,0,0,0,0,0.767005205,1,0.767005208,0,450,20,1658
150,1341846440.006174088,2,1,0,0.029413420,0.000000174,0.020909433,0.050323027,0.144296875,0.000000000,0,0,150,0,0,0,0,0,0,0,0,0,0,0,0,-1.000000000,-1.000000000,-1.000000000,-1.000000000,0,0,0,-1.000000000,none,0,0,0,-1,-1,0,-1.000000000,-1.000000000,0,0.000000000,0,0,0,0,-1,-1,-1,-1,0,-1.000000000,-1.000000000,0,-1.000000000,-1.000000000,-1.000000000,-1.000000000,-1.000000000,-1.000000000,0,1,1,0,0,1,27865,0,301,0,0,0,0,0,0.855703115,1,0.855703125,0,301,20,1890
151,1341846440.042213917,2,1,0,0.032991097,0.000000271,0.037040547,0.070031915,0.238255208,0.000000000,0,0,151,0,0,0,0,0,0,0,0,0,0,0,0,-1.000000000,-1.000000000,-1.000000000,-1.000000000,0,0,0,-1.000000000,none,0,0,0,-1,-1,0,-1.000000000,-1.000000000,0,0.000000000,0,0,0,0,-1,-1,-1,-1,0,-1.000000000,-1.000000000,0,-1.000000000,-1.000000000,-1.000000000,-1.000000000,-1.000000000,-1.000000000,0,1,1,417,0,1,21822,0,433,0,375,375,0,0,0.761744797,1,0.761744792,0,433,20,1607
152,1341846440.073971033,2,1,0,0.028857789,0.000000248,0.019917034,0.048775071,0.147753906,0.000000000,0,0,152,0,0,0,0,0,0,0,0,0,0,0,0,-1.000000000,-1.000000000,-1.000000000,-1.000000000,0,0,0,-1.000000000,none,0,0,0,-1,-1,0,-1.000000000,-1.000000000,0,0.000000000,0,0,0,0,-1,-1,-1,-1,0,-1.000000000,-1.000000000,0,-1.000000000,-1.000000000,-1.000000000,-1.000000000,-1.000000000,-1.000000000,0,1,1,137,0,1,15802,0,386,0,113,113,0,0,0.852246106,1,0.852246094,0,386,20,1882
153,1341846440.106448889,2,1,0,0.029725612,0.000000209,0.018866498,0.048592319,0.223326823,0.000000000,0,0,153,0,0,0,0,0,0,0,0,0,0,0,0,-1.000000000,-1.000000000,-1.000000000,-1.000000000,0,0,0,-1.000000000,none,0,0,0,-1,-1,0,-1.000000000,-1.000000000,0,0.000000000,0,0,0,0,-1,-1,-1,-1,0,-1.000000000,-1.000000000,0,-1.000000000,-1.000000000,-1.000000000,-1.000000000,-1.000000000,-1.000000000,0,1,1,642,0,1,26334,0,466,0,616,616,0,0,0.776673198,1,0.776673177,0,466,20,1819
154,1341846440.142076015,2,1,0,0.028865190,0.000000216,0.016199964,0.045065370,0.265354818,0.000000000,0,0,154,0,0,0,0,0,0,0,0,0,0,0,0,-1.000000000,-1.000000000,-1.000000000,-1.000000000,0,0,0,-1.000000000,none,0,0,0,-1,-1,0,-1.000000000,-1.000000000,0,0.000000000,0,0,0,0,-1,-1,-1,-1,0,-1.000000000,-1.000000000,0,-1.000000000,-1.000000000,-1.000000000,-1.000000000,-1.000000000,-1.000000000,0,1,1,825,0,1,36699,0,419,0,805,805,0,0,0.734645188,1,0.734645182,0,419,20,1739
155,1341846440.173897982,2,1,0,0.032547675,0.000000222,0.016656098,0.049203995,0.223919271,0.000000000,0,0,155,0,0,0,0,0,0,0,0,0,0,0,0,-1.000000000,-1.000000000,-1.000000000,-1.000000000,0,0,0,-1.000000000,none,0,0,0,-1,-1,0,-1.000000000,-1.000000000,0,0.000000000,0,0,0,0,-1,-1,-1,-1,0,-1.000000000,-1.000000000,0,-1.000000000,-1.000000000,-1.000000000,-1.000000000,-1.000000000,-1.000000000,0,1,1,375,0,1,30950,0,410,0,345,345,0,0,0.776080728,1,0.776080729,0,410,20,1851
156,1341846440.206048012,2,1,0,0.039763636,0.000000129,0.017198575,0.056962340,0.223160807,0.000000000,0,0,156,0,0,0,0,0,0,0,0,0,0,0,0,-1.000000000,-1.000000000,-1.000000000,-1.000000000,0,0,0,-1.000000000,none,0,0,0,-1,-1,0,-1.000000000,-1.000000000,0,0.000000000,0,0,0,0,-1,-1,-1,-1,0,-1.000000000,-1.000000000,0,-1.000000000,-1.000000000,-1.000000000,-1.000000000,-1.000000000,-1.000000000,0,1,1,240,0,1,17252,0,411,0,200,200,0,0,0.776839197,1,0.776839193,0,411,20,1776
157,1341846440.242218018,2,1,0,0.028153289,0.000000232,0.017164565,0.045318086,0.211660156,0.000000000,0,0,157,0,0,0,0,0,0,0,0,0,0,0,0,-1.000000000,-1.000000000,-1.000000000,-1.000000000,0,0,0,-1.000000000,none,0,0,0,-1,-1,0,-1.000000000,-1.000000000,0,0.000000000,0,0,0,0,-1,-1,-1,-1,0,-1.000000000,-1.000000000,0,-1.000000000,-1.000000000,-1.000000000,-1.000000000,-1.000000000,-1.000000000,0,1,1,259,0,1,16153,0,396,0,233,233,0,0,0.788339853,1,0.788339844,0,396,20,1770
158,1341846440.274219990,2,1,0,0.032790474,0.000000117,0.018467752,0.051258343,0.224003906,0.000000000,0,0,158,0,0,0,0,0,0,0,0,0,0,0,0,-1.000000000,-1.000000000,-1.000000000,-1.000000000,0,0,0,-1.000000000,none,0,0,0,-1,-1,0,-1.000000000,-1.000000000,0,0.000000000,0,0,0,0,-1,-1,-1,-1,0,-1.000000000,-1.000000000,0,-1.000000000,-1.000000000,-1.000000000,-1.000000000,-1.000000000,-1.000000000,0,1,1,886,0,1,28111,0,359,0,843,843,0,0,0.775996089,1,0.775996094,0,359,20,1800
159,1341846440.310039997,2,1,0,0.031869735,0.000000202,0.017361038,0.049230975,0.260426432,0.000000000,0,0,159,0,0,0,0,0,0,0,0,0,0,0,0,-1.000000000,-1.000000000,-1.000000000,-1.000000000,0,0,0,-1.000000000,none,0,0,0,-1,-1,0,-1.000000000,-1.000000000,0,0.000000000,0,0,0,0,-1,-1,-1,-1,0,-1.000000000,-1.000000000,0,-1.000000000,-1.000000000,-1.000000000,-1.000000000,-1.000000000,-1.000000000,0,1,1,670,0,1,30143,0,388,0,539,539,0,0,0.739573538,1,0.739573568,0,388,20,1737
160,1341846440.341907978,2,1,0,0.033145273,0.000000156,0.016858872,0.050004301,0.194886068,0.000000000,0,0,160,0,0,0,0,0,0,0,0,0,0,0,0,-1.000000000,-1.000000000,-1.000000000,-1.000000000,0,0,0,-1.000000000,none,0,0,0,-1,-1,0,-1.000000000,-1.000000000,0,0.000000000,0,0,0,0,-1,-1,-1,-1,0,-1.000000000,-1.000000000,0,-1.000000000,-1.000000000,-1.000000000,-1.000000000,-1.000000000,-1.000000000,0,1,1,1916,0,1,23343,0,387,0,1817,1817,0,0,0.805113912,1,0.805113932,0,387,20,1784
161,1341846440.374064922,2,1,0,0.040747116,0.000000322,0.018365917,0.059113355,0.207711589,0.000000000,0,0,161,0,0,0,0,0,0,0,0,0,0,0,0,-1.000000000,-1.000000000,-1.000000000,-1.000000000,0,0,0,-1.000000000,none,0,0,0,-1,-1,0,-1.000000000,-1.000000000,0,0.000000000,0,0,0,0,-1,-1,-1,-1,0,-1.000000000,-1.000000000,0,-1.000000000,-1.000000000,-1.000000000,-1.000000000,-1.000000000,-1.000000000,0,1,1,1010,0,1,22910,0,409,0,945,945,0,0,0.792288423,1,0.792288411,0,409,20,1753
162,1341846440.410064936,2,1,0,0.036418759,0.000000114,0.017174555,0.053593428,0.197929688,0.000000000,0,0,162,0,0,0,0,0,0,0,0,0,0,0,0,-1.000000000,-1.000000000,-1.000000000,-1.000000000,0,0,0,-1.000000000,none,0,0,0,-1,-1,0,-1.000000000,-1.000000000,0,0.000000000,0,0,0,0,-1,-1,-1,-1,0,-1.000000000,-1.000000000,0,-1.000000000,-1.000000000,-1.000000000,-1.000000000,-1.000000000,-1.000000000,0,1,1,3578,0,1,27602,0,388,0,3480,3480,0,0,0.802070320,1,0.802070313,0,388,20,1792
163,1341846440.442063093,2,1,0,0.034013436,0.000000253,0.018046266,0.052059955,0.133909505,0.000000000,0,0,163,0,0,0,0,0,0,0,0,0,0,0,0,-1.000000000,-1.000000000,-1.000000000,-1.000000000,0,0,0,-1.000000000,none,0,0,0,-1,-1,0,-1.000000000,-1.000000000,0,0.000000000,0,0,0,0,-1,-1,-1,-1,0,-1.000000000,-1.000000000,0,-1.000000000,-1.000000000,-1.000000000,-1.000000000,-1.000000000,-1.000000000,0,1,1,0,0,1,25485,0,384,0,0,0,0,0,0.866090477,1,0.866090495,0,384,20,1925
164,1341846440.474055052,2,1,0,0.032710340,0.000000202,0.017447907,0.050158449,0.237333984,0.000000000,0,0,164,0,0,0,0,0,0,0,0,0,0,0,0,-1.000000000,-1.000000000,-1.000000000,-1.000000000,0,0,0,-1.000000000,none,0,0,0,-1,-1,0,-1.000000000,-1.000000000,0,0.000000000,0,0,0,0,-1,-1,-1,-1,0,-1.000000000,-1.000000000,0,-1.000000000,-1.000000000,-1.000000000,-1.000000000,-1.000000000,-1.000000000,0,1,1,1967,0,1,42112,0,362,0,1845,1845,0,0,0.762665987,1,0.762666016,0,362,20,1735
165,1341846440.510034084,2,1,0,0.024998658,0.000000175,0.021511498,0.046510331,0.070680339,0.000000000,0,0,165,0,0,0,0,0,0,0,0,0,0,0,0,-1.000000000,-1.000000000,-1.000000000,-1.000000000,0,0,0,-1.000000000,none,0,0,0,-1,-1,0,-1.000000000,-1.000000000,0,0.000000000,0,0,0,0,-1,-1,-1,-1,0,-1.000000000,-1.000000000,0,-1.000000000,-1.000000000,-1.000000000,-1.000000000,-1.000000000,-1.000000000,0,1,1,0,0,1,12570,0,310,0,0,0,0,0,0.929319680,1,0.929319661,0,310,20,1963
166,1341846440.542081118,2,1,0,0.047946977,0.000000213,0.027705748,0.075652938,0.142945964,0.000000000,0,0,166,0,0,0,0,0,0,0,0,0,0,0,0,-1.000000000,-1.000000000,-1.000000000,-1.000000000,0,0,0,-1.000000000,none,0,0,0,-1,-1,0,-1.000000000,-1.000000000,0,0.000000000,0,0,0,0,-1,-1,-1,-1,0,-1.000000000,-1.000000000,0,-1.000000000,-1.000000000,-1.000000000,-1.000000000,-1.000000000,-1.000000000,0,1,1,1086,0,1,21737,0,447,0,1061,1061,0,0,0.857054055,1,0.857054036,0,447,20,1827
167,1341846440.578059912,2,1,0,0.032845166,0.000000190,0.017191152,0.050036508,0.139781901,0.000000000,0,0,167,0,0,0,0,0,0,0,0,0,0,0,0,-1.000000000,-1.000000000,-1.000000000,-1.000000000,0,0,0,-1.000000000,none,0,0,0,-1,-1,0,-1.000000000,-1.000000000,0,0.000000000,0,0,0,0,-1,-1,-1,-1,0,-1.000000000,-1.000000000,0,-1.000000000,-1.000000000,-1.000000000,-1.000000000,-1.000000000,-1.000000000,0,1,1,412,0,1,20733,0,408,0,380,380,0,0,0.860218108,1,0.860218099,0,408,20,1838
168,1341846440.610153913,2,1,0,0.029601174,0.000000195,0.018085514,0.047686883,0.143779297,0.000000000,0,0,168,0,0,0,0,0,0,0,0,0,0,0,0,-1.000000000,-1.000000000,-1.000000000,-1.000000000,0,0,0,-1.000000000,none,0,0,0,-1,-1,0,-1.000000000,-1.000000000,0,0.000000000,0,0,0,0,-1,-1,-1,-1,0,-1.000000000,-1.000000000,0,-1.000000000,-1.000000000,-1.000000000,-1.000000000,-1.000000000,-1.000000000,0,1,1,445,0,1,20943,0,396,0,387,387,0,0,0.856220722,1,0.856220703,0,396,20,1842
169,1341846440.642041922,2,1,0,0.028419477,0.000000248,0.019790860,0.048210585,0.132024740,0.000000000,0,0,169,0,0,0,0,0,0,0,0,0,0,0,0,-1.000000000,-1.000000000,-1.000000000,-1.000000000,0,0,0,-1.000000000,none,0,0,0,-1,-1,0,-1.000000000,-1.000000000,0,0.000000000,0,0,0,0,-1,-1,-1,-1,0,-1.000000000,-1.000000000,0,-1.000000000,-1.000000000,-1.000000000,-1.000000000,-1.000000000,-1.000000000,0,1,1,349,0,1,12920,0,392,0,296,296,0,0,0.867975235,1,0.867975260,0,392,20,1809
170,1341846440.678071022,2,1,0,0.034718629,0.000000252,0.020334730,0.055053611,0.178111979,0.000000000,0,0,170,0,0,0,0,0,0,0,0,0,0,0,0,-1.000000000,-1.000000000,-1.000000000,-1.000000000,0,0,0,-1.000000000,none,0,0,0,-1,-1,0,-1.000000000,-1.000000000,0,0.000000000,0,0,0,0,-1,-1,-1,-1,0,-1.000000000,-1.000000000,0,-1.000000000,-1.000000000,-1.000000000,-1.000000000,-1.000000000,-1.000000000,0,1,1,1320,0,1,30267,0,367,0,1253,1253,0,0,0.821888030,1,0.821888021,0,367,20,1857
171,1341846440.710212946,2,1,0,0.037278001,0.000000152,0.017372495,0.054650648,0.160322266,0.000000000,0,0,171,0,0,0,0,0,0,0,0,0,0,0,0,-1.000000000,-1.000000000,-1.000000000,-1.000000000,0,0,0,-1.000000000,none,0,0,0,-1,-1,0,-1.000000000,-1.000000000,0,0.000000000,0,0,0,0,-1,-1,-1,-1,0,-1.000000000,-1.000000000,0,-1.000000000,-1.000000000,-1.000000000,-1.000000000,-1.000000000,-1.000000000,0,1,1,2265,0,1,22725,0,333,0,2223,2223,0,0,0.839677751,1,0.839677734,0,333,20,1852
172,1341846440.742033005,2,1,0,0.034549866,0.000000215,0.017383568,0.051933649,0.187210286,0.000000000,0,0,172,0,0,0,0,0,0,0,0,0,0,0,0,-1.000000000,-1.000000000,-1.000000000,-1.000000000,0,0,0,-1.000000000,none,0,0,0,-1,-1,0,-1.000000000,-1.000000000,0,0.000000000,0,0,0,0,-1,-1,-1,-1,0,-1.000000000,-1.000000000,0,-1.000000000,-1.000000000,-1.000000000,-1.000000000,-1.000000000,-1.000000000,0,1,1,586,0,1,29150,0,351,0,495,495,0,0,0.812789738,1,0.812789714,0,351,20,1855
173,1341846440.778145075,2,1,0,0.034207817,0.000000266,0.018027940,0.052236023,0.139147135,0.000000000,0,0,173,0,0,0,0,0,0,0,0,0,0,0,0,-1.000000000,-1.000000000,-1.000000000,-1.000000000,0,0,0,-1.000000000,none,0,0,0,-1,-1,0,-1.000000000,-1.000000000,0,0.000000000,0,0,0,0,-1,-1,-1,-1,0,-1.000000000,-1.000000000,0,-1.000000000,-1.000000000,-1.000000000,-1.000000000,-1.000000000,-1.000000000,0,1,1,1988,0,1,17651,0,318,0,1920,1920,0,0,0.860852838,1,0.860852865,0,318,20,1871
174,1341846440.810359955,2,1,0,0.039015743,0.000000223,0.026467492,0.065483458,0.187506510,0.000000000,0,0,174,0,0,0,0,0,0,0,0,0,0,0,0,-1.000000000,-1.000000000,-1.000000000,-1.000000000,0,0,0,-1.000000000,none,0,0,0,-1,-1,0,-1.000000000,-1.000000000,0,0.000000000,0,0,0,0,-1,-1,-1,-1,0,-1.000000000,-1.000000000,0,-1.000000000,-1.000000000,-1.000000000,-1.000000000,-1.000000000,-1.000000000,0,1,1,1337,0,1,32856,0,428,0,1275,1275,0,0,0.812493503,1,0.812493490,0,428,20,1877
175,1341846440.846328974,2,1,0,0.028429416,0.000000295,0.019945906,0.048375617,0.166435547,0.000000000,0,0,175,0,0,0,0,0,0,0,0,0,0,0,0,-1.000000000,-1.000000000,-1.000000000,-1.000000000,0,0,0,-1.000000000,none,0,0,0,-1,-1,0,-1.000000000,-1.000000000,0,0.000000000,0,0,0,0,-1,-1,-1,-1,0,-1.000000000,-1.000000000,0,-1.000000000,-1.000000000,-1.000000000,-1.000000000,-1.000000000,-1.000000000,0,1,1,883,0,1,30365,0,435,0,822,822,0,0,0.833564460,1,0.833564453,0,435,20,1873
176,1341846440.878140926,2,1,0,0.034599967,0.000000275,0.018712400,0.053312642,0.152906901,0.000000000,0,0,176,0,0,0,0,0,0,0,0,0,0,0,0,-1.000000000,-1.000000000,-1.000000000,-1.000000000,0,0,0,-1.000000000,none,0,0,0,-1,-1,0,-1.000000000,-1.000000000,0,0.000000000,0,0,0,0,-1,-1,-1,-1,0,-1.000000000,-1.000000000,0,-1.000000000,-1.000000000,-1.000000000,-1.000000000,-1.000000000,-1.000000000,0,1,1,35,0,1,16682,0,410,0,22,22,0,0,0.847093105,1,0.847093099,0,410,20,1892
177,1341846440.920959949,2,1,0,0.029459226,0.000000140,0.015592200,0.045051566,0.160048828,0.000000000,0,0,177,0,0,0,0,0,0,0,0,0,0,0,0,-1.000000000,-1.000000000,-1.000000000,-1.000000000,0,0,0,-1.000000000,none,0,0,0,-1,-1,0,-1.000000000,-1.000000000,0,0.000000000,0,0,0,0,-1,-1,-1,-1,0,-1.000000000,-1.000000000,0,-1.000000000,-1.000000000,-1.000000000,-1.000000000,-1.000000000,-1.000000000,0,1,1,87,0,1,22445,0,384,0,81,81,0,0,0.839951158,1,0.839951172,0,384,20,1793
178,1341846440.952307940,2,1,0,0.024913462,0.000000132,0.016236973,0.041150567,0.187747396,0.000000000,0,0,178,0,0,0,0,0,0,0,0,0,0,0,0,-1.000000000,-1.000000000,-1.000000000,-1.000000000,0,0,0,-1.000000000,none,0,0,0,-1,-1,0,-1.000000000,-1.000000000,0,0.000000000,0,0,0,0,-1,-1,-1,-1,0,-1.000000000,-1.000000000,0,-1.000000000,-1.000000000,-1.000000000,-1.000000000,-1.000000000,-1.000000000,0,1,1,6,0,1,21297,0,294,0,5,5,0,0,0.812252581,1,0.812252604,0,294,20,1818
179,1341846440.986713886,2,1,0,0.035161978,0.000000173,0.033506341,0.068668492,0.237496745,0.000000000,0,0,179,0,0,0,0,0,0,0,0,0,0,0,0,-1.000000000,-1.000000000,-1.000000000,-1.000000000,0,0,0,-1.000000000,none,0,0,0,-1,-1,0,-1.000000000,-1.000000000,0,0.000000000,0,0,0,0,-1,-1,-1,-1,0,-1.000000000,-1.000000000,0,-1.000000000,-1.000000000,-1.000000000,-1.000000000,-1.000000000,-1.000000000,0,1,1,17,0,1,18420,0,392,0,17,17,0,0,0.762503266,1,0.762503255,0,392,20,1670
180,1341846441.052118063,2,1,0,0.029381635,0.000000258,0.018120149,0.047502042,0.179873047,0.000000000,0,0,180,0,0,0,0,0,0,0,0,0,0,0,0,-1.000000000,-1.000000000,-1.000000000,-1.000000000,0,0,0,-1.000000000,none,0,0,0,-1,-1,0,-1.000000000,-1.000000000,0,0.000000000,0,0,0,0,-1,-1,-1,-1,0,-1.000000000,-1.000000000,0,-1.000000000,-1.000000000,-1.000000000,-1.000000000,-1.000000000,-1.000000000,0,1,1,46,0,1,27472,0,360,0,42,42,0,0,0.820126951,1,0.820126953,0,360,20,1905
181,1341846441.114115953,2,1,0,0.029875490,0.000000315,0.019288360,0.049164165,0.119088542,0.000000000,0,0,181,0,0,0,0,0,0,0,0,0,0,0,0,-1.000000000,-1.000000000,-1.000000000,-1.000000000,0,0,0,-1.000000000,none,0,0,0,-1,-1,0,-1.000000000,-1.000000000,0,0.000000000,0,0,0,0,-1,-1,-1,-1,0,-1.000000000,-1.000000000,0,-1.000000000,-1.000000000,-1.000000000,-1.000000000,-1.000000000,-1.000000000,0,1,1,0,0,1,16850,0,350,0,0,0,0,0,0.880911469,1,0.880911458,0,350,20,1934
182,1341846441.146131992,2,1,0,0.043890530,0.000000170,0.020341667,0.064232367,0.151162109,0.000000000,0,0,182,0,0,0,0,0,0,0,0,0,0,0,0,-1.000000000,-1.000000000,-1.000000000,-1.000000000,0,0,0,-1.000000000,none,0,0,0,-1,-1,0,-1.000000000,-1.000000000,0,0.000000000,0,0,0,0,-1,-1,-1,-1,0,-1.000000000,-1.000000000,0,-1.000000000,-1.000000000,-1.000000000,-1.000000000,-1.000000000,-1.000000000,0,1,1,17,0,1,28305,0,445,0,14,14,0,0,0.848837912,1,0.848837891,0,445,20,1871
183,1341846441.178054094,2,1,0,0.028117328,0.000000157,0.017546405,0.045663890,0.152392578,0.000000000,0,0,183,0,0,0,0,0,0,0,0,0,0,0,0,-1.000000000,-1.000000000,-1.000000000,-1.000000000,0,0,0,-1.000000000,none,0,0,0,-1,-1,0,-1.000000000,-1.000000000,0,0.000000000,0,0,0,0,-1,-1,-1,-1,0,-1.000000000,-1.000000000,0,-1.000000000,-1.000000000,-1.000000000,-1.000000000,-1.000000000,-1.000000000,0,1,1,295,0,1,23527,0,425,0,275,275,0,0,0.847607434,1,0.847607422,0,425,20,1877
184,1341846441.214135885,2,1,0,0.042116380,0.000000238,0.017605616,0.059722234,0.169166667,0.000000000,0,0,184,0,0,0,0,0,0,0,0,0,0,0,0,-1.000000000,-1.000000000,-1.000000000,-1.000000000,0,0,0,-1.000000000,none,0,0,0,-1,-1,0,-1.000000000,-1.000000000,0,0.000000000,0,0,0,0,-1,-1,-1,-1,0,-1.000000000,-1.000000000,0,-1.000000000,-1.000000000,-1.000000000,-1.000000000,-1.000000000,-1.000000000,0,1,1,0,0,1,25782,0,427,0,0,0,0,0,0.830833316,1,0.830833333,0,427,20,1889
185,1341846441.246038914,2,1,0,0.028101618,0.000000159,0.017814474,0.045916251,0.152929687,0.000000000,0,0,185,0,0,0,0,0,0,0,0,0,0,0,0,-1.000000000,-1.000000000,-1.000000000,-1.000000000,0,0,0,-1.000000000,none,0,0,0,-1,-1,0,-1.000000000,-1.000000000,0,0.000000000,0,0,0,0,-1,-1,-1,-1,0,-1.000000000,-1.000000000,0,-1.000000000,-1.000000000,-1.000000000,-1.000000000,-1.000000000,-1.000000000,0,1,1,1,0,1,18563,0,399,0,1,1,0,0,0.847070336,1,0.847070312,0,399,20,1840
186,1341846441.282130003,2,1,0,0.027830490,0.000000237,0.017533597,0.045364324,0.083206380,0.000000000,0,0,186,0,0,0,0,0,0,0,0,0,0,0,0,-1.000000000,-1.000000000,-1.000000000,-1.000000000,0,0,0,-1.000000000,none,0,0,0,-1,-1,0,-1.000000000,-1.000000000,0,0.000000000,0,0,0,0,-1,-1,-1,-1,0,-1.000000000,-1.000000000,0,-1.000000000,-1.000000000,-1.000000000,-1.000000000,-1.000000000,-1.000000000,0,1,1,71,0,1,12853,0,419,0,70,70,0,0,0.916793644,1,0.916793620,0,419,20,1948
187,1341846441.314084053,2,1,0,0.024515073,0.000000144,0.018396778,0.042911995,0.164414063,0.000000000,0,0,187,0,0,0,0,0,0,0,0,0,0,0,0,-1.000000000,-1.000000000,-1.000000000,-1.000000000,0,0,0,-1.000000000,none,0,0,0,-1,-1,0,-1.000000000,-1.000000000,0,0.000000000,0,0,0,0,-1,-1,-1,-1,0,-1.000000000,-1.000000000,0,-1.000000000,-1.000000000,-1.000000000,-1.000000000,-1.000000000,-1.000000000,0,1,1,52,0,1,25613,0,401,0,33,33,0,0,0.835585952,1,0.835585937,0,401,20,1914
188,1341846441.346087933,2,1,0,0.036795951,0.000000147,0.018771465,0.055567563,0.157454427,0.000000000,0,0,188,0,0,0,0,0,0,0,0,0,0,0,0,-1.000000000,-1.000000000,-1.000000000,-1.000000000,0,0,0,-1.000000000,none,0,0,0,-1,-1,0,-1.000000000,-1.000000000,0,0.000000000,0,0,0,0,-1,-1,-1,-1,0,-1.000000000,-1.000000000,0,-1.000000000,-1.000000000,-1.000000000,-1.000000000,-1.000000000,-1.000000000,0,1,1,34,0,1,22167,0,389,0,19,19,0,0,0.842545569,1,0.842545573,0,389,20,1936
189,1341846441.382128954,2,1,0,0.026195231,0.000000218,0.020636523,0.046831972,0.135325521,0.000000000,0,0,189,0,0,0,0,0,0,0,0,0,0,0,0,-1.000000000,-1.000000000,-1.000000000,-1.000000000,0,0,0,-1.000000000,none,0,0,0,-1,-1,0,-1.000000000,-1.000000000,0,0.000000000,0,0,0,0,-1,-1,-1,-1,0,-1.000000000,-1.000000000,0,-1.000000000,-1.000000000,-1.000000000,-1.000000000,-1.000000000,-1.000000000,0,1,1,7,0,1,16233,0,374,0,7,7,0,0,0.864674509,1,0.864674479,0,374,20,1936
190,1341846441.414516926,2,1,0,0.030241806,0.000000153,0.021247338,0.051489297,0.124160156,0.000000000,0,0,190,0,0,0,0,0,0,0,0,0,0,0,0,-1.000000000,-1.000000000,-1.000000000,-1.000000000,0,0,0,-1.000000000,none,0,0,0,-1,-1,0,-1.000000000,-1.000000000,0,0.000000000,0,0,0,0,-1,-1,-1,-1,0,-1.000000000,-1.000000000,0,-1.000000000,-1.000000000,-1.000000000,-1.000000000,-1.000000000,-1.000000000,0,1,1,0,0,1,14349,0,459,0,0,0,0,0,0.875839829,1,0.875839844,0,459,20,1905
191,1341846441.445996046,2,1,0,0.031998365,0.000000146,0.019302673,0.051301184,0.111722005,0.000000000,0,0,191,0,0,0,0,0,0,0,0,0,0,0,0,-1.000000000,-1.000000000,-1.000000000,-1.000000000,0,0,0,-1.000000000,none,0,0,0,-1,-1,0,-1.000000000,-1.000000000,0,0.000000000,0,0,0,0,-1,-1,-1,-1,0,-1.000000000,-1.000000000,0,-1.000000000,-1.000000000,-1.000000000,-1.000000000,-1.000000000,-1.000000000,0,1,1,0,0,1,19147,0,426,0,0,0,0,0,0.888278008,1,0.888277995,0,426,20,1975
192,1341846441.482023001,2,1,0,0.029044992,0.000000330,0.017867301,0.046912623,0.169980469,0.000000000,0,0,192,0,0,0,0,0,0,0,0,0,0,0,0,-1.000000000,-1.000000000,-1.000000000,-1.000000000,0,0,0,-1.000000000,none,0,0,0,-1,-1,0,-1.000000000,-1.000000000,0,0.000000000,0,0,0,0,-1,-1,-1,-1,0,-1.000000000,-1.000000000,0,-1.000000000,-1.000000000,-1.000000000,-1.000000000,-1.000000000,-1.000000000,0,1,1,0,0,1,29894,0,426,0,0,0,0,0,0.830019534,1,0.830019531,0,426,20,1950
193,1341846441.514113903,2,1,0,0.040381446,0.000000276,0.017405522,0.057787244,0.142975260,0.000000000,0,0,193,0,0,0,0,0,0,0,0,0,0,0,0,-1.000000000,-1.000000000,-1.000000000,-1.000000000,0,0,0,-1.000000000,none,0,0,0,-1,-1,0,-1.000000000,-1.000000000,0,0.000000000,0,0,0,0,-1,-1,-1,-1,0,-1.000000000,-1.000000000,0,-1.000000000,-1.000000000,-1.000000000,-1.000000000,-1.000000000,-1.000000000,0,1,1,0,0,1,25579,0,412,0,0,0,0,0,0.857024729,1,0.857024740,0,412,20,1903
194,1341846441.582259893,2,1,0,0.040377073,0.000000193,0.019705934,0.060083200,0.137184245,0.000000000,0,0,194,0,0,0,0,0,0,0,0,0,0,0,0,-1.000000000,-1.000000000,-1.000000000,-1.000000000,0,0,0,-1.000000000,none,0,0,0,-1,-1,0,-1.000000000,-1.000000000,0,0.000000000,0,0,0,0,-1,-1,-1,-1,0,-1.000000000,-1.000000000,0,-1.000000000,-1.000000000,-1.000000000,-1.000000000,-1.000000000,-1.000000000,0,1,1,0,0,1,21575,0,335,0,0,0,0,0,0.862815738,1,0.862815755,0,335,20,1995
195,1341846441.614424944,2,1,0,0.025643538,0.000000155,0.031991758,0.057635451,0.104684245,0.000000000,0,0,195,0,0,0,0,0,0,0,0,0,0,0,0,-1.000000000,-1.000000000,-1.000000000,-1.000000000,0,0,0,-1.000000000,none,0,0,0,-1,-1,0,-1.000000000,-1.000000000,0,0.000000000,0,0,0,0,-1,-1,-1,-1,0,-1.000000000,-1.000000000,0,-1.000000000,-1.000000000,-1.000000000,-1.000000000,-1.000000000,-1.000000000,0,1,1,0,0,1,18014,0,421,0,0,0,0,0,0.895315766,1,0.895315755,0,421,20,1996
196,1341846441.650563002,2,1,0,0.027994369,0.000000168,0.018607497,0.046602034,0.155387370,0.000000000,0,0,196,0,0,0,0,0,0,0,0,0,0,0,0,-1.000000000,-1.000000000,-1.000000000,-1.000000000,0,0,0,-1.000000000,none,0,0,0,-1,-1,0,-1.000000000,-1.000000000,0,0.000000000,0,0,0,0,-1,-1,-1,-1,0,-1.000000000,-1.000000000,0,-1.000000000,-1.000000000,-1.000000000,-1.000000000,-1.000000000,-1.000000000,0,1,1,0,0,1,30244,0,435,0,0,0,0,0,0.844612658,1,0.844612630,0,435,20,1934
197,1341846441.681977034,2,1,0,0.029388808,0.000000293,0.020961677,0.050350778,0.092968750,0.000000000,0,0,197,0,0,0,0,0,0,0,0,0,0,0,0,-1.000000000,-1.000000000,-1.000000000,-1.000000000,0,0,0,-1.000000000,none,0,0,0,-1,-1,0,-1.000000000,-1.000000000,0,0.000000000,0,0,0,0,-1,-1,-1,-1,0,-1.000000000,-1.000000000,0,-1.000000000,-1.000000000,-1.000000000,-1.000000000,-1.000000000,-1.000000000,0,1,1,0,0,1,15661,0,372,0,0,0,0,0,0.907031238,1,0.907031250,0,372,20,1966
198,1341846441.714169979,2,1,0,0.026974786,0.000000246,0.019981533,0.046956565,0.152701823,0.000000000,0,0,198,0,0,0,0,0,0,0,0,0,0,0,0,-1.000000000,-1.000000000,-1.000000000,-1.000000000,0,0,0,-1.000000000,none,0,0,0,-1,-1,0,-1.000000000,-1.000000000,0,0.000000000,0,0,0,0,-1,-1,-1,-1,0,-1.000000000,-1.000000000,0,-1.000000000,-1.000000000,-1.000000000,-1.000000000,-1.000000000,-1.000000000,0,1,1,0,0,1,22960,0,376,0,0,0,0,0,0.847298205,1,0.847298177,0,376,20,1920
199,1341846441.750022888,2,1,0,0.028844719,0.000000117,0.017963991,0.046808827,0.158707682,0.000000000,0,0,199,0,0,0,0,0,0,0,0,0,0,0,0,-1.000000000,-1.000000000,-1.000000000,-1.000000000,0,0,0,-1.000000000,none,0,0,0,-1,-1,0,-1.000000000,-1.000000000,0,0.000000000,0,0,0,0,-1,-1,-1,-1,0,-1.000000000,-1.000000000,0,-1.000000000,-1.000000000,-1.000000000,-1.000000000,-1.000000000,-1.000000000,0,1,1,0,0,1,23335,0,344,0,0,0,0,0,0.841292322,1,0.841292318,0,344,20,1971
200,1341846441.781909943,2,1,0,0.037484149,0.000000149,0.018779081,0.056263379,0.095797526,0.000000000,0,0,200,0,0,0,0,0,0,0,0,0,0,0,0,-1.000000000,-1.000000000,-1.000000000,-1.000000000,0,0,0,-1.000000000,none,0,0,0,-1,-1,0,-1.000000000,-1.000000000,0,0.000000000,0,0,0,0,-1,-1,-1,-1,0,-1.000000000,-1.000000000,0,-1.000000000,-1.000000000,-1.000000000,-1.000000000,-1.000000000,-1.000000000,0,1,1,0,0,1,14624,0,442,0,0,0,0,0,0.904202461,1,0.904202474,0,442,20,1993
201,1341846441.818075895,2,1,0,0.036315963,0.000000272,0.017691170,0.054007405,0.119869792,0.000000000,0,0,201,0,0,0,0,0,0,0,0,0,0,0,0,-1.000000000,-1.000000000,-1.000000000,-1.000000000,0,0,0,-1.000000000,none,0,0,0,-1,-1,0,-1.000000000,-1.000000000,0,0.000000000,0,0,0,0,-1,-1,-1,-1,0,-1.000000000,-1.000000000,0,-1.000000000,-1.000000000,-1.000000000,-1.000000000,-1.000000000,-1.000000000,0,1,1,0,0,1,17120,0,424,0,0,0,0,0,0.880130231,1,0.880130208,0,424,20,1984
202,1341846441.850011110,2,1,0,0.033380079,0.000000118,0.018462202,0.051842399,0.114381510,0.000000000,0,0,202,0,0,0,0,0,0,0,0,0,0,0,0,-1.000000000,-1.000000000,-1.000000000,-1.000000000,0,0,0,-1.000000000,none,0,0,0,-1,-1,0,-1.000000000,-1.000000000,0,0.000000000,0,0,0,0,-1,-1,-1,-1,0,-1.000000000,-1.000000000,0,-1.000000000,-1.000000000,-1.000000000,-1.000000000,-1.000000000,-1.000000000,0,1,1,0,0,1,15032,0,405,0,0,0,0,0,0.885618508,1,0.885618490,0,405,20,1993
203,1341846441.882148981,2,1,0,0.030659461,0.000000210,0.017351695,0.048011366,0.144248047,0.000000000,0,0,203,0,0,0,0,0,0,0,0,0,0,0,0,-1.000000000,-1.000000000,-1.000000000,-1.000000000,0,0,0,-1.000000000,none,0,0,0,-1,-1,0,-1.000000000,-1.000000000,0,0.000000000,0,0,0,0,-1,-1,-1,-1,0,-1.000000000,-1.000000000,0,-1.000000000,-1.000000000,-1.000000000,-1.000000000,-1.000000000,-1.000000000,0,1,1,0,0,1,20564,0,405,0,0,0,0,0,0.855751932,1,0.855751953,0,405,20,1956
204,1341846441.918073893,2,1,0,0.043729244,0.000000120,0.024416933,0.068146297,0.123284505,0.000000000,0,0,204,0,0,0,0,0,0,0,0,0,0,0,0,-1.000000000,-1.000000000,-1.000000000,-1.000000000,0,0,0,-1.000000000,none,0,0,0,-1,-1,0,-1.000000000,-1.000000000,0,0.000000000,0,0,0,0,-1,-1,-1,-1,0,-1.000000000,-1.000000000,0,-1.000000000,-1.000000000,-1.000000000,-1.000000000,-1.000000000,-1.000000000,0,1,1,0,0,1,25877,0,381,0,0,0,0,0,0.876715481,1,0.876715495,0,381,20,1990
205,1341846441.950113058,2,1,0,0.039368829,0.000000343,0.021195830,0.060565002,0.120032552,0.000000000,0,0,205,0,0,0,0,0,0,0,0,0,0,0,0,-1.000000000,-1.000000000,-1.000000000,-1.000000000,0,0,0,-1.000000000,none,0,0,0,-1,-1,0,-1.000000000,-1.000000000,0,0.000000000,0,0,0,0,-1,-1,-1,-1,0,-1.000000000,-1.000000000,0,-1.000000000,-1.000000000,-1.000000000,-1.000000000,-1.000000000,-1.000000000,0,1,1,0,0,1,20190,0,472,0,0,0,0,0,0.879967451,1,0.879967448,0,472,20,1987
206,1341846441.986156940,2,1,0,0.035850303,0.000000185,0.018676296,0.054526784,0.114827474,0.000000000,0,0,206,0,0,0,0,0,0,0,0,0,0,0,0,-1.000000000,-1.000000000,-1.000000000,-1.000000000,0,0,0,-1.000000000,none,0,0,0,-1,-1,0,-1.000000000,-1.000000000,0,0.000000000,0,0,0,0,-1,-1,-1,-1,0,-1.000000000,-1.000000000,0,-1.000000000,-1.000000000,-1.000000000,-1.000000000,-1.000000000,-1.000000000,0,1,1,0,0,1,13389,0,491,0,0,0,0,0,0.885172546,1,0.885172526,0,491,20,1937
207,1341846442.018069983,2,1,0,0.025241208,0.000000140,0.019680491,0.044921839,0.101627604,0.000000000,0,0,207,0,0,0,0,0,0,0,0,0,0,0,0,-1.000000000,-1.000000000,-1.000000000,-1.000000000,0,0,0,-1.000000000,none,0,0,0,-1,-1,0,-1.000000000,-1.000000000,0,0.000000000,0,0,0,0,-1,-1,-1,-1,0,-1.000000000,-1.000000000,0,-1.000000000,-1.000000000,-1.000000000,-1.000000000,-1.000000000,-1.000000000,0,1,1,0,0,1,17641,0,442,0,0,0,0,0,0.898372412,1,0.898372396,0,442,20,1948
208,1341846442.050044060,2,1,0,0.035268078,0.000000145,0.018127404,0.053395627,0.146243490,0.000000000,0,0,208,0,0,0,0,0,0,0,0,0,0,0,0,-1.000000000,-1.000000000,-1.000000000,-1.000000000,0,0,0,-1.000000000,none,0,0,0,-1,-1,0,-1.000000000,-1.000000000,0,0.000000000,0,0,0,0,-1,-1,-1,-1,0,-1.000000000,-1.000000000,0,-1.000000000,-1.000000000,-1.000000000,-1.000000000,-1.000000000,-1.000000000,0,1,1,0,0,1,20811,0,422,0,0,0,0,0,0.853756487,1,0.853756510,0,422,20,1874
209,1341846442.086050034,2,1,0,0.054586517,0.000000318,0.020945429,0.075532264,0.201809896,0.000000000,0,0,209,0,0,0,0,0,0,0,0,0,0,0,0,-1.000000000,-1.000000000,-1.000000000,-1.000000000,0,0,0,-1.000000000,none,0,0,0,-1,-1,0,-1.000000000,-1.000000000,0,0.000000000,0,0,0,0,-1,-1,-1,-1,0,-1.000000000,-1.000000000,0,-1.000000000,-1.000000000,-1.000000000,-1.000000000,-1.000000000,-1.000000000,0,1,1,0,0,1,25646,0,406,0,0,0,0,0,0.798190117,1,0.798190104,0,406,20,1828
210,1341846442.118273020,2,1,0,0.028583318,0.000000192,0.020534475,0.049117985,0.373313802,0.000000000,0,0,210,0,0,0,0,0,0,0,0,0,0,0,0,-1.000000000,-1.000000000,-1.000000000,-1.000000000,0,0,0,-1.000000000,none,0,0,0,-1,-1,0,-1.000000000,-1.000000000,0,0.000000000,0,0,0,0,-1,-1,-1,-1,0,-1.000000000,-1.000000000,0,-1.000000000,-1.000000000,-1.000000000,-1.000000000,-1.000000000,-1.000000000,0,1,1,6110,0,1,35206,0,455,0,5833,5833,0,0,0.626686215,1,0.626686198,0,455,20,1536
211,1341846442.150913954,2,1,0,0.032585900,0.000000157,0.018450198,0.051036255,0.216647135,0.000000000,0,0,211,0,0,0,0,0,0,0,0,0,0,0,0,-1.000000000,-1.000000000,-1.000000000,-1.000000000,0,0,0,-1.000000000,none,0,0,0,-1,-1,0,-1.000000000,-1.000000000,0,0.000000000,0,0,0,0,-1,-1,-1,-1,0,-1.000000000,-1.000000000,0,-1.000000000,-1.000000000,-1.000000000,-1.000000000,-1.000000000,-1.000000000,0,1,1,0,0,1,17921,0,343,0,0,0,0,0,0.783352852,1,0.783352865,0,343,20,1687
212,1341846442.186309099,2,1,0,0.037395381,0.000000133,0.020039054,0.057434568,0.270338542,0.000000000,0,0,212,0,0,0,0,0,0,0,0,0,0,0,0,-1.000000000,-1.000000000,-1.000000000,-1.000000000,0,0,0,-1.000000000,none,0,0,0,-1,-1,0,-1.000000000,-1.000000000,0,0.000000000,0,0,0,0,-1,-1,-1,-1,0,-1.000000000,-1.000000000,0,-1.000000000,-1.000000000,-1.000000000,-1.000000000,-1.000000000,-1.000000000,0,1,1,0,0,1,24847,0,325,0,0,0,0,0,0.729661465,1,0.729661458,0,325,20,1630
213,1341846442.254276037,2,1,0,0.039210348,0.000000144,0.040565908,0.079776400,0.184016927,0.000000000,0,0,213,0,0,0,0,0,0,0,0,0,0,0,0,-1.000000000,-1.000000000,-1.000000000,-1.000000000,0,0,0,-1.000000000,none,0,0,0,-1,-1,0,-1.000000000,-1.000000000,0,0.000000000,0,0,0,0,-1,-1,-1,-1,0,-1.000000000,-1.000000000,0,-1.000000000,-1.000000000,-1.000000000,-1.000000000,-1.000000000,-1.000000000,0,1,1,1,0,1,18297,0,388,0,1,1,0,0,0.815983057,1,0.815983073,0,388,20,1695
214,1341846442.286112070,2,1,0,0.040067020,0.000000328,0.012582779,0.052650127,0.569554036,0.000000000,0,0,214,0,0,0,0,0,0,0,0,0,0,0,0,-1.000000000,-1.000000000,-1.000000000,-1.000000000,0,0,0,-1.000000000,none,0,0,0,-1,-1,0,-1.000000000,-1.000000000,0,0.000000000,0,0,0,0,-1,-1,-1,-1,0,-1.000000000,-1.000000000,0,-1.000000000,-1.000000000,-1.000000000,-1.000000000,-1.000000000,-1.000000000,0,1,1,7240,0,1,22411,0,291,0,7085,7085,0,0,0.430445969,1,0.430445964,0,291,20,891
215,1341846442.318239927,2,1,0,0.041773081,0.000000202,0.016415200,0.058188483,0.501738281,0.000000000,0,0,215,0,0,0,0,0,0,0,0,0,0,0,0,-1.000000000,-1.000000000,-1.000000000,-1.000000000,0,0,0,-1.000000000,none,0,0,0,-1,-1,0,-1.000000000,-1.000000000,0,0.000000000,0,0,0,0,-1,-1,-1,-1,0,-1.000000000,-1.000000000,0,-1.000000000,-1.000000000,-1.000000000,-1.000000000,-1.000000000,-1.000000000,0,1,1,1677,0,1,14907,1,134,5,1594,0,1594,0,0.498261720,1,0.493072917,1,134,11,2002
216,1341846442.359931946,2,1,0,0.052173842,0.000000188,0.018624806,0.070798836,0.538499349,0.000000000,0,0,216,0,0,0,0,0,0,0,0,0,0,0,0,-1.000000000,-1.000000000,-1.000000000,-1.000000000,0,0,0,-1.000000000,none,0,0,0,-1,-1,0,-1.000000000,-1.000000000,0,0.000000000,0,0,0,0,-1,-1,-1,-1,0,-1.000000000,-1.000000000,0,-1.000000000,-1.000000000,-1.000000000,-1.000000000,-1.000000000,-1.000000000,0,1,1,3973,0,1,14305,1,191,4,3894,0,3894,0,0.461500645,1,0.448821615,1,191,10,2004
217,1341846442.417970896,2,1,0,0.054095127,0.000000160,0.015507025,0.069602312,0.525432943,0.000000000,0,0,217,0,0,0,0,0,0,0,0,0,0,0,0,-1.000000000,-1.000000000,-1.000000000,-1.000000000,0,0,0,-1.000000000,none,0,0,0,-1,-1,0,-1.000000000,-1.000000000,0,0.000000000,0,0,0,0,-1,-1,-1,-1,0,-1.000000000,-1.000000000,0,-1.000000000,-1.000000000,-1.000000000,-1.000000000,-1.000000000,-1.000000000,0,1,1,6479,0,1,13132,1,243,3,6381,0,6381,0,0.474567056,1,0.453785807,1,243,11,1941
218,1341846442.455015898,2,1,0,0.053242474,0.000000182,0.025682173,0.078924829,0.569762370,0.000000000,0,0,218,0,0,0,0,0,0,0,0,0,0,0,0,-1.000000000,-1.000000000,-1.000000000,-1.000000000,0,0,0,-1.000000000,none,0,0,0,-1,-1,0,-1.000000000,-1.000000000,0,0.000000000,0,0,0,0,-1,-1,-1,-1,0,-1.000000000,-1.000000000,0,-1.000000000,-1.000000000,-1.000000000,-1.000000000,-1.000000000,-1.000000000,0,1,1,3886,0,1,16161,1,93,5,3704,0,3704,0,0.430237621,1,0.418164062,1,93,10,1972
219,1341846442.486191034,2,1,0,0.037290195,0.000000206,0.017873034,0.055163435,0.499866536,0.000000000,0,0,219,0,0,0,0,0,0,0,0,0,0,0,0,-1.000000000,-1.000000000,-1.000000000,-1.000000000,0,0,0,-1.000000000,none,0,0,0,-1,-1,0,-1.000000000,-1.000000000,0,0.000000000,0,0,0,0,-1,-1,-1,-1,0,-1.000000000,-1.000000000,0,-1.000000000,-1.000000000,-1.000000000,-1.000000000,-1.000000000,-1.000000000,0,1,1,2542,0,1,9240,1,173,4,2434,0,2434,0,0.500133455,1,0.492148437,1,173,11,1967
220,1341846442.522073984,2,1,0,0.037368053,0.000000144,0.017288484,0.054656681,0.484287109,0.000000000,0,0,220,0,0,0,0,0,0,0,0,0,0,0,0,-1.000000000,-1.000000000,-1.000000000,-1.000000000,0,0,0,-1.000000000,none,0,0,0,-1,-1,0,-1.000000000,-1.000000000,0,0.000000000,0,0,0,0,-1,-1,-1,-1,0,-1.000000000,-1.000000000,0,-1.000000000,-1.000000000,-1.000000000,-1.000000000,-1.000000000,-1.000000000,0,1,1,1306,0,1,2208,1,158,3,1283,0,1283,0,0.515712917,1,0.511536458,1,158,11,1952
221,1341846442.553916931,2,1,0,0.040263900,0.000000273,0.021959087,0.062223260,0.467962240,0.000000000,0,0,221,0,0,0,0,0,0,0,0,0,0,0,0,-1.000000000,-1.000000000,-1.000000000,-1.000000000,0,0,0,-1.000000000,none,0,0,0,-1,-1,0,-1.000000000,-1.000000000,0,0.000000000,0,0,0,0,-1,-1,-1,-1,0,-1.000000000,-1.000000000,0,-1.000000000,-1.000000000,-1.000000000,-1.000000000,-1.000000000,-1.000000000,0,1,1,222,0,1,5428,1,102,5,208,0,208,0,0.532037735,1,0.531350911,1,102,12,1975
222,1341846442.585988998,2,1,0,0.031784416,0.000000213,0.020814809,0.052599438,0.497994792,0.000000000,0,0,222,0,0,0,0,0,0,0,0,0,0,0,0,-1.000000000,-1.000000000,-1.000000000,-1.000000000,0,0,0,-1.000000000,none,0,0,0,-1,-1,0,-1.000000000,-1.000000000,0,0.000000000,0,0,0,0,-1,-1,-1,-1,0,-1.000000000,-1.000000000,0,-1.000000000,-1.000000000,-1.000000000,-1.000000000,-1.000000000,-1.000000000,0,1,1,340,0,1,13498,1,219,4,297,0,297,0,0.502005219,1,0.501022135,1,219,11,1974
223,1341846442.627895117,2,1,0,0.030920220,0.000000268,0.018405212,0.049325700,0.576777344,0.000000000,0,0,223,0,0,0,0,0,0,0,0,0,0,0,0,-1.000000000,-1.000000000,-1.000000000,-1.000000000,0,0,0,-1.000000000,none,0,0,0,-1,-1,0,-1.000000000,-1.000000000,0,0.000000000,0,0,0,0,-1,-1,-1,-1,0,-1.000000000,-1.000000000,0,-1.000000000,-1.000000000,-1.000000000,-1.000000000,-1.000000000,-1.000000000,0,1,1,600,0,1,17681,1,227,3,582,0,582,0,0.423222661,1,0.421302083,1,227,10,1986
224,1341846442.686166048,2,1,0,0.036509013,0.000000208,0.017829478,0.054338699,0.537255859,0.000000000,0,0,224,0,0,0,0,0,0,0,0,0,0,0,0,-1.000000000,-1.000000000,-1.000000000,-1.000000000,0,0,0,-1.000000000,none,0,0,0,-1,-1,0,-1.000000000,-1.000000000,0,0.000000000,0,0,0,0,-1,-1,-1,-1,0,-1.000000000,-1.000000000,0,-1.000000000,-1.000000000,-1.000000000,-1.000000000,-1.000000000,-1.000000000,0,1,1,389,0,1,14638,1,205,2,346,0,346,0,0.462744147,1,0.461614583,1,205,10,1983
225,1341846442.721990108,2,1,0,0.025018004,0.000000244,0.019584206,0.044602454,0.476012370,0.000000000,0,0,225,0,0,0,0,0,0,0,0,0,0,0,0,-1.000000000,-1.000000000,-1.000000000,-1.000000000,0,0,0,-1.000000000,none,0,0,0,-1,-1,0,-1.000000000,-1.000000000,0,0.000000000,0,0,0,0,-1,-1,-1,-1,0,-1.000000000,-1.000000000,0,-1.000000000,-1.000000000,-1.000000000,-1.000000000,-1.000000000,-1.000000000,0,1,1,218,0,1,9203,1,161,1,211,0,211,0,0.523987651,1,0.523300781,1,161,11,1990
226,1341846442.754276037,2,1,0,0.032215167,0.000000157,0.023153513,0.055368837,0.562382812,0.000000000,0,0,226,0,0,0,0,0,0,0,0,0,0,0,0,-1.000000000,-1.000000000,-1.000000000,-1.000000000,0,0,0,-1.000000000,none,0,0,0,-1,-1,0,-1.000000000,-1.000000000,0,0.000000000,0,0,0,0,-1,-1,-1,-1,0,-1.000000000,-1.000000000,0,-1.000000000,-1.000000000,-1.000000000,-1.000000000,-1.000000000,-1.000000000,0,1,1,116,0,1,23682,1,148,5,73,0,73,0,0.437617183,1,0.437373047,1,148,10,2004
227,1341846442.790054083,2,1,0,0.033368173,0.000000180,0.040697407,0.074065760,0.558990885,0.000000000,0,0,227,0,0,0,0,0,0,0,0,0,0,0,0,-1.000000000,-1.000000000,-1.000000000,-1.000000000,0,0,0,-1.000000000,none,0,0,0,-1,-1,0,-1.000000000,-1.000000000,0,0.000000000,0,0,0,0,-1,-1,-1,-1,0,-1.000000000,-1.000000000,0,-1.000000000,-1.000000000,-1.000000000,-1.000000000,-1.000000000,-1.000000000,0,1,1,214,0,1,24288,1,371,4,195,0,195,0,0.441009104,1,0.440371094,1,371,10,2004
228,1341846442.822072029,2,1,0,0.032239074,0.000000187,0.021668387,0.053907648,0.577210286,0.000000000,0,0,228,0,0,0,0,0,0,0,0,0,0,0,0,-1.000000000,-1.000000000,-1.000000000,-1.000000000,0,0,0,-1.000000000,none,0,0,0,-1,-1,0,-1.000000000,-1.000000000,0,0.000000000,0,0,0,0,-1,-1,-1,-1,0,-1.000000000,-1.000000000,0,-1.000000000,-1.000000000,-1.000000000,-1.000000000,-1.000000000,-1.000000000,0,1,1,271,0,1,22992,1,363,3,263,0,263,0,0.422789723,1,0.421933594,1,363,10,2005
229,1341846442.854093075,2,1,0,0.027375254,0.000000156,0.023938136,0.051313546,0.593411458,0.000000000,0,0,229,0,0,0,0,0,0,0,0,0,0,0,0,-1.000000000,-1.000000000,-1.000000000,-1.000000000,0,0,0,-1.000000000,none,0,0,0,-1,-1,0,-1.000000000,-1.000000000,0,0.000000000,0,0,0,0,-1,-1,-1,-1,0,-1.000000000,-1.000000000,0,-1.000000000,-1.000000000,-1.000000000,-1.000000000,-1.000000000,-1.000000000,0,1,1,38,0,1,22259,1,385,2,30,0,30,0,0.406588554,1,0.406481120,1,385,9,2005
230,1341846442.889944077,2,1,0,0.040763677,0.000000223,0.019746626,0.060510526,0.497535807,0.000000000,0,0,230,0,0,0,0,0,0,0,0,0,0,0,0,-1.000000000,-1.000000000,-1.000000000,-1.000000000,0,0,0,-1.000000000,none,0,0,0,-1,-1,0,-1.000000000,-1.000000000,0,0.000000000,0,0,0,0,-1,-1,-1,-1,0,-1.000000000,-1.000000000,0,-1.000000000,-1.000000000,-1.000000000,-1.000000000,-1.000000000,-1.000000000,0,1,1,49,0,1,8038,1,378,1,49,0,49,0,0.502464175,1,0.502304688,1,378,11,2008
231,1341846442.922113895,2,1,0,0.038767837,0.000000208,0.014540532,0.053308577,0.473525391,0.000000000,0,0,231,0,0,0,0,0,0,0,0,0,0,0,0,-1.000000000,-1.000000000,-1.000000000,-1.000000000,0,0,0,-1.000000000,none,0,0,0,-1,-1,0,-1.000000000,-1.000000000,0,0.000000000,0,0,0,0,-1,-1,-1,-1,0,-1.000000000,-1.000000000,0,-1.000000000,-1.000000000,-1.000000000,-1.000000000,-1.000000000,-1.000000000,0,1,1,27,0,1,11806,0,342,0,27,27,0,0,0.526474595,1,0.526474609,0,342,20,1141
232,1341846442.954040051,2,1,0,0.048290354,0.000000279,0.017748812,0.066039445,0.485472005,0.000000000,0,0,232,0,0,0,0,0,0,0,0,0,0,0,0,-1.000000000,-1.000000000,-1.000000000,-1.000000000,0,0,0,-1.000000000,none,0,0,0,-1,-1,0,-1.000000000,-1.000000000,0,0.000000000,0,0,0,0,-1,-1,-1,-1,0,-1.000000000,-1.000000000,0,-1.000000000,-1.000000000,-1.000000000,-1.000000000,-1.000000000,-1.000000000,0,1,1,24,0,1,15337,0,240,0,16,16,0,0,0.514527977,1,0.514527995,0,240,20,1106
233,1341846442.989996910,2,1,0,0.041780684,0.000000182,0.036155545,0.077936411,0.477600911,0.000000000,0,0,233,0,0,0,0,0,0,0,0,0,0,0,0,-1.000000000,-1.000000000,-1.000000000,-1.000000000,0,0,0,-1.000000000,none,0,0,0,-1,-1,0,-1.000000000,-1.000000000,0,0.000000000,0,0,0,0,-1,-1,-1,-1,0,-1.000000000,-1.000000000,0,-1.000000000,-1.000000000,-1.000000000,-1.000000000,-1.000000000,-1.000000000,0,1,1,7,0,1,16637,0,315,0,0,0,0,0,0.522399068,1,0.522399089,0,315,20,1157
234,1341846443.022264004,2,1,0,0.037372910,0.000000144,0.016325524,0.053698578,0.444248047,0.000000000,0,0,234,0,0,0,0,0,0,0,0,0,0,0,0,-1.000000000,-1.000000000,-1.000000000,-1.000000000,0,0,0,-1.000000000,none,0,0,0,-1,-1,0,-1.000000000,-1.000000000,0,0.000000000,0,0,0,0,-1,-1,-1,-1,0,-1.000000000,-1.000000000,0,-1.000000000,-1.000000000,-1.000000000,-1.000000000,-1.000000000,-1.000000000,0,1,1,0,0,1,22426,0,242,0,0,0,0,0,0.555751979,1,0.555751953,0,242,20,1235
235,1341846443.058070898,2,1,0,0.037639143,0.000000181,0.015832079,0.053471403,0.412734375,0.000000000,0,0,235,0,0,0,0,0,0,0,0,0,0,0,0,-1.000000000,-1.000000000,-1.000000000,-1.000000000,0,0,0,-1.000000000,none,0,0,0,-1,-1,0,-1.000000000,-1.000000000,0,0.000000000,0,0,0,0,-1,-1,-1,-1,0,-1.000000000,-1.000000000,0,-1.000000000,-1.000000000,-1.000000000,-1.000000000,-1.000000000,-1.000000000,0,1,1,8,0,1,14716,0,285,0,0,0,0,0,0.587265611,1,0.587265625,0,285,20,1139
236,1341846443.090122938,2,1,0,0.034498164,0.000000242,0.032876200,0.067374606,0.378024089,0.000000000,0,0,236,0,0,0,0,0,0,0,0,0,0,0,0,-1.000000000,-1.000000000,-1.000000000,-1.000000000,0,0,0,-1.000000000,none,0,0,0,-1,-1,0,-1.000000000,-1.000000000,0,0.000000000,0,0,0,0,-1,-1,-1,-1,0,-1.000000000,-1.000000000,0,-1.000000000,-1.000000000,-1.000000000,-1.000000000,-1.000000000,-1.000000000,0,1,1,78,0,1,12595,0,326,0,73,73,0,0,0.621975899,1,0.621975911,0,326,20,1360
237,1341846443.122143030,2,1,0,0.025657183,0.000000186,0.016072757,0.041730126,0.360192057,0.000000000,0,0,237,0,0,0,0,0,0,0,0,0,0,0,0,-1.000000000,-1.000000000,-1.000000000,-1.000000000,0,0,0,-1.000000000,none,0,0,0,-1,-1,0,-1.000000000,-1.000000000,0,0.000000000,0,0,0,0,-1,-1,-1,-1,0,-1.000000000,-1.000000000,0,-1.000000000,-1.000000000,-1.000000000,-1.000000000,-1.000000000,-1.000000000,0,1,1,44,0,1,14993,0,352,0,39,39,0,0,0.639807940,1,0.639807943,0,352,20,1499
238,1341846443.158076048,2,1,0,0.029807392,0.000000185,0.018236566,0.048044143,0.343619792,0.000000000,0,0,238,0,0,0,0,0,0,0,0,0,0,0,0,-1.000000000,-1.000000000,-1.000000000,-1.000000000,0,0,0,-1.000000000,none,0,0,0,-1,-1,0,-1.000000000,-1.000000000,0,0.000000000,0,0,0,0,-1,-1,-1,-1,0,-1.000000000,-1.000000000,0,-1.000000000,-1.000000000,-1.000000000,-1.000000000,-1.000000000,-1.000000000,0,1,1,23,0,1,13986,0,325,0,0,0,0,0,0.656380236,1,0.656380208,0,325,20,1509
239,1341846443.190201044,2,1,0,0.035695025,0.000000182,0.018828129,0.054523336,0.312428385,0.000000000,0,0,239,0,0,0,0,0,0,0,0,0,0,0,0,-1.000000000,-1.000000000,-1.000000000,-1.000000000,0,0,0,-1.000000000,none,0,0,0,-1,-1,0,-1.000000000,-1.000000000,0,0.000000000,0,0,0,0,-1,-1,-1,-1,0,-1.000000000,-1.000000000,0,-1.000000000,-1.000000000,-1.000000000,-1.000000000,-1.000000000,-1.000000000,0,1,1,25,0,1,10144,0,412,0,13,13,0,0,0.687571585,1,0.687571615,0,412,20,1508
240,1341846443.226120949,2,1,0,0.024055901,0.000000141,0.019654205,0.043710247,0.292763672,0.000000000,0,0,240,0,0,0,0,0,0,0,0,0,0,0,0,-1.000000000,-1.000000000,-1.000000000,-1.000000000,0,0,0,-1.000000000,none,0,0,0,-1,-1,0,-1.000000000,-1.000000000,0,0.000000000,0,0,0,0,-1,-1,-1,-1,0,-1.000000000,-1.000000000,0,-1.000000000,-1.000000000,-1.000000000,-1.000000000,-1.000000000,-1.000000000,0,1,1,0,0,1,10572,0,397,0,0,0,0,0,0.707236350,1,0.707236328,0,397,20,1596
241,1341846443.257975101,2,1,0,0.031104535,0.000000131,0.019000159,0.050104825,0.281878255,0.000000000,0,0,241,0,0,0,0,0,0,0,0,0,0,0,0,-1.000000000,-1.000000000,-1.000000000,-1.000000000,0,0,0,-1.000000000,none,0,0,0,-1,-1,0,-1.000000000,-1.000000000,0,0.000000000,0,0,0,0,-1,-1,-1,-1,0,-1.000000000,-1.000000000,0,-1.000000000,-1.000000000,-1.000000000,-1.000000000,-1.000000000,-1.000000000,0,1,1,124,0,1,10642,0,386,0,106,106,0,0,0.718121767,1,0.718121745,0,386,20,1675
242,1341846443.289997101,2,1,0,0.028681961,0.000000115,0.018149172,0.046831248,0.262981771,0.000000000,0,0,242,0,0,0,0,0,0,0,0,0,0,0,0,-1.000000000,-1.000000000,-1.000000000,-1.000000000,0,0,0,-1.000000000,none,0,0,0,-1,-1,0,-1.000000000,-1.000000000,0,0.000000000,0,0,0,0,-1,-1,-1,-1,0,-1.000000000,-1.000000000,0,-1.000000000,-1.000000000,-1.000000000,-1.000000000,-1.000000000,-1.000000000,0,1,1,147,0,1,10612,0,389,0,138,138,0,0,0.737018228,1,0.737018229,0,389,20,1565
243,1341846443.326117992,2,1,0,0.028738850,0.000000127,0.018415547,0.047154524,0.250621745,0.000000000,0,0,243,0,0,0,0,0,0,0,0,0,0,0,0,-1.000000000,-1.000000000,-1.000000000,-1.000000000,0,0,0,-1.000000000,none,0,0,0,-1,-1,0,-1.000000000,-1.000000000,0,0.000000000,0,0,0,0,-1,-1,-1,-1,0,-1.000000000,-1.000000000,0,-1.000000000,-1.000000000,-1.000000000,-1.000000000,-1.000000000,-1.000000000,0,1,1,40,0,1,9333,0,375,0,38,38,0,0,0.749378264,1,0.749378255,0,375,20,1633
244,1341846443.358067036,2,1,0,0.027408559,0.000000130,0.018311911,0.045720600,0.231217448,0.000000000,0,0,244,0,0,0,0,0,0,0,0,0,0,0,0,-1.000000000,-1.000000000,-1.000000000,-1.000000000,0,0,0,-1.000000000,none,0,0,0,-1,-1,0,-1.000000000,-1.000000000,0,0.000000000,0,0,0,0,-1,-1,-1,-1,0,-1.000000000,-1.000000000,0,-1.000000000,-1.000000000,-1.000000000,-1.000000000,-1.000000000,-1.000000000,0,1,1,0,0,1,10490,0,364,0,0,0,0,0,0.768782556,1,0.768782552,0,364,20,1710
245,1341846443.390136957,2,1,0,0.025165682,0.000000128,0.018117357,0.043283167,0.202789714,0.000000000,0,0,245,0,0,0,0,0,0,0,0,0,0,0,0,-1.000000000,-1.000000000,-1.000000000,-1.000000000,0,0,0,-1.000000000,none,0,0,0,-1,-1,0,-1.000000000,-1.000000000,0,0.000000000,0,0,0,0,-1,-1,-1,-1,0,-1.000000000,-1.000000000,0,-1.000000000,-1.000000000,-1.000000000,-1.000000000,-1.000000000,-1.000000000,0,1,1,0,0,1,7663,0,336,0,0,0,0,0,0.797210276,1,0.797210286,0,336,20,1629
246,1341846443.426198006,2,1,0,0.026154071,0.000000168,0.017297082,0.043451321,0.260130208,0.000000000,0,0,246,0,0,0,0,0,0,0,0,0,0,0,0,-1.000000000,-1.000000000,-1.000000000,-1.000000000,0,0,0,-1.000000000,none,0,0,0,-1,-1,0,-1.000000000,-1.000000000,0,0.000000000,0,0,0,0,-1,-1,-1,-1,0,-1.000000000,-1.000000000,0,-1.000000000,-1.000000000,-1.000000000,-1.000000000,-1.000000000,-1.000000000,0,1,1,0,0,1,15842,0,453,0,0,0,0,0,0.739869773,1,0.739869792,0,453,20,1578
247,1341846443.458405018,2,1,0,0.037681556,0.000000147,0.019238127,0.056919830,0.332945964,0.000000000,0,0,247,0,0,0,0,0,0,0,0,0,0,0,0,-1.000000000,-1.000000000,-1.000000000,-1.000000000,0,0,0,-1.000000000,none,0,0,0,-1,-1,0,-1.000000000,-1.000000000,0,0.000000000,0,0,0,0,-1,-1,-1,-1,0,-1.000000000,-1.000000000,0,-1.000000000,-1.000000000,-1.000000000,-1.000000000,-1.000000000,-1.000000000,0,1,1,0,0,1,29488,0,390,0,0,0,0,0,0.667054057,1,0.667054036,0,390,20,1525
248,1341846443.494173050,2,1,0,0.028621250,0.000000187,0.017533988,0.046155425,0.303828125,0.000000000,0,0,248,0,0,0,0,0,0,0,0,0,0,0,0,-1.000000000,-1.000000000,-1.000000000,-1.000000000,0,0,0,-1.000000000,none,0,0,0,-1,-1,0,-1.000000000,-1.000000000,0,0.000000000,0,0,0,0,-1,-1,-1,-1,0,-1.000000000,-1.000000000,0,-1.000000000,-1.000000000,-1.000000000,-1.000000000,-1.000000000,-1.000000000,0,1,1,0,0,1,21696,0,399,0,0,0,0,0,0.696171880,1,0.696171875,0,399,20,1598
249,1341846443.558139086,2,1,0,0.038158470,0.000000269,0.017154786,0.055313525,0.401816406,0.000000000,0,0,249,0,0,0,0,0,0,0,0,0,0,0,0,-1.000000000,-1.000000000,-1.000000000,-1.000000000,0,0,0,-1.000000000,none,0,0,0,-1,-1,0,-1.000000000,-1.000000000,0,0.000000000,0,0,0,0,-1,-1,-1,-1,0,-1.000000000,-1.000000000,0,-1.000000000,-1.000000000,-1.000000000,-1.000000000,-1.000000000,-1.000000000,0,1,1,0,0,1,19689,0,418,0,0,0,0,0,0.598183572,1,0.598183594,0,418,20,1149
250,1341846443.594027042,2,1,0,0.024243897,0.000000255,0.024730258,0.048974410,0.373473307,0.000000000,0,0,250,0,0,0,0,0,0,0,0,0,0,0,0,-1.000000000,-1.000000000,-1.000000000,-1.000000000,0,0,0,-1.000000000,none,0,0,0,-1,-1,0,-1.000000000,-1.000000000,0,0.000000000,0,0,0,0,-1,-1,-1,-1,0,-1.000000000,-1.000000000,0,-1.000000000,-1.000000000,-1.000000000,-1.000000000,-1.000000000,-1.000000000,0,1,1,0,0,1,22142,0,246,0,0,0,0,0,0.626526713,1,0.626526693,0,246,20,1361
251,1341846443.626290083,2,1,0,0.036462047,0.000000146,0.014734171,0.051196364,0.405794271,0.000000000,0,0,251,0,0,0,0,0,0,0,0,0,0,0,0,-1.000000000,-1.000000000,-1.000000000,-1.000000000,0,0,0,-1.000000000,none,0,0,0,-1,-1,0,-1.000000000,-1.000000000,0,0.000000000,0,0,0,0,-1,-1,-1,-1,0,-1.000000000,-1.000000000,0,-1.000000000,-1.000000000,-1.000000000,-1.000000000,-1.000000000,-1.000000000,0,1,1,1,0,1,33480,0,371,0,1,1,0,0,0.594205737,1,0.594205729,0,371,20,1293
252,1341846443.658165932,2,1,0,0.025641520,0.000000242,0.017269389,0.042911151,0.398632812,0.000000000,0,0,252,0,0,0,0,0,0,0,0,0,0,0,0,-1.000000000,-1.000000000,-1.000000000,-1.000000000,0,0,0,-1.000000000,none,0,0,0,-1,-1,0,-1.000000000,-1.000000000,0,0.000000000,0,0,0,0,-1,-1,-1,-1,0,-1.000000000,-1.000000000,0,-1.000000000,-1.000000000,-1.000000000,-1.000000000,-1.000000000,-1.000000000,0,1,1,138,0,1,27896,0,221,0,132,132,0,0,0.601367176,1,0.601367187,0,221,20,1406
253,1341846443.694065094,2,1,0,0.027675783,0.000000218,0.017354338,0.045030339,0.441972656,0.000000000,0,0,253,0,0,0,0,0,0,0,0,0,0,0,0,-1.000000000,-1.000000000,-1.000000000,-1.000000000,0,0,0,-1.000000000,none,0,0,0,-1,-1,0,-1.000000000,-1.000000000,0,0.000000000,0,0,0,0,-1,-1,-1,-1,0,-1.000000000,-1.000000000,0,-1.000000000,-1.000000000,-1.000000000,-1.000000000,-1.000000000,-1.000000000,0,1,1,113,0,1,16297,0,268,0,105,105,0,0,0.558027327,1,0.558027344,0,268,20,1215
254,1341846443.726281881,2,1,0,0.030723344,0.000000220,0.019129447,0.049853011,0.312708333,0.000000000,0,0,254,0,0,0,0,0,0,0,0,0,0,0,0,-1.000000000,-1.000000000,-1.000000000,-1.000000000,0,0,0,-1.000000000,none,0,0,0,-1,-1,0,-1.000000000,-1.000000000,0,0.000000000,0,0,0,0,-1,-1,-1,-1,0,-1.000000000,-1.000000000,0,-1.000000000,-1.000000000,-1.000000000,-1.000000000,-1.000000000,-1.000000000,0,1,1,142,0,1,6318,0,332,0,132,132,0,0,0.687291682,1,0.687291667,0,332,20,1381
255,1341846443.770837069,2,1,0,0.034219687,0.000000150,0.019911048,0.054130885,0.331464844,0.000000000,0,0,255,0,0,0,0,0,0,0,0,0,0,0,0,-1.000000000,-1.000000000,-1.000000000,-1.000000000,0,0,0,-1.000000000,none,0,0,0,-1,-1,0,-1.000000000,-1.000000000,0,0.000000000,0,0,0,0,-1,-1,-1,-1,0,-1.000000000,-1.000000000,0,-1.000000000,-1.000000000,-1.000000000,-1.000000000,-1.000000000,-1.000000000,0,1,1,310,0,1,9721,0,322,0,287,287,0,0,0.668535173,1,0.668535156,0,322,20,1263
256,1341846443.800403118,2,1,0,0.036313997,0.000000167,0.017426015,0.053740179,0.350738932,0.000000000,0,0,256,0,0,0,0,0,0,0,0,0,0,0,0,-1.000000000,-1.000000000,-1.000000000,-1.000000000,0,0,0,-1.000000000,none,0,0,0,-1,-1,0,-1.000000000,-1.000000000,0,0.000000000,0,0,0,0,-1,-1,-1,-1,0,-1.000000000,-1.000000000,0,-1.000000000,-1.000000000,-1.000000000,-1.000000000,-1.000000000,-1.000000000,0,1,1,11,0,1,14404,0,290,0,5,5,0,0,0.649261057,1,0.649261068,0,290,20,1306
257,1341846443.831984043,2,1,0,0.026937946,0.000000193,0.016873816,0.043811955,0.379602865,0.000000000,0,0,257,0,0,0,0,0,0,0,0,0,0,0,0,-1.000000000,-1.000000000,-1.000000000,-1.000000000,0,0,0,-1.000000000,none,0,0,0,-1,-1,0,-1.000000000,-1.000000000,0,0.000000000,0,0,0,0,-1,-1,-1,-1,0,-1.000000000,-1.000000000,0,-1.000000000,-1.000000000,-1.000000000,-1.000000000,-1.000000000,-1.000000000,0,1,1,500,0,1,13337,0,319,0,484,484,0,0,0.620397151,1,0.620397135,0,319,20,1182
258,1341846443.868057013,2,1,0,0.033949177,0.000000185,0.014303523,0.048252885,0.402210286,0.000000000,0,0,258,0,0,0,0,0,0,0,0,0,0,0,0,-1.000000000,-1.000000000,-1.000000000,-1.000000000,0,0,0,-1.000000000,none,0,0,0,-1,-1,0,-1.000000000,-1.000000000,0,0.000000000,0,0,0,0,-1,-1,-1,-1,0,-1.000000000,-1.000000000,0,-1.000000000,-1.000000000,-1.000000000,-1.000000000,-1.000000000,-1.000000000,0,1,1,59,0,1,19207,0,300,0,36,36,0,0,0.597789705,1,0.597789714,0,300,20,1201
259,1341846443.900439024,2,1,0,0.032914091,0.000000170,0.016905766,0.049820027,0.354501953,0.000000000,0,0,259,0,0,0,0,0,0,0,0,0,0,0,0,-1.000000000,-1.000000000,-1.000000000,-1.000000000,0,0,0,-1.000000000,none,0,0,0,-1,-1,0,-1.000000000,-1.000000000,0,0.000000000,0,0,0,0,-1,-1,-1,-1,0,-1.000000000,-1.000000000,0,-1.000000000,-1.000000000,-1.000000000,-1.000000000,-1.000000000,-1.000000000,0,1,1,283,0,1,10402,0,312,0,265,265,0,0,0.645498037,1,0.645498047,0,312,20,1352
260,1341846443.932085991,2,1,0,0.032502165,0.000000144,0.040954598,0.073456907,0.325354818,0.000000000,0,0,260,0,0,0,0,0,0,0,0,0,0,0,0,-1.000000000,-1.000000000,-1.000000000,-1.000000000,0,0,0,-1.000000000,none,0,0,0,-1,-1,0,-1.000000000,-1.000000000,0,0.000000000,0,0,0,0,-1,-1,-1,-1,0,-1.000000000,-1.000000000,0,-1.000000000,-1.000000000,-1.000000000,-1.000000000,-1.000000000,-1.000000000,0,1,1,125,0,1,11949,0,372,0,112,112,0,0,0.674645185,1,0.674645182,0,372,20,1339
261,1341846443.993911982,2,1,0,0.028793305,0.000000201,0.016976685,0.045770191,0.331673177,0.000000000,0,0,261,0,0,0,0,0,0,0,0,0,0,0,0,-1.000000000,-1.000000000,-1.000000000,-1.000000000,0,0,0,-1.000000000,none,0,0,0,-1,-1,0,-1.000000000,-1.000000000,0,0.000000000,0,0,0,0,-1,-1,-1,-1,0,-1.000000000,-1.000000000,0,-1.000000000,-1.000000000,-1.000000000,-1.000000000,-1.000000000,-1.000000000,0,1,1,291,0,1,15604,0,406,0,280,280,0,0,0.668326795,1,0.668326823,0,406,20,1382
262,1341846444.029923916,2,1,0,0.027663637,0.000000151,0.016878062,0.044541850,0.309921875,0.000000000,0,0,262,0,0,0,0,0,0,0,0,0,0,0,0,-1.000000000,-1.000000000,-1.000000000,-1.000000000,0,0,0,-1.000000000,none,0,0,0,-1,-1,0,-1.000000000,-1.000000000,0,0.000000000,0,0,0,0,-1,-1,-1,-1,0,-1.000000000,-1.000000000,0,-1.000000000,-1.000000000,-1.000000000,-1.000000000,-1.000000000,-1.000000000,0,1,1,573,0,1,12337,0,374,0,515,515,0,0,0.690078139,1,0.690078125,0,374,20,1378
263,1341846444.061948061,2,1,0,0.033240991,0.000000195,0.015455771,0.048696957,0.297067057,0.000000000,0,0,263,0,0,0,0,0,0,0,0,0,0,0,0,-1.000000000,-1.000000000,-1.000000000,-1.000000000,0,0,0,-1.000000000,none,0,0,0,-1,-1,0,-1.000000000,-1.000000000,0,0.000000000,0,0,0,0,-1,-1,-1,-1,0,-1.000000000,-1.000000000,0,-1.000000000,-1.000000000,-1.000000000,-1.000000000,-1.000000000,-1.000000000,0,1,1,355,0,1,12917,0,372,0,329,329,0,0,0.702932954,1,0.702932943,0,372,20,1389
264,1341846444.093983889,2,1,0,0.024622189,0.000000195,0.016540941,0.041163325,0.291555990,0.000000000,0,0,264,0,0,0,0,0,0,0,0,0,0,0,0,-1.000000000,-1.000000000,-1.000000000,-1.000000000,0,0,0,-1.000000000,none,0,0,0,-1,-1,0,-1.000000000,-1.000000000,0,0.000000000,0,0,0,0,-1,-1,-1,-1,0,-1.000000000,-1.000000000,0,-1.000000000,-1.000000000,-1.000000000,-1.000000000,-1.000000000,-1.000000000,0,1,1,608,0,1,12222,0,375,0,543,543,0,0,0.708443999,1,0.708444010,0,375,20,1403
265,1341846444.129915953,2,1,0,0.028955751,0.000000359,0.017984183,0.046940293,0.272167969,0.000000000,0,0,265,0,0,0,0,0,0,0,0,0,0,0,0,-1.000000000,-1.000000000,-1.000000000,-1.000000000,0,0,0,-1.000000000,none,0,0,0,-1,-1,0,-1.000000000,-1.000000000,0,0.000000000,0,0,0,0,-1,-1,-1,-1,0,-1.000000000,-1.000000000,0,-1.000000000,-1.000000000,-1.000000000,-1.000000000,-1.000000000,-1.000000000,0,1,1,1141,0,1,9840,0,368,0,1117,1117,0,0,0.727832019,1,0.727832031,0,368,20,1432
266,1341846444.162326097,2,1,0,0.028284690,0.000000124,0.016343433,0.044628247,0.317014974,0.000000000,0,0,266,0,0,0,0,0,0,0,0,0,0,0,0,-1.000000000,-1.000000000,-1.000000000,-1.000000000,0,0,0,-1.000000000,none,0,0,0,-1,-1,0,-1.000000000,-1.000000000,0,0.000000000,0,0,0,0,-1,-1,-1,-1,0,-1.000000000,-1.000000000,0,-1.000000000,-1.000000000,-1.000000000,-1.000000000,-1.000000000,-1.000000000,0,1,1,248,0,1,18438,0,361,0,227,227,0,0,0.682985008,1,0.682985026,0,361,20,1358
267,1341846444.198431015,2,1,0,0.045631371,0.000000135,0.017723594,0.063355100,0.332470703,0.000000000,0,0,267,0,0,0,0,0,0,0,0,0,0,0,0,-1.000000000,-1.000000000,-1.000000000,-1.000000000,0,0,0,-1.000000000,none,0,0,0,-1,-1,0,-1.000000000,-1.000000000,0,0.000000000,0,0,0,0,-1,-1,-1,-1,0,-1.000000000,-1.000000000,0,-1.000000000,-1.000000000,-1.000000000,-1.000000000,-1.000000000,-1.000000000,0,1,1,1084,0,1,19804,0,339,0,1037,1037,0,0,0.667529285,1,0.667529297,0,339,20,1495
268,1341846444.229953051,2,1,0,0.024844608,0.000000111,0.021647518,0.046492237,0.316852214,0.000000000,0,0,268,0,0,0,0,0,0,0,0,0,0,0,0,-1.000000000,-1.000000000,-1.000000000,-1.000000000,0,0,0,-1.000000000,none,0,0,0,-1,-1,0,-1.000000000,-1.000000000,0,0.000000000,0,0,0,0,-1,-1,-1,-1,0,-1.000000000,-1.000000000,0,-1.000000000,-1.000000000,-1.000000000,-1.000000000,-1.000000000,-1.000000000,0,1,1,634,0,1,17027,0,311,0,596,596,0,0,0.683147788,1,0.683147786,0,311,20,1560
269,1341846444.261919022,2,1,0,0.031832329,0.000000184,0.018191669,0.050024182,0.314501953,0.000000000,0,0,269,0,0,0,0,0,0,0,0,0,0,0,0,-1.000000000,-1.000000000,-1.000000000,-1.000000000,0,0,0,-1.000000000,none,0,0,0,-1,-1,0,-1.000000000,-1.000000000,0,0.000000000,0,0,0,0,-1,-1,-1,-1,0,-1.000000000,-1.000000000,0,-1.000000000,-1.000000000,-1.000000000,-1.000000000,-1.000000000,-1.000000000,0,1,1,214,0,1,20777,0,471,0,189,189,0,0,0.685498059,1,0.685498047,0,471,20,1476
270,1341846444.298028946,2,1,0,0.037508187,0.000000133,0.015831068,0.053339388,0.376523438,0.000000000,0,0,270,0,0,0,0,0,0,0,0,0,0,0,0,-1.000000000,-1.000000000,-1.000000000,-1.000000000,0,0,0,-1.000000000,none,0,0,0,-1,-1,0,-1.000000000,-1.000000000,0,0.000000000,0,0,0,0,-1,-1,-1,-1,0,-1.000000000,-1.000000000,0,-1.000000000,-1.000000000,-1.000000000,-1.000000000,-1.000000000,-1.000000000,0,1,1,982,0,1,40211,0,415,0,944,944,0,0,0.623476565,1,0.623476563,0,415,20,1241
271,1341846444.335958958,2,1,0,0.029735167,0.000000213,0.015518702,0.045254082,0.398837891,0.000000000,0,0,271,0,0,0,0,0,0,0,0,0,0,0,0,-1.000000000,-1.000000000,-1.000000000,-1.000000000,0,0,0,-1.000000000,none,0,0,0,-1,-1,0,-1.000000000,-1.000000000,0,0.000000000,0,0,0,0,-1,-1,-1,-1,0,-1.000000000,-1.000000000,0,-1.000000000,-1.000000000,-1.000000000,-1.000000000,-1.000000000,-1.000000000,0,1,1,627,0,1,41643,0,310,0,610,610,0,0,0.601162136,1,0.601162109,0,310,20,1510
272,1341846444.398189068,2,1,0,0.028944761,0.000000119,0.016269905,0.045214785,0.368893229,0.000000000,0,0,272,0,0,0,0,0,0,0,0,0,0,0,0,-1.000000000,-1.000000000,-1.000000000,-1.000000000,0,0,0,-1.000000000,none,0,0,0,-1,-1,0,-1.000000000,-1.000000000,0,0.000000000,0,0,0,0,-1,-1,-1,-1,0,-1.000000000,-1.000000000,0,-1.000000000,-1.000000000,-1.000000000,-1.000000000,-1.000000000,-1.000000000,0,1,1,886,0,1,26898,0,398,0,854,854,0,0,0.631106794,1,0.631106771,0,398,20,1532
273,1341846444.429979086,2,1,0,0.032722489,0.000000241,0.017786147,0.050508877,0.286891276,0.000000000,0,0,273,0,0,0,0,0,0,0,0,0,0,0,0,-1.000000000,-1.000000000,-1.000000000,-1.000000000,0,0,0,-1.000000000,none,0,0,0,-1,-1,0,-1.000000000,-1.000000000,0,0.000000000,0,0,0,0,-1,-1,-1,-1,0,-1.000000000,-1.000000000,0,-1.000000000,-1.000000000,-1.000000000,-1.000000000,-1.000000000,-1.000000000,0,1,1,969,0,1,22358,0,415,0,928,928,0,0,0.713108718,1,0.713108724,0,415,20,1631
274,1341846444.466022015,2,1,0,0.029501681,0.000000202,0.018242339,0.047744222,0.279020182,0.000000000,0,0,274,0,0,0,0,0,0,0,0,0,0,0,0,-1.000000000,-1.000000000,-1.000000000,-1.000000000,0,0,0,-1.000000000,none,0,0,0,-1,-1,0,-1.000000000,-1.000000000,0,0.000000000,0,0,0,0,-1,-1,-1,-1,0,-1.000000000,-1.000000000,0,-1.000000000,-1.000000000,-1.000000000,-1.000000000,-1.000000000,-1.000000000,0,1,1,2619,0,1,21912,0,440,0,2536,2536,0,0,0.720979810,1,0.720979818,0,440,20,1590
275,1341846444.498181105,2,1,0,0.039280854,0.000000297,0.017491888,0.056773039,0.281614583,0.000000000,0,0,275,0,0,0,0,0,0,0,0,0,0,0,0,-1.000000000,-1.000000000,-1.000000000,-1.000000000,0,0,0,-1.000000000,none,0,0,0,-1,-1,0,-1.000000000,-1.000000000,0,0.000000000,0,0,0,0,-1,-1,-1,-1,0,-1.000000000,-1.000000000,0,-1.000000000,-1.000000000,-1.000000000,-1.000000000,-1.000000000,-1.000000000,0,1,1,2182,0,1,23594,0,434,0,2109,2109,0,0,0.718385398,1,0.718385417,0,434,20,1629
276,1341846444.530364037,2,1,0,0.031777885,0.000000122,0.017411499,0.049189506,0.292779948,0.000000000,0,0,276,0,0,0,0,0,0,0,0,0,0,0,0,-1.000000000,-1.000000000,-1.000000000,-1.000000000,0,0,0,-1.000000000,none,0,0,0,-1,-1,0,-1.000000000,-1.000000000,0,0.000000000,0,0,0,0,-1,-1,-1,-1,0,-1.000000000,-1.000000000,0,-1.000000000,-1.000000000,-1.000000000,-1.000000000,-1.000000000,-1.000000000,0,1,1,907,0,1,28506,0,423,0,850,850,0,0,0.707220078,1,0.707220052,0,423,20,1650
277,1341846444.566040039,2,1,0,0.031890711,0.000000149,0.020058966,0.051949826,0.278675130,0.000000000,0,0,277,0,0,0,0,0,0,0,0,0,0,0,0,-1.000000000,-1.000000000,-1.000000000,-1.000000000,0,0,0,-1.000000000,none,0,0,0,-1,-1,0,-1.000000000,-1.000000000,0,0.000000000,0,0,0,0,-1,-1,-1,-1,0,-1.000000000,-1.000000000,0,-1.000000000,-1.000000000,-1.000000000,-1.000000000,-1.000000000,-1.000000000,0,1,1,1360,0,1,22151,0,441,0,1299,1299,0,0,0.721324861,1,0.721324870,0,441,20,1612
278,1341846444.598131895,2,1,0,0.033801397,0.000000167,0.018269647,0.052071211,0.266298828,0.000000000,0,0,278,0,0,0,0,0,0,0,0,0,0,0,0,-1.000000000,-1.000000000,-1.000000000,-1.000000000,0,0,0,-1.000000000,none,0,0,0,-1,-1,0,-1.000000000,-1.000000000,0,0.000000000,0,0,0,0,-1,-1,-1,-1,0,-1.000000000,-1.000000000,0,-1.000000000,-1.000000000,-1.000000000,-1.000000000,-1.000000000,-1.000000000,0,1,1,2481,0,1,21722,0,441,0,2410,2410,0,0,0.733701169,1,0.733701172,0,441,20,1643
279,1341846444.630023956,2,1,0,0.026005477,0.000000141,0.017521323,0.043526941,0.264905599,0.000000000,0,0,279,0,0,0,0,0,0,0,0,0,0,0,0,-1.000000000,-1.000000000,-1.000000000,-1.000000000,0,0,0,-1.000000000,none,0,0,0,-1,-1,0,-1.000000000,-1.000000000,0,0.000000000,0,0,0,0,-1,-1,-1,-1,0,-1.000000000,-1.000000000,0,-1.000000000,-1.000000000,-1.000000000,-1.000000000,-1.000000000,-1.000000000,0,1,1,1072,0,1,20871,0,457,0,984,984,0,0,0.735094428,1,0.735094401,0,457,20,1636
280,1341846444.666107893,2,1,0,0.037545397,0.000000137,0.016359691,0.053905225,0.310325521,0.000000000,0,0,280,0,0,0,0,0,0,0,0,0,0,0,0,-1.000000000,-1.000000000,-1.000000000,-1.000000000,0,0,0,-1.000000000,none,0,0,0,-1,-1,0,-1.000000000,-1.000000000,0,0.000000000,0,0,0,0,-1,-1,-1,-1,0,-1.000000000,-1.000000000,0,-1.000000000,-1.000000000,-1.000000000,-1.000000000,-1.000000000,-1.000000000,0,1,1,1533,0,1,29298,0,459,0,1490,1490,0,0,0.689674497,1,0.689674479,0,459,20,1621
281,1341846444.697994947,2,1,0,0.033739157,0.000000153,0.018478697,0.052218007,0.288867188,0.000000000,0,0,281,0,0,0,0,0,0,0,0,0,0,0,0,-1.000000000,-1.000000000,-1.000000000,-1.000000000,0,0,0,-1.000000000,none,0,0,0,-1,-1,0,-1.000000000,-1.000000000,0,0.000000000,0,0,0,0,-1,-1,-1,-1,0,-1.000000000,-1.000000000,0,-1.000000000,-1.000000000,-1.000000000,-1.000000000,-1.000000000,-1.000000000,0,1,1,2705,0,1,23157,0,467,0,2636,2636,0,0,0.711132824,1,0.711132813,0,467,20,1670
282,1341846444.734205008,2,1,0,0.035091811,0.000000180,0.016184997,0.051276988,0.325104167,0.000000000,0,0,282,0,0,0,0,0,0,0,0,0,0,0,0,-1.000000000,-1.000000000,-1.000000000,-1.000000000,0,0,0,-1.000000000,none,0,0,0,-1,-1,0,-1.000000000,-1.000000000,0,0.000000000,0,0,0,0,-1,-1,-1,-1,0,-1.000000000,-1.000000000,0,-1.000000000,-1.000000000,-1.000000000,-1.000000000,-1.000000000,-1.000000000,0,1,1,1023,0,1,31625,0,444,0,948,948,0,0,0.674895823,1,0.674895833,0,444,20,1592
283,1341846444.766262054,2,1,0,0.046761161,0.000000318,0.017395909,0.064157388,0.338287760,0.000000000,0,0,283,0,0,0,0,0,0,0,0,0,0,0,0,-1.000000000,-1.000000000,-1.000000000,-1.000000000,0,0,0,-1.000000000,none,0,0,0,-1,-1,0,-1.000000000,-1.000000000,0,0.000000000,0,0,0,0,-1,-1,-1,-1,0,-1.000000000,-1.000000000,0,-1.000000000,-1.000000000,-1.000000000,-1.000000000,-1.000000000,-1.000000000,0,1,1,1115,0,1,29421,0,444,0,1046,1046,0,0,0.661712229,1,0.661712240,0,444,20,1459
284,1341846444.798037052,2,1,0,0.034853580,0.000000162,0.023144470,0.057998212,0.339309896,0.000000000,0,0,284,0,0,0,0,0,0,0,0,0,0,0,0,-1.000000000,-1.000000000,-1.000000000,-1.000000000,0,0,0,-1.000000000,none,0,0,0,-1,-1,0,-1.000000000,-1.000000000,0,0.000000000,0,0,0,0,-1,-1,-1,-1,0,-1.000000000,-1.000000000,0,-1.000000000,-1.000000000,-1.000000000,-1.000000000,-1.000000000,-1.000000000,0,1,1,194,0,1,36344,0,457,0,145,145,0,0,0.660690129,1,0.660690104,0,457,20,1615
285,1341846444.833971977,2,1,0,0.025494830,0.000000192,0.018372713,0.043867735,0.271136068,0.000000000,0,0,285,0,0,0,0,0,0,0,0,0,0,0,0,-1.000000000,-1.000000000,-1.000000000,-1.000000000,0,0,0,-1.000000000,none,0,0,0,-1,-1,0,-1.000000000,-1.000000000,0,0.000000000,0,0,0,0,-1,-1,-1,-1,0,-1.000000000,-1.000000000,0,-1.000000000,-1.000000000,-1.000000000,-1.000000000,-1.000000000,-1.000000000,0,1,1,389,0,1,20195,0,477,0,370,370,0,0,0.728863955,1,0.728863932,0,477,20,1630
286,1341846444.866116047,2,1,0,0.023731376,0.000000423,0.019229033,0.042960832,0.254606120,0.000000000,0,0,286,0,0,0,0,0,0,0,0,0,0,0,0,-1.000000000,-1.000000000,-1.000000000,-1.000000000,0,0,0,-1.000000000,none,0,0,0,-1,-1,0,-1.000000000,-1.000000000,0,0.000000000,0,0,0,0,-1,-1,-1,-1,0,-1.000000000,-1.000000000,0,-1.000000000,-1.000000000,-1.000000000,-1.000000000,-1.000000000,-1.000000000,0,1,1,332,0,1,18670,0,457,0,317,317,0,0,0.745393872,1,0.745393880,0,457,20,1554
287,1341846444.898025036,2,1,0,0.036151696,0.000000242,0.018206209,0.054358147,0.279082031,0.000000000,0,0,287,0,0,0,0,0,0,0,0,0,0,0,0,-1.000000000,-1.000000000,-1.000000000,-1.000000000,0,0,0,-1.000000000,none,0,0,0,-1,-1,0,-1.000000000,-1.000000000,0,0.000000000,0,0,0,0,-1,-1,-1,-1,0,-1.000000000,-1.000000000,0,-1.000000000,-1.000000000,-1.000000000,-1.000000000,-1.000000000,-1.000000000,0,1,1,235,0,1,25068,0,475,0,205,205,0,0,0.720917940,1,0.720917969,0,475,20,1555
288,1341846444.934154987,2,1,0,0.025507970,0.000000122,0.019657544,0.045165636,0.284863281,0.000000000,0,0,288,0,0,0,0,0,0,0,0,0,0,0,0,-1.000000000,-1.000000000,-1.000000000,-1.000000000,0,0,0,-1.000000000,none,0,0,0,-1,-1,0,-1.000000000,-1.000000000,0,0.000000000,0,0,0,0,-1,-1,-1,-1,0,-1.000000000,-1.000000000,0,-1.000000000,-1.000000000,-1.000000000,-1.000000000,-1.000000000,-1.000000000,0,1,1,215,0,1,26680,0,476,0,202,202,0,0,0.715136707,1,0.715136719,0,476,20,1505
289,1341846444.972057104,2,1,0,0.030534329,0.000000193,0.019104151,0.049638673,0.249638672,0.000000000,0,0,289,0,0,0,0,0,0,0,0,0,0,0,0,-1.000000000,-1.000000000,-1.000000000,-1.000000000,0,0,0,-1.000000000,none,0,0,0,-1,-1,0,-1.000000000,-1.000000000,0,0.000000000,0,0,0,0,-1,-1,-1,-1,0,-1.000000000,-1.000000000,0,-1.000000000,-1.000000000,-1.000000000,-1.000000000,-1.000000000,-1.000000000,0,1,1,802,0,1,21768,0,491,0,758,758,0,0,0.750361323,1,0.750361328,0,491,20,1537
290,1341846445.034070969,2,1,0,0.026565614,0.000000236,0.018847233,0.045413083,0.317148437,0.000000000,0,0,290,0,0,0,0,0,0,0,0,0,0,0,0,-1.000000000,-1.000000000,-1.000000000,-1.000000000,0,0,0,-1.000000000,none,0,0,0,-1,-1,0,-1.000000000,-1.000000000,0,0.000000000,0,0,0,0,-1,-1,-1,-1,0,-1.000000000,-1.000000000,0,-1.000000000,-1.000000000,-1.000000000,-1.000000000,-1.000000000,-1.000000000,0,1,1,789,0,1,39544,0,499,0,759,759,0,0,0.682851553,1,0.682851563,0,499,20,1451
291,1341846445.065987110,2,1,0,0.027160325,0.000000392,0.019958593,0.047119310,0.272005208,0.000000000,0,0,291,0,0,0,0,0,0,0,0,0,0,0,0,-1.000000000,-1.000000000,-1.000000000,-1.000000000,0,0,0,-1.000000000,none,0,0,0,-1,-1,0,-1.000000000,-1.000000000,0,0.000000000,0,0,0,0,-1,-1,-1,-1,0,-1.000000000,-1.000000000,0,-1.000000000,-1.000000000,-1.000000000,-1.000000000,-1.000000000,-1.000000000,0,1,1,1420,0,1,27891,0,462,0,1347,1347,0,0,0.727994800,1,0.727994792,0,462,20,1481
292,1341846445.102399111,2,1,0,0.035028696,0.000000151,0.016519974,0.051548821,0.320159505,0.000000000,0,0,292,0,0,0,0,0,0,0,0,0,0,0,0,-1.000000000,-1.000000000,-1.000000000,-1.000000000,0,0,0,-1.000000000,none,0,0,0,-1,-1,0,-1.000000000,-1.000000000,0,0.000000000,0,0,0,0,-1,-1,-1,-1,0,-1.000000000,-1.000000000,0,-1.000000000,-1.000000000,-1.000000000,-1.000000000,-1.000000000,-1.000000000,0,1,1,1336,0,1,31492,0,473,0,1283,1283,0,0,0.679840505,1,0.679840495,0,473,20,1489
293,1341846445.134053946,2,1,0,0.034395375,0.000000129,0.017843812,0.052239316,0.307177734,0.000000000,0,0,293,0,0,0,0,0,0,0,0,0,0,0,0,-1.000000000,-1.000000000,-1.000000000,-1.000000000,0,0,0,-1.000000000,none,0,0,0,-1,-1,0,-1.000000000,-1.000000000,0,0.000000000,0,0,0,0,-1,-1,-1,-1,0,-1.000000000,-1.000000000,0,-1.000000000,-1.000000000,-1.000000000,-1.000000000,-1.000000000,-1.000000000,0,1,1,1370,0,1,29539,0,475,0,1248,1248,0,0,0.692822278,1,0.692822266,0,475,20,1457
294,1341846445.170197964,2,1,0,0.028478106,0.000000295,0.018647367,0.047125768,0.336142578,0.000000000,0,0,294,0,0,0,0,0,0,0,0,0,0,0,0,-1.000000000,-1.000000000,-1.000000000,-1.000000000,0,0,0,-1.000000000,none,0,0,0,-1,-1,0,-1.000000000,-1.000000000,0,0.000000000,0,0,0,0,-1,-1,-1,-1,0,-1.000000000,-1.000000000,0,-1.000000000,-1.000000000,-1.000000000,-1.000000000,-1.000000000,-1.000000000,0,1,1,1205,0,1,33875,0,442,0,1151,1151,0,0,0.663857400,1,0.663857422,0,442,20,1473
295,1341846445.202068090,2,1,0,0.035047115,0.000000128,0.023865820,0.058913063,0.308037109,0.000000000,0,0,295,0,0,0,0,0,0,0,0,0,0,0,0,-1.000000000,-1.000000000,-1.000000000,-1.000000000,0,0,0,-1.000000000,none,0,0,0,-1,-1,0,-1.000000000,-1.000000000,0,0.000000000,0,0,0,0,-1,-1,-1,-1,0,-1.000000000,-1.000000000,0,-1.000000000,-1.000000000,-1.000000000,-1.000000000,-1.000000000,-1.000000000,0,1,1,3705,0,1,22318,0,410,0,3597,3597,0,0,0.691962898,1,0.691962891,0,410,20,1169
296,1341846445.234201908,2,1,0,0.030196849,0.000000113,0.017058100,0.047255062,0.324752604,0.000000000,0,0,296,0,0,0,0,0,0,0,0,0,0,0,0,-1.000000000,-1.000000000,-1.000000000,-1.000000000,0,0,0,-1.000000000,none,0,0,0,-1,-1,0,-1.000000000,-1.000000000,0,0.000000000,0,0,0,0,-1,-1,-1,-1,0,-1.000000000,-1.000000000,0,-1.000000000,-1.000000000,-1.000000000,-1.000000000,-1.000000000,-1.000000000,0,1,1,2539,0,1,36430,0,350,0,2413,2413,0,0,0.675247371,1,0.675247396,0,350,20,1316
297,1341846445.270262003,2,1,0,0.039746708,0.000000246,0.020185612,0.059932566,0.324078776,0.000000000,0,0,297,0,0,0,0,0,0,0,0,0,0,0,0,-1.000000000,-1.000000000,-1.000000000,-1.000000000,0,0,0,-1.000000000,none,0,0,0,-1,-1,0,-1.000000000,-1.000000000,0,0.000000000,0,0,0,0,-1,-1,-1,-1,0,-1.000000000,-1.000000000,0,-1.000000000,-1.000000000,-1.000000000,-1.000000000,-1.000000000,-1.000000000,0,1,1,1365,0,1,38253,0,405,0,1191,1191,0,0,0.675921202,1,0.675921224,0,405,20,1434
298,1341846445.334212065,2,1,0,0.035284083,0.000000171,0.019205433,0.054489687,0.363593750,0.000000000,0,0,298,0,0,0,0,0,0,0,0,0,0,0,0,-1.000000000,-1.000000000,-1.000000000,-1.000000000,0,0,0,-1.000000000,none,0,0,0,-1,-1,0,-1.000000000,-1.000000000,0,0.000000000,0,0,0,0,-1,-1,-1,-1,0,-1.000000000,-1.000000000,0,-1.000000000,-1.000000000,-1.000000000,-1.000000000,-1.000000000,-1.000000000,0,1,1,730,0,1,42828,0,402,0,689,689,0,0,0.636406243,1,0.636406250,0,402,20,1366
299,1341846445.370095015,2,1,0,0.031891463,0.000000143,0.019970200,0.051861806,0.317828776,0.000000000,0,0,299,0,0,0,0,0,0,0,0,0,0,0,0,-1.000000000,-1.000000000,-1.000000000,-1.000000000,0,0,0,-1.000000000,none,0,0,0,-1,-1,0,-1.000000000,-1.000000000,0,0.000000000,0,0,0,0,-1,-1,-1,-1,0,-1.000000000,-1.000000000,0,-1.000000000,-1.000000000,-1.000000000,-1.000000000,-1.000000000,-1.000000000,0,1,1,686,0,1,39476,0,463,0,643,643,0,0,0.682171226,1,0.682171224,0,463,20,1438
