frame,timestamp,tracking_state,pose_valid,lost,mask_seconds,motion_prior_seconds,tracking_seconds,compute_seconds,dynamic_ratio,motion_foreground_fraction,prior_valid,prior_raw_valid,prior_source_frame,prior_shuffle_lag_frames,prior_gate_bypassed,prior_candidate,prior_consensus_pass,direct_validation_valid,direct_validation_pass,prior_common_support_pass,prior_would_use,prior_used,oracle_valid,oracle_prefers_dynamic,oracle_applied,oracle_static_translation_error_m,oracle_dynamic_translation_error_m,oracle_static_rotation_error_rad,oracle_dynamic_rotation_error_rad,shadow_translation_active,shadow_translation_applied,shadow_translation_remaining,shadow_translation_innovation_m,shadow_translation_stop_reason,shadow_translation_factor_injected,posterior_valid,posterior_pass,posterior_static_inliers,posterior_dynamic_inliers,posterior_common_support,posterior_static_score,posterior_dynamic_score,velocity_neutralized,prior_information,prior_objects_observed,prior_objects_used,prior_feature_tracks,prior_inlier_tracks,prior_static_matches,prior_dynamic_matches,prior_static_inliers,prior_dynamic_inliers,prior_common_support,prior_static_common_score,prior_dynamic_common_score,direct_common_support,direct_static_depth_score,direct_dynamic_depth_score,direct_static_photometric_score,direct_dynamic_photometric_score,direct_static_combined_score,direct_dynamic_combined_score,trajectory_carried_forward,mask_pose_predicted,temporal_refinement_applied,temporal_recovered_static_pixels,temporal_added_dynamic_pixels,temporal_flow_guard_valid,temporal_flow_guard_rejected_pixels,temporal_recovery_risk_active,temporal_recovery_risk_previous_inliers,temporal_recovery_risk_hold_remaining,tracking_recovery_candidate_pixels,tracking_recovery_blocked_pixels,tracking_recovery_audit_pixels,tracking_recovery_mapping_leak_pixels,static_mask_ratio,mapping_weight_present,mapping_static_ratio,adaptive_feature_active,adaptive_feature_previous_inliers,adaptive_fast_threshold,extracted_features
0,1341846313.592025995,2,1,0,0.017954224,0.000000125,0.019649021,0.037603370,0.476051432,0.000000000,0,0,0,0,0,0,0,0,0,0,0,0,0,0,0,-1.000000000,-1.000000000,-1.000000000,-1.000000000,0,0,0,-1.000000000,none,0,0,0,-1,-1,0,-1.000000000,-1.000000000,0,0.000000000,0,0,0,0,-1,-1,-1,-1,0,-1.000000000,-1.000000000,0,-1.000000000,-1.000000000,-1.000000000,-1.000000000,-1.000000000,-1.000000000,0,0,0,0,0,0,0,0,-1,0,0,0,0,0,0.523948550,1,0.523948568,0,-1,20,818
1,1341846313.654184103,2,1,0,0.021604468,0.000000063,0.015944002,0.037548533,0.531783854,0.000000000,0,0,1,0,0,0,0,0,0,0,0,0,0,0,0,-1.000000000,-1.000000000,-1.000000000,-1.000000000,0,0,0,-1.000000000,none,0,0,0,-1,-1,0,-1.000000000,-1.000000000,0,0.000000000,0,0,0,0,-1,-1,-1,-1,0,-1.000000000,-1.000000000,0,-1.000000000,-1.000000000,-1.000000000,-1.000000000,-1.000000000,-1.000000000,0,0,0,0,0,1,0,0,0,0,0,0,0,0,0.468216151,1,0.468216146,0,0,20,786
2,1341846313.686156034,2,1,0,0.021939236,0.000000041,0.011849546,0.033788823,0.536666667,0.000000000,0,0,2,0,0,0,0,0,0,0,0,0,0,0,0,-1.000000000,-1.000000000,-1.000000000,-1.000000000,0,0,0,-1.000000000,none,0,0,0,-1,-1,0,-1.000000000,-1.000000000,0,0.000000000,0,0,0,0,-1,-1,-1,-1,0,-1.000000000,-1.000000000,0,-1.000000000,-1.000000000,-1.000000000,-1.000000000,-1.000000000,-1.000000000,0,1,0,0,0,1,0,0,245,0,0,0,0,0,0.463333338,1,0.463333333,0,245,20,773
3,1341846313.721918106,2,1,0,0.027261685,0.000000051,0.011043560,0.038305296,0.528317057,0.000000000,0,0,3,0,0,0,0,0,0,0,0,0,0,0,0,-1.000000000,-1.000000000,-1.000000000,-1.000000000,0,0,0,-1.000000000,none,0,0,0,-1,-1,0,-1.000000000,-1.000000000,0,0.000000000,0,0,0,0,-1,-1,-1,-1,0,-1.000000000,-1.000000000,0,-1.000000000,-1.000000000,-1.000000000,-1.000000000,-1.000000000,-1.000000000,0,1,0,0,0,1,0,0,235,0,0,0,0,0,0.471682936,1,0.471682943,0,235,20,770
4,1341846313.753993988,2,1,0,0.016753912,0.000000057,0.012231847,0.028985816,0.557008464,0.000000000,0,0,4,0,0,0,0,0,0,0,0,0,0,0,0,-1.000000000,-1.000000000,-1.000000000,-1.000000000,0,0,0,-1.000000000,none,0,0,0,-1,-1,0,-1.000000000,-1.000000000,0,0.000000000,0,0,0,0,-1,-1,-1,-1,0,-1.000000000,-1.000000000,0,-1.000000000,-1.000000000,-1.000000000,-1.000000000,-1.000000000,-1.000000000,0,1,0,0,0,1,0,0,245,0,0,0,0,0,0.442991525,1,0.442991536,0,245,20,742
5,1341846313.789968967,2,1,0,0.019550288,0.000000047,0.011417460,0.030967795,0.544986979,0.000000000,0,0,5,0,0,0,0,0,0,0,0,0,0,0,0,-1.000000000,-1.000000000,-1.000000000,-1.000000000,0,0,0,-1.000000000,none,0,0,0,-1,-1,0,-1.000000000,-1.000000000,0,0.000000000,0,0,0,0,-1,-1,-1,-1,0,-1.000000000,-1.000000000,0,-1.000000000,-1.000000000,-1.000000000,-1.000000000,-1.000000000,-1.000000000,0,1,0,0,0,1,0,0,234,0,0,0,0,0,0.455013007,1,0.455013021,0,234,20,749
6,1341846313.822074890,2,1,0,0.018764536,0.000000147,0.012742813,0.031507496,0.532021484,0.000000000,0,0,6,0,0,0,0,0,0,0,0,0,0,0,0,-1.000000000,-1.000000000,-1.000000000,-1.000000000,0,0,0,-1.000000000,none,0,0,0,-1,-1,0,-1.000000000,-1.000000000,0,0.000000000,0,0,0,0,-1,-1,-1,-1,0,-1.000000000,-1.000000000,0,-1.000000000,-1.000000000,-1.000000000,-1.000000000,-1.000000000,-1.000000000,0,1,0,0,0,1,0,0,244,0,0,0,0,0,0.467978507,1,0.467978516,0,244,20,747
7,1341846313.853928089,2,1,0,0.015666263,0.000000153,0.011665481,0.027331897,0.535468750,0.000000000,0,0,7,0,0,0,0,0,0,0,0,0,0,0,0,-1.000000000,-1.000000000,-1.000000000,-1.000000000,0,0,0,-1.000000000,none,0,0,0,-1,-1,0,-1.000000000,-1.000000000,0,0.000000000,0,0,0,0,-1,-1,-1,-1,0,-1.000000000,-1.000000000,0,-1.000000000,-1.000000000,-1.000000000,-1.000000000,-1.000000000,-1.000000000,0,1,0,0,0,1,0,0,225,0,0,0,0,0,0.464531243,1,0.464531250,0,225,20,741
8,1341846313.890011072,2,1,0,0.015633596,0.000000117,0.015251691,0.030885404,0.547343750,0.000000000,0,0,8,0,0,0,0,0,0,0,0,0,0,0,0,-1.000000000,-1.000000000,-1.000000000,-1.000000000,0,0,0,-1.000000000,none,0,0,0,-1,-1,0,-1.000000000,-1.000000000,0,0.000000000,0,0,0,0,-1,-1,-1,-1,0,-1.000000000,-1.000000000,0,-1.000000000,-1.000000000,-1.000000000,-1.000000000,-1.000000000,-1.000000000,0,1,0,0,0,1,0,0,209,0,0,0,0,0,0.452656239,1,0.452656250,0,209,20,711
9,1341846313.922055006,2,1,0,0.013415104,0.000000102,0.010152165,0.023567371,0.553457031,0.000000000,0,0,9,0,0,0,0,0,0,0,0,0,0,0,0,-1.000000000,-1.000000000,-1.000000000,-1.000000000,0,0,0,-1.000000000,none,0,0,0,-1,-1,0,-1.000000000,-1.000000000,0,0.000000000,0,0,0,0,-1,-1,-1,-1,0,-1.000000000,-1.000000000,0,-1.000000000,-1.000000000,-1.000000000,-1.000000000,-1.000000000,-1.000000000,0,1,0,0,0,1,0,0,207,0,0,0,0,0,0.446542978,1,0.446542969,0,207,20,705
10,1341846313.957926989,2,1,0,0.017283280,0.000000103,0.009520705,0.026804088,0.564410807,0.000000000,0,0,10,0,0,0,0,0,0,0,0,0,0,0,0,-1.000000000,-1.000000000,-1.000000000,-1.000000000,0,0,0,-1.000000000,none,0,0,0,-1,-1,0,-1.000000000,-1.000000000,0,0.000000000,0,0,0,0,-1,-1,-1,-1,0,-1.000000000,-1.000000000,0,-1.000000000,-1.000000000,-1.000000000,-1.000000000,-1.000000000,-1.000000000,0,1,0,0,0,1,0,0,207,0,0,0,0,0,0.435589194,1,0.435589193,0,207,20,741
11,1341846313.990057945,2,1,0,0.016593613,0.000000223,0.009766190,0.026360026,0.593011068,0.000000000,0,0,11,0,0,0,0,0,0,0,0,0,0,0,0,-1.000000000,-1.000000000,-1.000000000,-1.000000000,0,0,0,-1.000000000,none,0,0,0,-1,-1,0,-1.000000000,-1.000000000,0,0.000000000,0,0,0,0,-1,-1,-1,-1,0,-1.000000000,-1.000000000,0,-1.000000000,-1.000000000,-1.000000000,-1.000000000,-1.000000000,-1.000000000,0,1,0,0,0,1,0,0,155,0,0,0,0,0,0.406988919,1,0.406988932,0,155,20,673
12,1341846314.022042036,2,1,0,0.022117096,0.000000121,0.009712159,0.031829376,0.589501953,0.000000000,0,0,12,0,0,0,0,0,0,0,0,0,0,0,0,-1.000000000,-1.000000000,-1.000000000,-1.000000000,0,0,0,-1.000000000,none,0,0,0,-1,-1,0,-1.000000000,-1.000000000,0,0.000000000,0,0,0,0,-1,-1,-1,-1,0,-1.000000000,-1.000000000,0,-1.000000000,-1.000000000,-1.000000000,-1.000000000,-1.000000000,-1.000000000,0,1,0,0,0,1,0,0,191,0,0,0,0,0,0.410498053,1,0.410498047,0,191,20,705
13,1341846314.057816029,2,1,0,0.016176214,0.000000106,0.009461186,0.025637506,0.621933594,0.000000000,0,0,13,0,0,0,0,0,0,0,0,0,0,0,0,-1.000000000,-1.000000000,-1.000000000,-1.000000000,0,0,0,-1.000000000,none,0,0,0,-1,-1,0,-1.000000000,-1.000000000,0,0.000000000,0,0,0,0,-1,-1,-1,-1,0,-1.000000000,-1.000000000,0,-1.000000000,-1.000000000,-1.000000000,-1.000000000,-1.000000000,-1.000000000,0,1,0,0,0,1,0,0,166,0,0,0,0,0,0.378066421,1,0.378066406,0,166,20,650
14,1341846314.089801073,2,1,0,0.029448865,0.000000055,0.009445054,0.038893974,0.612454427,0.000000000,0,0,14,0,0,0,0,0,0,0,0,0,0,0,0,-1.000000000,-1.000000000,-1.000000000,-1.000000000,0,0,0,-1.000000000,none,0,0,0,-1,-1,0,-1.000000000,-1.000000000,0,0.000000000,0,0,0,0,-1,-1,-1,-1,0,-1.000000000,-1.000000000,0,-1.000000000,-1.000000000,-1.000000000,-1.000000000,-1.000000000,-1.000000000,0,1,0,0,0,1,0,0,175,0,0,0,0,0,0.387545586,1,0.387545573,0,175,20,659
15,1341846314.122036934,2,1,0,0.015331234,0.000000051,0.009367488,0.024698773,0.608789062,0.000000000,0,0,15,0,0,0,0,0,0,0,0,0,0,0,0,-1.000000000,-1.000000000,-1.000000000,-1.000000000,0,0,0,-1.000000000,none,0,0,0,-1,-1,0,-1.000000000,-1.000000000,0,0.000000000,0,0,0,0,-1,-1,-1,-1,0,-1.000000000,-1.000000000,0,-1.000000000,-1.000000000,-1.000000000,-1.000000000,-1.000000000,-1.000000000,0,1,0,0,0,1,0,0,187,0,0,0,0,0,0.391210943,1,0.391210938,0,187,20,668
16,1341846314.157989025,2,1,0,0.017389660,0.000000122,0.010658998,0.028048780,0.614580078,0.000000000,0,0,16,0,0,0,0,0,0,0,0,0,0,0,0,-1.000000000,-1.000000000,-1.000000000,-1.000000000,0,0,0,-1.000000000,none,0,0,0,-1,-1,0,-1.000000000,-1.000000000,0,0.000000000,0,0,0,0,-1,-1,-1,-1,0,-1.000000000,-1.000000000,0,-1.000000000,-1.000000000,-1.000000000,-1.000000000,-1.000000000,-1.000000000,0,1,0,0,0,1,0,0,180,0,0,0,0,0,0.385419935,1,0.385419922,0,180,20,663
17,1341846314.190093994,2,1,0,0.016218825,0.000000161,0.011254160,0.027473146,0.611311849,0.000000000,0,0,17,0,0,0,0,0,0,0,0,0,0,0,0,-1.000000000,-1.000000000,-1.000000000,-1.000000000,0,0,0,-1.000000000,none,0,0,0,-1,-1,0,-1.000000000,-1.000000000,0,0.000000000,0,0,0,0,-1,-1,-1,-1,0,-1.000000000,-1.000000000,0,-1.000000000,-1.000000000,-1.000000000,-1.000000000,-1.000000000,-1.000000000,0,1,0,0,0,1,0,0,175,0,0,0,0,0,0.388688147,1,0.388688151,0,175,20,675
18,1341846314.225969076,2,1,0,0.016529193,0.000000058,0.011601397,0.028130648,0.613951823,0.000000000,0,0,18,0,0,0,0,0,0,0,0,0,0,0,0,-1.000000000,-1.000000000,-1.000000000,-1.000000000,0,0,0,-1.000000000,none,0,0,0,-1,-1,0,-1.000000000,-1.000000000,0,0.000000000,0,0,0,0,-1,-1,-1,-1,0,-1.000000000,-1.000000000,0,-1.000000000,-1.000000000,-1.000000000,-1.000000000,-1.000000000,-1.000000000,0,1,0,0,0,1,0,0,214,0,0,0,0,0,0.386048168,1,0.386048177,0,214,20,674
19,1341846314.257922888,2,1,0,0.018193072,0.000000107,0.010959996,0.029153175,0.608310547,0.000000000,0,0,19,0,0,0,0,0,0,0,0,0,0,0,0,-1.000000000,-1.000000000,-1.000000000,-1.000000000,0,0,0,-1.000000000,none,0,0,0,-1,-1,0,-1.000000000,-1.000000000,0,0.000000000,0,0,0,0,-1,-1,-1,-1,0,-1.000000000,-1.000000000,0,-1.000000000,-1.000000000,-1.000000000,-1.000000000,-1.000000000,-1.000000000,0,1,0,0,0,1,0,0,197,0,0,0,0,0,0.391689450,1,0.391689453,0,197,20,667
20,1341846314.290051937,2,1,0,0.014802396,0.000000135,0.013451327,0.028253858,0.622623698,0.000000000,0,0,20,0,0,0,0,0,0,0,0,0,0,0,0,-1.000000000,-1.000000000,-1.000000000,-1.000000000,0,0,0,-1.000000000,none,0,0,0,-1,-1,0,-1.000000000,-1.000000000,0,0.000000000,0,0,0,0,-1,-1,-1,-1,0,-1.000000000,-1.000000000,0,-1.000000000,-1.000000000,-1.000000000,-1.000000000,-1.000000000,-1.000000000,0,1,0,0,0,1,0,0,245,0,0,0,0,0,0.377376288,1,0.377376302,0,245,20,672
21,1341846314.325980902,2,1,0,0.015105119,0.000000108,0.009644591,0.024749818,0.617526042,0.000000000,0,0,21,0,0,0,0,0,0,0,0,0,0,0,0,-1.000000000,-1.000000000,-1.000000000,-1.000000000,0,0,0,-1.000000000,none,0,0,0,-1,-1,0,-1.000000000,-1.000000000,0,0.000000000,0,0,0,0,-1,-1,-1,-1,0,-1.000000000,-1.000000000,0,-1.000000000,-1.000000000,-1.000000000,-1.000000000,-1.000000000,-1.000000000,0,1,0,0,0,1,0,0,213,0,0,0,0,0,0.382473946,1,0.382473958,0,213,20,669
22,1341846314.357904911,2,1,0,0.016358714,0.000000276,0.010466845,0.026825835,0.619430339,0.000000000,0,0,22,0,0,0,0,0,0,0,0,0,0,0,0,-1.000000000,-1.000000000,-1.000000000,-1.000000000,0,0,0,-1.000000000,none,0,0,0,-1,-1,0,-1.000000000,-1.000000000,0,0.000000000,0,0,0,0,-1,-1,-1,-1,0,-1.000000000,-1.000000000,0,-1.000000000,-1.000000000,-1.000000000,-1.000000000,-1.000000000,-1.000000000,0,1,0,0,0,1,0,0,207,0,0,0,0,0,0.380569667,1,0.380569661,0,207,20,636
23,1341846314.389899015,2,1,0,0.018872873,0.000000274,0.010009091,0.028882238,0.612220052,0.000000000,0,0,23,0,0,0,0,0,0,0,0,0,0,0,0,-1.000000000,-1.000000000,-1.000000000,-1.000000000,0,0,0,-1.000000000,none,0,0,0,-1,-1,0,-1.000000000,-1.000000000,0,0.000000000,0,0,0,0,-1,-1,-1,-1,0,-1.000000000,-1.000000000,0,-1.000000000,-1.000000000,-1.000000000,-1.000000000,-1.000000000,-1.000000000,0,1,0,0,0,1,0,0,200,0,0,0,0,0,0.387779951,1,0.387779948,0,200,20,632
24,1341846314.427905083,2,1,0,0.019039724,0.000000181,0.010848509,0.029888414,0.611748047,0.000000000,0,0,24,0,0,0,0,0,0,0,0,0,0,0,0,-1.000000000,-1.000000000,-1.000000000,-1.000000000,0,0,0,-1.000000000,none,0,0,0,-1,-1,0,-1.000000000,-1.000000000,0,0.000000000,0,0,0,0,-1,-1,-1,-1,0,-1.000000000,-1.000000000,0,-1.000000000,-1.000000000,-1.000000000,-1.000000000,-1.000000000,-1.000000000,0,1,0,0,0,1,0,0,192,0,0,0,0,0,0.388251960,1,0.388251953,0,192,20,655
25,1341846314.493987083,2,1,0,0.018287816,0.000000124,0.011517021,0.029804961,0.643242187,0.000000000,0,0,25,0,0,0,0,0,0,0,0,0,0,0,0,-1.000000000,-1.000000000,-1.000000000,-1.000000000,0,0,0,-1.000000000,none,0,0,0,-1,-1,0,-1.000000000,-1.000000000,0,0.000000000,0,0,0,0,-1,-1,-1,-1,0,-1.000000000,-1.000000000,0,-1.000000000,-1.000000000,-1.000000000,-1.000000000,-1.000000000,-1.000000000,0,1,0,0,0,1,0,0,189,0,0,0,0,0,0.356757820,1,0.356757812,0,189,20,652
26,1341846314.526084900,2,1,0,0.022178442,0.000000109,0.010001027,0.032179578,0.638170573,0.000000000,0,0,26,0,0,0,0,0,0,0,0,0,0,0,0,-1.000000000,-1.000000000,-1.000000000,-1.000000000,0,0,0,-1.000000000,none,0,0,0,-1,-1,0,-1.000000000,-1.000000000,0,0.000000000,0,0,0,0,-1,-1,-1,-1,0,-1.000000000,-1.000000000,0,-1.000000000,-1.000000000,-1.000000000,-1.000000000,-1.000000000,-1.000000000,0,1,0,0,0,1,0,0,211,0,0,0,0,0,0.361829430,1,0.361829427,0,211,20,634
27,1341846314.558291912,2,1,0,0.014303508,0.000000064,0.014387811,0.028691383,0.640439453,0.000000000,0,0,27,0,0,0,0,0,0,0,0,0,0,0,0,-1.000000000,-1.000000000,-1.000000000,-1.000000000,0,0,0,-1.000000000,none,0,0,0,-1,-1,0,-1.000000000,-1.000000000,0,0.000000000,0,0,0,0,-1,-1,-1,-1,0,-1.000000000,-1.000000000,0,-1.000000000,-1.000000000,-1.000000000,-1.000000000,-1.000000000,-1.000000000,0,1,0,0,0,1,0,0,199,0,0,0,0,0,0.359560549,1,0.359560547,0,199,20,606
28,1341846314.594084978,2,1,0,0.014434967,0.000000057,0.064478689,0.078913713,0.639733073,0.000000000,0,0,28,0,0,0,0,0,0,0,0,0,0,0,0,-1.000000000,-1.000000000,-1.000000000,-1.000000000,0,0,0,-1.000000000,none,0,0,0,-1,-1,0,-1.000000000,-1.000000000,0,0.000000000,0,0,0,0,-1,-1,-1,-1,0,-1.000000000,-1.000000000,0,-1.000000000,-1.000000000,-1.000000000,-1.000000000,-1.000000000,-1.000000000,0,1,0,0,0,1,0,0,188,0,0,0,0,0,0.360266924,1,0.360266927,0,188,20,625
29,1341846314.626096010,2,1,0,0.021203449,0.000000112,0.010387847,0.031591408,0.621425781,0.000000000,0,0,29,0,0,0,0,0,0,0,0,0,0,0,0,-1.000000000,-1.000000000,-1.000000000,-1.000000000,0,0,0,-1.000000000,none,0,0,0,-1,-1,0,-1.000000000,-1.000000000,0,0.000000000,0,0,0,0,-1,-1,-1,-1,0,-1.000000000,-1.000000000,0,-1.000000000,-1.000000000,-1.000000000,-1.000000000,-1.000000000,-1.000000000,0,1,0,0,0,1,0,0,231,0,0,0,0,0,0.378574222,1,0.378574219,0,231,20,617
30,1341846314.658454895,2,1,0,0.022252939,0.000000160,0.012769312,0.035022411,0.644179687,0.000000000,0,0,30,0,0,0,0,0,0,0,0,0,0,0,0,-1.000000000,-1.000000000,-1.000000000,-1.000000000,0,0,0,-1.000000000,none,0,0,0,-1,-1,0,-1.000000000,-1.000000000,0,0.000000000,0,0,0,0,-1,-1,-1,-1,0,-1.000000000,-1.000000000,0,-1.000000000,-1.000000000,-1.000000000,-1.000000000,-1.000000000,-1.000000000,0,1,0,0,0,1,0,0,219,0,0,0,0,0,0.355820298,1,0.355820313,0,219,20,611
31,1341846314.694004059,2,1,0,0.036779448,0.000000172,0.010622627,0.047402247,0.656279297,0.000000000,0,0,31,0,0,0,0,0,0,0,0,0,0,0,0,-1.000000000,-1.000000000,-1.000000000,-1.000000000,0,0,0,-1.000000000,none,0,0,0,-1,-1,0,-1.000000000,-1.000000000,0,0.000000000,0,0,0,0,-1,-1,-1,-1,0,-1.000000000,-1.000000000,0,-1.000000000,-1.000000000,-1.000000000,-1.000000000,-1.000000000,-1.000000000,0,1,0,0,0,1,0,0,229,0,0,0,0,0,0.343720704,1,0.343720703,0,229,20,580
32,1341846314.725909948,2,1,0,0.030219025,0.000000285,0.012590308,0.042809618,0.646302083,0.000000000,0,0,32,0,0,0,0,0,0,0,0,0,0,0,0,-1.000000000,-1.000000000,-1.000000000,-1.000000000,0,0,0,-1.000000000,none,0,0,0,-1,-1,0,-1.000000000,-1.000000000,0,0.000000000,0,0,0,0,-1,-1,-1,-1,0,-1.000000000,-1.000000000,0,-1.000000000,-1.000000000,-1.000000000,-1.000000000,-1.000000000,-1.000000000,0,1,1,3174,0,1,7209,0,181,0,3115,3115,0,0,0.353697926,1,0.353697917,0,181,20,518
33,1341846314.761941910,2,1,0,0.044960248,0.000000056,0.011012668,0.055972972,0.624560547,0.000000000,0,0,33,0,0,0,0,0,0,0,0,0,0,0,0,-1.000000000,-1.000000000,-1.000000000,-1.000000000,0,0,0,-1.000000000,none,0,0,0,-1,-1,0,-1.000000000,-1.000000000,0,0.000000000,0,0,0,0,-1,-1,-1,-1,0,-1.000000000,-1.000000000,0,-1.000000000,-1.000000000,-1.000000000,-1.000000000,-1.000000000,-1.000000000,0,1,1,7336,0,1,6877,0,176,0,7202,7202,0,0,0.375439465,1,0.375439453,0,176,20,583
34,1341846314.794029951,2,1,0,0.029872794,0.000000112,0.010492250,0.040365156,0.629296875,0.000000000,0,0,34,0,0,0,0,0,0,0,0,0,0,0,0,-1.000000000,-1.000000000,-1.000000000,-1.000000000,0,0,0,-1.000000000,none,0,0,0,-1,-1,0,-1.000000000,-1.000000000,0,0.000000000,0,0,0,0,-1,-1,-1,-1,0,-1.000000000,-1.000000000,0,-1.000000000,-1.000000000,-1.000000000,-1.000000000,-1.000000000,-1.000000000,0,1,1,6886,0,1,12336,0,236,0,6715,6715,0,0,0.370703131,1,0.370703125,0,236,20,622
35,1341846314.826092005,2,1,0,0.028038107,0.000000309,0.011291428,0.039329844,0.625263672,0.000000000,0,0,35,0,0,0,0,0,0,0,0,0,0,0,0,-1.000000000,-1.000000000,-1.000000000,-1.000000000,0,0,0,-1.000000000,none,0,0,0,-1,-1,0,-1.000000000,-1.000000000,0,0.000000000,0,0,0,0,-1,-1,-1,-1,0,-1.000000000,-1.000000000,0,-1.000000000,-1.000000000,-1.000000000,-1.000000000,-1.000000000,-1.000000000,0,1,1,7889,0,1,10274,0,228,0,7667,7667,0,0,0.374736339,1,0.374736328,0,228,20,665
36,1341846314.862144947,2,1,0,0.023712157,0.000000162,0.011181537,0.034893856,0.597373047,0.000000000,0,0,36,0,0,0,0,0,0,0,0,0,0,0,0,-1.000000000,-1.000000000,-1.000000000,-1.000000000,0,0,0,-1.000000000,none,0,0,0,-1,-1,0,-1.000000000,-1.000000000,0,0.000000000,0,0,0,0,-1,-1,-1,-1,0,-1.000000000,-1.000000000,0,-1.000000000,-1.000000000,-1.000000000,-1.000000000,-1.000000000,-1.000000000,0,1,1,9344,0,1,7360,0,216,0,9135,9135,0,0,0.402626961,1,0.402626953,0,216,20,682
37,1341846314.894072056,2,1,0,0.028486453,0.000000108,0.010509948,0.038996509,0.634794922,0.000000000,0,0,37,0,0,0,0,0,0,0,0,0,0,0,0,-1.000000000,-1.000000000,-1.000000000,-1.000000000,0,0,0,-1.000000000,none,0,0,0,-1,-1,0,-1.000000000,-1.000000000,0,0.000000000,0,0,0,0,-1,-1,-1,-1,0,-1.000000000,-1.000000000,0,-1.000000000,-1.000000000,-1.000000000,-1.000000000,-1.000000000,-1.000000000,0,1,1,8142,0,1,12711,0,199,0,7977,7977,0,0,0.365205079,1,0.365205078,0,199,20,686
38,1341846314.925968885,2,1,0,0.023731448,0.000000148,0.010322335,0.034053931,0.603382161,0.000000000,0,0,38,0,0,0,0,0,0,0,0,0,0,0,0,-1.000000000,-1.000000000,-1.000000000,-1.000000000,0,0,0,-1.000000000,none,0,0,0,-1,-1,0,-1.000000000,-1.000000000,0,0.000000000,0,0,0,0,-1,-1,-1,-1,0,-1.000000000,-1.000000000,0,-1.000000000,-1.000000000,-1.000000000,-1.000000000,-1.000000000,-1.000000000,0,1,1,6507,0,1,10659,0,193,0,6348,6348,0,0,0.396617830,1,0.396617839,0,193,20,665
39,1341846314.961936951,2,1,0,0.030250509,0.000000151,0.011170602,0.041421262,0.608151042,0.000000000,0,0,39,0,0,0,0,0,0,0,0,0,0,0,0,-1.000000000,-1.000000000,-1.000000000,-1.000000000,0,0,0,-1.000000000,none,0,0,0,-1,-1,0,-1.000000000,-1.000000000,0,0.000000000,0,0,0,0,-1,-1,-1,-1,0,-1.000000000,-1.000000000,0,-1.000000000,-1.000000000,-1.000000000,-1.000000000,-1.000000000,-1.000000000,0,1,1,9674,0,1,9393,0,197,0,9500,9500,0,0,0.391848952,1,0.391848958,0,197,20,671
40,1341846314.994564056,2,1,0,0.033120878,0.000000126,0.011153274,0.044274278,0.622620443,0.000000000,0,0,40,0,0,0,0,0,0,0,0,0,0,0,0,-1.000000000,-1.000000000,-1.000000000,-1.000000000,0,0,0,-1.000000000,none,0,0,0,-1,-1,0,-1.000000000,-1.000000000,0,0.000000000,0,0,0,0,-1,-1,-1,-1,0,-1.000000000,-1.000000000,0,-1.000000000,-1.000000000,-1.000000000,-1.000000000,-1.000000000,-1.000000000,0,1,1,7307,0,1,12465,0,187,0,7164,7164,0,0,0.377379566,1,0.377379557,0,187,20,630
41,1341846315.029900074,2,1,0,0.023104726,0.000000050,0.010945828,0.034050604,0.635882161,0.000000000,0,0,41,0,0,0,0,0,0,0,0,0,0,0,0,-1.000000000,-1.000000000,-1.000000000,-1.000000000,0,0,0,-1.000000000,none,0,0,0,-1,-1,0,-1.000000000,-1.000000000,0,0.000000000,0,0,0,0,-1,-1,-1,-1,0,-1.000000000,-1.000000000,0,-1.000000000,-1.000000000,-1.000000000,-1.000000000,-1.000000000,-1.000000000,0,1,1,6384,0,1,20039,0,232,0,6252,6252,0,0,0.364117831,1,0.364117839,0,232,20,653
42,1341846315.061964989,2,1,0,0.030151023,0.000000109,0.015237345,0.045388477,0.621292318,0.000000000,0,0,42,0,0,0,0,0,0,0,0,0,0,0,0,-1.000000000,-1.000000000,-1.000000000,-1.000000000,0,0,0,-1.000000000,none,0,0,0,-1,-1,0,-1.000000000,-1.000000000,0,0.000000000,0,0,0,0,-1,-1,-1,-1,0,-1.000000000,-1.000000000,0,-1.000000000,-1.000000000,-1.000000000,-1.000000000,-1.000000000,-1.000000000,0,1,1,9787,0,1,12929,0,203,0,9685,9685,0,0,0.378707677,1,0.378707682,0,203,20,644
43,1341846315.094388008,2,1,0,0.022869807,0.000000130,0.011092986,0.033962923,0.586406250,0.000000000,0,0,43,0,0,0,0,0,0,0,0,0,0,0,0,-1.000000000,-1.000000000,-1.000000000,-1.000000000,0,0,0,-1.000000000,none,0,0,0,-1,-1,0,-1.000000000,-1.000000000,0,0.000000000,0,0,0,0,-1,-1,-1,-1,0,-1.000000000,-1.000000000,0,-1.000000000,-1.000000000,-1.000000000,-1.000000000,-1.000000000,-1.000000000,0,1,1,5937,0,1,15538,0,252,0,5813,5813,0,0,0.413593739,1,0.413593750,0,252,20,629
44,1341846315.129851103,2,1,0,0.024028608,0.000000059,0.010734673,0.034763340,0.608437500,0.000000000,0,0,44,0,0,0,0,0,0,0,0,0,0,0,0,-1.000000000,-1.000000000,-1.000000000,-1.000000000,0,0,0,-1.000000000,none,0,0,0,-1,-1,0,-1.000000000,-1.000000000,0,0.000000000,0,0,0,0,-1,-1,-1,-1,0,-1.000000000,-1.000000000,0,-1.000000000,-1.000000000,-1.000000000,-1.000000000,-1.000000000,-1.000000000,0,1,1,7085,0,1,16851,0,236,0,6964,6964,0,0,0.391562492,1,0.391562500,0,236,20,652
45,1341846315.161941051,2,1,0,0.028328107,0.000000113,0.009834475,0.038162695,0.587786458,0.000000000,0,0,45,0,0,0,0,0,0,0,0,0,0,0,0,-1.000000000,-1.000000000,-1.000000000,-1.000000000,0,0,0,-1.000000000,none,0,0,0,-1,-1,0,-1.000000000,-1.000000000,0,0.000000000,0,0,0,0,-1,-1,-1,-1,0,-1.000000000,-1.000000000,0,-1.000000000,-1.000000000,-1.000000000,-1.000000000,-1.000000000,-1.000000000,0,1,1,831,0,1,20637,0,227,0,802,802,0,0,0.412213534,1,0.412213542,0,227,20,628
46,1341846315.197983980,2,1,0,0.026274758,0.000000170,0.011426240,0.037701168,0.635244141,0.000000000,0,0,46,0,0,0,0,0,0,0,0,0,0,0,0,-1.000000000,-1.000000000,-1.000000000,-1.000000000,0,0,0,-1.000000000,none,0,0,0,-1,-1,0,-1.000000000,-1.000000000,0,0.000000000,0,0,0,0,-1,-1,-1,-1,0,-1.000000000,-1.000000000,0,-1.000000000,-1.000000000,-1.000000000,-1.000000000,-1.000000000,-1.000000000,0,1,1,4614,0,1,17192,0,174,0,4493,4493,0,0,0.364755869,1,0.364755859,0,174,20,578
47,1341846315.230076075,2,1,0,0.025428132,0.000000130,0.010515823,0.035944085,0.630423177,0.000000000,0,0,47,0,0,0,0,0,0,0,0,0,0,0,0,-1.000000000,-1.000000000,-1.000000000,-1.000000000,0,0,0,-1.000000000,none,0,0,0,-1,-1,0,-1.000000000,-1.000000000,0,0.000000000,0,0,0,0,-1,-1,-1,-1,0,-1.000000000,-1.000000000,0,-1.000000000,-1.000000000,-1.000000000,-1.000000000,-1.000000000,-1.000000000,0,1,1,9807,0,1,11648,0,236,0,9693,9693,0,0,0.369576812,1,0.369576823,0,236,20,581
48,1341846315.262068987,2,1,0,0.023925093,0.000000061,0.010221034,0.034146188,0.623841146,0.000000000,0,0,48,0,0,0,0,0,0,0,0,0,0,0,0,-1.000000000,-1.000000000,-1.000000000,-1.000000000,0,0,0,-1.000000000,none,0,0,0,-1,-1,0,-1.000000000,-1.000000000,0,0.000000000,0,0,0,0,-1,-1,-1,-1,0,-1.000000000,-1.000000000,0,-1.000000000,-1.000000000,-1.000000000,-1.000000000,-1.000000000,-1.000000000,0,1,1,8877,0,1,11566,0,213,0,8755,8755,0,0,0.376158863,1,0.376158854,0,213,20,578
49,1341846315.298000097,2,1,0,0.024665809,0.000000049,0.010057730,0.034723588,0.624319661,0.000000000,0,0,49,0,0,0,0,0,0,0,0,0,0,0,0,-1.000000000,-1.000000000,-1.000000000,-1.000000000,0,0,0,-1.000000000,none,0,0,0,-1,-1,0,-1.000000000,-1.000000000,0,0.000000000,0,0,0,0,-1,-1,-1,-1,0,-1.000000000,-1.000000000,0,-1.000000000,-1.000000000,-1.000000000,-1.000000000,-1.000000000,-1.000000000,0,1,1,7251,0,1,13976,0,225,0,7147,7147,0,0,0.375680327,1,0.375680339,0,225,20,583
50,1341846315.329931021,2,1,0,0.033023352,0.000000058,0.010868575,0.043891985,0.647216797,0.000000000,0,0,50,0,0,0,0,0,0,0,0,0,0,0,0,-1.000000000,-1.000000000,-1.000000000,-1.000000000,0,0,0,-1.000000000,none,0,0,0,-1,-1,0,-1.000000000,-1.000000000,0,0.000000000,0,0,0,0,-1,-1,-1,-1,0,-1.000000000,-1.000000000,0,-1.000000000,-1.000000000,-1.000000000,-1.000000000,-1.000000000,-1.000000000,0,1,1,1616,0,1,20646,0,216,0,1539,1539,0,0,0.352783203,1,0.352783203,0,216,20,514
51,1341846315.361980915,2,1,0,0.029464826,0.000000127,0.010348212,0.039813165,0.620296224,0.000000000,0,0,51,0,0,0,0,0,0,0,0,0,0,0,0,-1.000000000,-1.000000000,-1.000000000,-1.000000000,0,0,0,-1.000000000,none,0,0,0,-1,-1,0,-1.000000000,-1.000000000,0,0.000000000,0,0,0,0,-1,-1,-1,-1,0,-1.000000000,-1.000000000,0,-1.000000000,-1.000000000,-1.000000000,-1.000000000,-1.000000000,-1.000000000,0,1,1,5755,0,1,13994,0,188,0,5651,5651,0,0,0.379703790,1,0.379703776,0,188,20,559
52,1341846315.397962093,2,1,0,0.025033297,0.000000124,0.009758386,0.034791807,0.595680339,0.000000000,0,0,52,0,0,0,0,0,0,0,0,0,0,0,0,-1.000000000,-1.000000000,-1.000000000,-1.000000000,0,0,0,-1.000000000,none,0,0,0,-1,-1,0,-1.000000000,-1.000000000,0,0.000000000,0,0,0,0,-1,-1,-1,-1,0,-1.000000000,-1.000000000,0,-1.000000000,-1.000000000,-1.000000000,-1.000000000,-1.000000000,-1.000000000,0,1,1,8480,0,1,9683,0,188,0,8327,8327,0,0,0.404319674,1,0.404319661,0,188,20,598
53,1341846315.429923058,2,1,0,0.028460679,0.000000062,0.009684094,0.038144835,0.597623698,0.000000000,0,0,53,0,0,0,0,0,0,0,0,0,0,0,0,-1.000000000,-1.000000000,-1.000000000,-1.000000000,0,0,0,-1.000000000,none,0,0,0,-1,-1,0,-1.000000000,-1.000000000,0,0.000000000,0,0,0,0,-1,-1,-1,-1,0,-1.000000000,-1.000000000,0,-1.000000000,-1.000000000,-1.000000000,-1.000000000,-1.000000000,-1.000000000,0,1,1,8383,0,1,8799,0,197,0,8275,8275,0,0,0.402376294,1,0.402376302,0,197,20,613
54,1341846315.466047049,2,1,0,0.032796463,0.000000111,0.010320916,0.043117490,0.593271484,0.000000000,0,0,54,0,0,0,0,0,0,0,0,0,0,0,0,-1.000000000,-1.000000000,-1.000000000,-1.000000000,0,0,0,-1.000000000,none,0,0,0,-1,-1,0,-1.000000000,-1.000000000,0,0.000000000,0,0,0,0,-1,-1,-1,-1,0,-1.000000000,-1.000000000,0,-1.000000000,-1.000000000,-1.000000000,-1.000000000,-1.000000000,-1.000000000,0,1,1,3344,0,1,17693,0,197,0,3168,3168,0,0,0.406728506,1,0.406728516,0,197,20,637
55,1341846315.497883081,2,1,0,0.026647617,0.000000056,0.010191561,0.036839234,0.579261068,0.000000000,0,0,55,0,0,0,0,0,0,0,0,0,0,0,0,-1.000000000,-1.000000000,-1.000000000,-1.000000000,0,0,0,-1.000000000,none,0,0,0,-1,-1,0,-1.000000000,-1.000000000,0,0.000000000,0,0,0,0,-1,-1,-1,-1,0,-1.000000000,-1.000000000,0,-1.000000000,-1.000000000,-1.000000000,-1.000000000,-1.000000000,-1.000000000,0,1,1,9770,0,1,12678,0,196,0,9640,9640,0,0,0.420738935,1,0.420738932,0,196,20,638
56,1341846315.530008078,2,1,0,0.035929633,0.000000136,0.010558793,0.046488562,0.545091146,0.000000000,0,0,56,0,0,0,0,0,0,0,0,0,0,0,0,-1.000000000,-1.000000000,-1.000000000,-1.000000000,0,0,0,-1.000000000,none,0,0,0,-1,-1,0,-1.000000000,-1.000000000,0,0.000000000,0,0,0,0,-1,-1,-1,-1,0,-1.000000000,-1.000000000,0,-1.000000000,-1.000000000,-1.000000000,-1.000000000,-1.000000000,-1.000000000,0,1,1,9807,0,1,8632,0,176,0,9711,9711,0,0,0.454908848,1,0.454908854,0,176,20,651
57,1341846315.566107988,2,1,0,0.029915727,0.000000054,0.010198166,0.040113947,0.554625651,0.000000000,0,0,57,0,0,0,0,0,0,0,0,0,0,0,0,-1.000000000,-1.000000000,-1.000000000,-1.000000000,0,0,0,-1.000000000,none,0,0,0,-1,-1,0,-1.000000000,-1.000000000,0,0.000000000,0,0,0,0,-1,-1,-1,-1,0,-1.000000000,-1.000000000,0,-1.000000000,-1.000000000,-1.000000000,-1.000000000,-1.000000000,-1.000000000,0,1,1,9576,0,1,10217,0,270,0,9485,9485,0,0,0.445374340,1,0.445374349,0,270,20,649
58,1341846315.597985983,2,1,0,0.030722347,0.000000326,0.010013161,0.040735834,0.534814453,0.000000000,0,0,58,0,0,0,0,0,0,0,0,0,0,0,0,-1.000000000,-1.000000000,-1.000000000,-1.000000000,0,0,0,-1.000000000,none,0,0,0,-1,-1,0,-1.000000000,-1.000000000,0,0.000000000,0,0,0,0,-1,-1,-1,-1,0,-1.000000000,-1.000000000,0,-1.000000000,-1.000000000,-1.000000000,-1.000000000,-1.000000000,-1.000000000,0,1,1,9371,0,1,8309,0,233,0,9253,9253,0,0,0.465185553,1,0.465185547,0,233,20,647
59,1341846315.630109072,2,1,0,0.039367175,0.000000282,0.010221615,0.049589072,0.525013021,0.000000000,0,0,59,0,0,0,0,0,0,0,0,0,0,0,0,-1.000000000,-1.000000000,-1.000000000,-1.000000000,0,0,0,-1.000000000,none,0,0,0,-1,-1,0,-1.000000000,-1.000000000,0,0.000000000,0,0,0,0,-1,-1,-1,-1,0,-1.000000000,-1.000000000,0,-1.000000000,-1.000000000,-1.000000000,-1.000000000,-1.000000000,-1.000000000,0,1,1,10223,0,1,7206,0,237,0,10092,10092,0,0,0.474986970,1,0.474986979,0,237,20,679
60,1341846315.666042089,2,1,0,0.028746453,0.000000127,0.010035497,0.038782077,0.556959635,0.000000000,0,0,60,0,0,0,0,0,0,0,0,0,0,0,0,-1.000000000,-1.000000000,-1.000000000,-1.000000000,0,0,0,-1.000000000,none,0,0,0,-1,-1,0,-1.000000000,-1.000000000,0,0.000000000,0,0,0,0,-1,-1,-1,-1,0,-1.000000000,-1.000000000,0,-1.000000000,-1.000000000,-1.000000000,-1.000000000,-1.000000000,-1.000000000,0,1,1,7408,0,1,16639,0,240,0,7290,7290,0,0,0.443040371,1,0.443040365,0,240,20,682
61,1341846315.698113918,2,1,0,0.027122967,0.000000113,0.010402987,0.037526067,0.587330729,0.000000000,0,0,61,0,0,0,0,0,0,0,0,0,0,0,0,-1.000000000,-1.000000000,-1.000000000,-1.000000000,0,0,0,-1.000000000,none,0,0,0,-1,-1,0,-1.000000000,-1.000000000,0,0.000000000,0,0,0,0,-1,-1,-1,-1,0,-1.000000000,-1.000000000,0,-1.000000000,-1.000000000,-1.000000000,-1.000000000,-1.000000000,-1.000000000,0,1,1,8621,0,1,17558,0,203,0,8509,8509,0,0,0.412669271,1,0.412669271,0,203,20,651
62,1341846315.733984947,2,1,0,0.028320755,0.000000175,0.010393589,0.038714519,0.582513021,0.000000000,0,0,62,0,0,0,0,0,0,0,0,0,0,0,0,-1.000000000,-1.000000000,-1.000000000,-1.000000000,0,0,0,-1.000000000,none,0,0,0,-1,-1,0,-1.000000000,-1.000000000,0,0.000000000,0,0,0,0,-1,-1,-1,-1,0,-1.000000000,-1.000000000,0,-1.000000000,-1.000000000,-1.000000000,-1.000000000,-1.000000000,-1.000000000,0,1,1,1381,0,1,21783,0,170,0,1304,1304,0,0,0.417486966,1,0.417486979,0,170,20,660
63,1341846315.766041040,2,1,0,0.025555946,0.000000143,0.010215107,0.035771196,0.542171224,0.000000000,0,0,63,0,0,0,0,0,0,0,0,0,0,0,0,-1.000000000,-1.000000000,-1.000000000,-1.000000000,0,0,0,-1.000000000,none,0,0,0,-1,-1,0,-1.000000000,-1.000000000,0,0.000000000,0,0,0,0,-1,-1,-1,-1,0,-1.000000000,-1.000000000,0,-1.000000000,-1.000000000,-1.000000000,-1.000000000,-1.000000000,-1.000000000,0,1,1,8337,0,1,14380,0,271,0,8204,8204,0,0,0.457828790,1,0.457828776,0,271,20,716
64,1341846315.798187971,2,1,0,0.032594657,0.000000125,0.010775183,0.043369965,0.513808594,0.000000000,0,0,64,0,0,0,0,0,0,0,0,0,0,0,0,-1.000000000,-1.000000000,-1.000000000,-1.000000000,0,0,0,-1.000000000,none,0,0,0,-1,-1,0,-1.000000000,-1.000000000,0,0.000000000,0,0,0,0,-1,-1,-1,-1,0,-1.000000000,-1.000000000,0,-1.000000000,-1.000000000,-1.000000000,-1.000000000,-1.000000000,-1.000000000,0,1,1,4305,0,1,13849,0,248,0,4169,4169,0,0,0.486191392,1,0.486191406,0,248,20,748
65,1341846315.834140062,2,1,0,0.032668072,0.000000053,0.011057662,0.043725787,0.516604818,0.000000000,0,0,65,0,0,0,0,0,0,0,0,0,0,0,0,-1.000000000,-1.000000000,-1.000000000,-1.000000000,0,0,0,-1.000000000,none,0,0,0,-1,-1,0,-1.000000000,-1.000000000,0,0.000000000,0,0,0,0,-1,-1,-1,-1,0,-1.000000000,-1.000000000,0,-1.000000000,-1.000000000,-1.000000000,-1.000000000,-1.000000000,-1.000000000,0,1,1,3900,0,1,16009,0,233,0,3757,3757,0,0,0.483395189,1,0.483395182,0,233,20,778
66,1341846315.866750956,2,1,0,0.024737306,0.000000051,0.010213562,0.034950919,0.504785156,0.000000000,0,0,66,0,0,0,0,0,0,0,0,0,0,0,0,-1.000000000,-1.000000000,-1.000000000,-1.000000000,0,0,0,-1.000000000,none,0,0,0,-1,-1,0,-1.000000000,-1.000000000,0,0.000000000,0,0,0,0,-1,-1,-1,-1,0,-1.000000000,-1.000000000,0,-1.000000000,-1.000000000,-1.000000000,-1.000000000,-1.000000000,-1.000000000,0,1,1,5727,0,1,15618,0,240,0,5662,5662,0,0,0.495214850,1,0.495214844,0,240,20,782
67,1341846315.898492098,2,1,0,0.047685346,0.000000110,0.011291412,0.058976868,0.449563802,0.000000000,0,0,67,0,0,0,0,0,0,0,0,0,0,0,0,-1.000000000,-1.000000000,-1.000000000,-1.000000000,0,0,0,-1.000000000,none,0,0,0,-1,-1,0,-1.000000000,-1.000000000,0,0.000000000,0,0,0,0,-1,-1,-1,-1,0,-1.000000000,-1.000000000,0,-1.000000000,-1.000000000,-1.000000000,-1.000000000,-1.000000000,-1.000000000,0,1,1,3928,0,1,10400,0,229,0,3858,3858,0,0,0.550436199,1,0.550436198,0,229,20,896
68,1341846315.936901093,2,1,0,0.035321889,0.000000050,0.011437143,0.046759082,0.460937500,0.000000000,0,0,68,0,0,0,0,0,0,0,0,0,0,0,0,-1.000000000,-1.000000000,-1.000000000,-1.000000000,0,0,0,-1.000000000,none,0,0,0,-1,-1,0,-1.000000000,-1.000000000,0,0.000000000,0,0,0,0,-1,-1,-1,-1,0,-1.000000000,-1.000000000,0,-1.000000000,-1.000000000,-1.000000000,-1.000000000,-1.000000000,-1.000000000,0,1,1,4211,0,1,14584,0,232,0,4155,4155,0,0,0.539062500,1,0.539062500,0,232,20,903
69,1341846315.966572046,2,1,0,0.043448731,0.000000110,0.010907193,0.054356034,0.458352865,0.000000000,0,0,69,0,0,0,0,0,0,0,0,0,0,0,0,-1.000000000,-1.000000000,-1.000000000,-1.000000000,0,0,0,-1.000000000,none,0,0,0,-1,-1,0,-1.000000000,-1.000000000,0,0.000000000,0,0,0,0,-1,-1,-1,-1,0,-1.000000000,-1.000000000,0,-1.000000000,-1.000000000,-1.000000000,-1.000000000,-1.000000000,-1.000000000,0,1,1,3491,0,1,16451,0,198,0,3400,3400,0,0,0.541647136,1,0.541647135,0,198,20,994
70,1341846316.034204006,2,1,0,0.041173063,0.000000097,0.010996500,0.052169660,0.455999349,0.000000000,0,0,70,0,0,0,0,0,0,0,0,0,0,0,0,-1.000000000,-1.000000000,-1.000000000,-1.000000000,0,0,0,-1.000000000,none,0,0,0,-1,-1,0,-1.000000000,-1.000000000,0,0.000000000,0,0,0,0,-1,-1,-1,-1,0,-1.000000000,-1.000000000,0,-1.000000000,-1.000000000,-1.000000000,-1.000000000,-1.000000000,-1.000000000,0,1,1,4132,0,1,16739,0,203,0,4047,4047,0,0,0.544000626,1,0.544000651,0,203,20,1018
71,1341846316.066112995,2,1,0,0.038972620,0.000000108,0.011453717,0.050426445,0.479625651,0.000000000,0,0,71,0,0,0,0,0,0,0,0,0,0,0,0,-1.000000000,-1.000000000,-1.000000000,-1.000000000,0,0,0,-1.000000000,none,0,0,0,-1,-1,0,-1.000000000,-1.000000000,0,0.000000000,0,0,0,0,-1,-1,-1,-1,0,-1.000000000,-1.000000000,0,-1.000000000,-1.000000000,-1.000000000,-1.000000000,-1.000000000,-1.000000000,0,1,1,9973,0,1,16542,0,203,0,9797,9797,0,0,0.520374358,1,0.520374349,0,203,20,941
72,1341846316.101866961,2,1,0,0.033731825,0.000000137,0.011200328,0.044932290,0.489322917,0.000000000,0,0,72,0,0,0,0,0,0,0,0,0,0,0,0,-1.000000000,-1.000000000,-1.000000000,-1.000000000,0,0,0,-1.000000000,none,0,0,0,-1,-1,0,-1.000000000,-1.000000000,0,0.000000000,0,0,0,0,-1,-1,-1,-1,0,-1.000000000,-1.000000000,0,-1.000000000,-1.000000000,-1.000000000,-1.000000000,-1.000000000,-1.000000000,0,1,1,9109,0,1,21032,0,185,0,8951,8951,0,0,0.510677099,1,0.510677083,0,185,20,954
73,1341846316.134066105,2,1,0,0.044734397,0.000000065,0.010892747,0.055627209,0.509609375,0.000000000,0,0,73,0,0,0,0,0,0,0,0,0,0,0,0,-1.000000000,-1.000000000,-1.000000000,-1.000000000,0,0,0,-1.000000000,none,0,0,0,-1,-1,0,-1.000000000,-1.000000000,0,0.000000000,0,0,0,0,-1,-1,-1,-1,0,-1.000000000,-1.000000000,0,-1.000000000,-1.000000000,-1.000000000,-1.000000000,-1.000000000,-1.000000000,0,1,1,6852,0,1,23085,0,181,0,6725,6725,0,0,0.490390629,1,0.490390625,0,181,20,996
74,1341846316.202049017,2,1,0,0.042654751,0.000000137,0.010897950,0.053552838,0.501800130,0.000000000,0,0,74,0,0,0,0,0,0,0,0,0,0,0,0,-1.000000000,-1.000000000,-1.000000000,-1.000000000,0,0,0,-1.000000000,none,0,0,0,-1,-1,0,-1.000000000,-1.000000000,0,0.000000000,0,0,0,0,-1,-1,-1,-1,0,-1.000000000,-1.000000000,0,-1.000000000,-1.000000000,-1.000000000,-1.000000000,-1.000000000,-1.000000000,0,1,1,4456,0,1,20810,0,196,0,4330,4330,0,0,0.498199880,1,0.498199870,0,196,20,1011
75,1341846316.233978987,2,1,0,0.044928711,0.000000114,0.011057243,0.055986068,0.442148437,0.000000000,0,0,75,0,0,0,0,0,0,0,0,0,0,0,0,-1.000000000,-1.000000000,-1.000000000,-1.000000000,0,0,0,-1.000000000,none,0,0,0,-1,-1,0,-1.000000000,-1.000000000,0,0.000000000,0,0,0,0,-1,-1,-1,-1,0,-1.000000000,-1.000000000,0,-1.000000000,-1.000000000,-1.000000000,-1.000000000,-1.000000000,-1.000000000,0,1,1,7202,0,1,11944,0,186,0,7066,7066,0,0,0.557851553,1,0.557851563,0,186,20,1013
76,1341846316.270051956,2,1,0,0.033669106,0.000000057,0.012583147,0.046252310,0.496523437,0.000000000,0,0,76,0,0,0,0,0,0,0,0,0,0,0,0,-1.000000000,-1.000000000,-1.000000000,-1.000000000,0,0,0,-1.000000000,none,0,0,0,-1,-1,0,-1.000000000,-1.000000000,0,0.000000000,0,0,0,0,-1,-1,-1,-1,0,-1.000000000,-1.000000000,0,-1.000000000,-1.000000000,-1.000000000,-1.000000000,-1.000000000,-1.000000000,0,1,1,7281,0,1,12533,0,187,0,7145,7145,0,0,0.503476560,1,0.503476562,0,187,20,1001
77,1341846316.301914930,2,1,0,0.027362783,0.000000183,0.011461884,0.038824850,0.492871094,0.000000000,0,0,77,0,0,0,0,0,0,0,0,0,0,0,0,-1.000000000,-1.000000000,-1.000000000,-1.000000000,0,0,0,-1.000000000,none,0,0,0,-1,-1,0,-1.000000000,-1.000000000,0,0.000000000,0,0,0,0,-1,-1,-1,-1,0,-1.000000000,-1.000000000,0,-1.000000000,-1.000000000,-1.000000000,-1.000000000,-1.000000000,-1.000000000,0,1,1,5867,0,1,13137,0,196,0,5763,5763,0,0,0.507128894,1,0.507128906,0,196,20,956
78,1341846316.334208012,2,1,0,0.025778859,0.000000135,0.010901165,0.036680159,0.518147786,0.000000000,0,0,78,0,0,0,0,0,0,0,0,0,0,0,0,-1.000000000,-1.000000000,-1.000000000,-1.000000000,0,0,0,-1.000000000,none,0,0,0,-1,-1,0,-1.000000000,-1.000000000,0,0.000000000,0,0,0,0,-1,-1,-1,-1,0,-1.000000000,-1.000000000,0,-1.000000000,-1.000000000,-1.000000000,-1.000000000,-1.000000000,-1.000000000,0,1,1,7486,0,1,14007,0,196,0,7359,7359,0,0,0.481852204,1,0.481852214,0,196,20,966
79,1341846316.370006084,2,1,0,0.033690223,0.000000126,0.011334998,0.045025347,0.524407552,0.000000000,0,0,79,0,0,0,0,0,0,0,0,0,0,0,0,-1.000000000,-1.000000000,-1.000000000,-1.000000000,0,0,0,-1.000000000,none,0,0,0,-1,-1,0,-1.000000000,-1.000000000,0,0.000000000,0,0,0,0,-1,-1,-1,-1,0,-1.000000000,-1.000000000,0,-1.000000000,-1.000000000,-1.000000000,-1.000000000,-1.000000000,-1.000000000,0,1,1,7368,0,1,16032,0,180,0,7226,7226,0,0,0.475592434,1,0.475592448,0,180,20,913
80,1341846316.401993990,2,1,0,0.040359042,0.000000057,0.011773813,0.052132912,0.522978516,0.000000000,0,0,80,0,0,0,0,0,0,0,0,0,0,0,0,-1.000000000,-1.000000000,-1.000000000,-1.000000000,0,0,0,-1.000000000,none,0,0,0,-1,-1,0,-1.000000000,-1.000000000,0,0.000000000,0,0,0,0,-1,-1,-1,-1,0,-1.000000000,-1.000000000,0,-1.000000000,-1.000000000,-1.000000000,-1.000000000,-1.000000000,-1.000000000,0,1,1,9164,0,1,9152,0,177,0,9002,9002,0,0,0.477021486,1,0.477021484,0,177,20,880
81,1341846316.438069105,2,1,0,0.027233430,0.000000130,0.013198455,0.040432015,0.463870443,0.000000000,0,0,81,0,0,0,0,0,0,0,0,0,0,0,0,-1.000000000,-1.000000000,-1.000000000,-1.000000000,0,0,0,-1.000000000,none,0,0,0,-1,-1,0,-1.000000000,-1.000000000,0,0.000000000,0,0,0,0,-1,-1,-1,-1,0,-1.000000000,-1.000000000,0,-1.000000000,-1.000000000,-1.000000000,-1.000000000,-1.000000000,-1.000000000,0,1,1,6055,0,1,11154,0,274,0,5943,5943,0,0,0.536129534,1,0.536129557,0,274,20,1043
82,1341846316.470076084,2,1,0,0.033719722,0.000000049,0.010173010,0.043892781,0.562727865,0.000000000,0,0,82,0,0,0,0,0,0,0,0,0,0,0,0,-1.000000000,-1.000000000,-1.000000000,-1.000000000,0,0,0,-1.000000000,none,0,0,0,-1,-1,0,-1.000000000,-1.000000000,0,0.000000000,0,0,0,0,-1,-1,-1,-1,0,-1.000000000,-1.000000000,0,-1.000000000,-1.000000000,-1.000000000,-1.000000000,-1.000000000,-1.000000000,0,1,1,7816,0,1,17320,0,234,0,7630,7630,0,0,0.437272131,1,0.437272135,0,234,20,856
83,1341846316.502033949,2,1,0,0.035974313,0.000000105,0.012959680,0.048934098,0.506064453,0.000000000,0,0,83,0,0,0,0,0,0,0,0,0,0,0,0,-1.000000000,-1.000000000,-1.000000000,-1.000000000,0,0,0,-1.000000000,none,0,0,0,-1,-1,0,-1.000000000,-1.000000000,0,0.000000000,0,0,0,0,-1,-1,-1,-1,0,-1.000000000,-1.000000000,0,-1.000000000,-1.000000000,-1.000000000,-1.000000000,-1.000000000,-1.000000000,0,1,1,361,0,1,21502,0,200,0,299,299,0,0,0.493935555,1,0.493935547,0,200,20,1080
84,1341846316.537975073,2,1,0,0.034728156,0.000000057,0.012079961,0.046808174,0.504208984,0.000000000,0,0,84,0,0,0,0,0,0,0,0,0,0,0,0,-1.000000000,-1.000000000,-1.000000000,-1.000000000,0,0,0,-1.000000000,none,0,0,0,-1,-1,0,-1.000000000,-1.000000000,0,0.000000000,0,0,0,0,-1,-1,-1,-1,0,-1.000000000,-1.000000000,0,-1.000000000,-1.000000000,-1.000000000,-1.000000000,-1.000000000,-1.000000000,0,1,1,3545,0,1,18009,0,194,0,3461,3461,0,0,0.495791018,1,0.495791016,0,194,20,1077
85,1341846316.570121050,2,1,0,0.036560646,0.000000055,0.012209788,0.048770489,0.502626953,0.000000000,0,0,85,0,0,0,0,0,0,0,0,0,0,0,0,-1.000000000,-1.000000000,-1.000000000,-1.000000000,0,0,0,-1.000000000,none,0,0,0,-1,-1,0,-1.000000000,-1.000000000,0,0.000000000,0,0,0,0,-1,-1,-1,-1,0,-1.000000000,-1.000000000,0,-1.000000000,-1.000000000,-1.000000000,-1.000000000,-1.000000000,-1.000000000,0,1,1,5160,0,1,14783,0,229,0,5055,5055,0,0,0.497373044,1,0.497373047,0,229,20,1119
86,1341846316.601885080,2,1,0,0.043543039,0.000000116,0.012680941,0.056224096,0.499472656,0.000000000,0,0,86,0,0,0,0,0,0,0,0,0,0,0,0,-1.000000000,-1.000000000,-1.000000000,-1.000000000,0,0,0,-1.000000000,none,0,0,0,-1,-1,0,-1.000000000,-1.000000000,0,0.000000000,0,0,0,0,-1,-1,-1,-1,0,-1.000000000,-1.000000000,0,-1.000000000,-1.000000000,-1.000000000,-1.000000000,-1.000000000,-1.000000000,0,1,1,5813,0,1,15276,0,222,0,5701,5701,0,0,0.500527322,1,0.500527344,0,222,20,1119
87,1341846316.638009071,2,1,0,0.045620538,0.000000081,0.014352762,0.059973381,0.510540365,0.000000000,0,0,87,0,0,0,0,0,0,0,0,0,0,0,0,-1.000000000,-1.000000000,-1.000000000,-1.000000000,0,0,0,-1.000000000,none,0,0,0,-1,-1,0,-1.000000000,-1.000000000,0,0.000000000,0,0,0,0,-1,-1,-1,-1,0,-1.000000000,-1.000000000,0,-1.000000000,-1.000000000,-1.000000000,-1.000000000,-1.000000000,-1.000000000,0,1,1,6724,0,1,16773,0,216,0,6627,6627,0,0,0.489459634,1,0.489459635,0,216,20,1129
88,1341846316.669924974,2,1,0,0.041471577,0.000000060,0.013194756,0.054666393,0.483766276,0.000000000,0,0,88,0,0,0,0,0,0,0,0,0,0,0,0,-1.000000000,-1.000000000,-1.000000000,-1.000000000,0,0,0,-1.000000000,none,0,0,0,-1,-1,0,-1.000000000,-1.000000000,0,0.000000000,0,0,0,0,-1,-1,-1,-1,0,-1.000000000,-1.000000000,0,-1.000000000,-1.000000000,-1.000000000,-1.000000000,-1.000000000,-1.000000000,0,1,1,4705,0,1,17023,0,209,0,4587,4587,0,0,0.516233742,1,0.516233724,0,209,20,1145
89,1341846316.705940962,2,1,0,0.029162765,0.000000131,0.012737042,0.041899938,0.477138672,0.000000000,0,0,89,0,0,0,0,0,0,0,0,0,0,0,0,-1.000000000,-1.000000000,-1.000000000,-1.000000000,0,0,0,-1.000000000,none,0,0,0,-1,-1,0,-1.000000000,-1.000000000,0,0.000000000,0,0,0,0,-1,-1,-1,-1,0,-1.000000000,-1.000000000,0,-1.000000000,-1.000000000,-1.000000000,-1.000000000,-1.000000000,-1.000000000,0,1,1,2366,0,1,16866,0,207,0,2284,2284,0,0,0.522861302,1,0.522861328,0,207,20,1135
90,1341846316.738061905,2,1,0,0.038987962,0.000000056,0.012631082,0.051619100,0.459677734,0.000000000,0,0,90,0,0,0,0,0,0,0,0,0,0,0,0,-1.000000000,-1.000000000,-1.000000000,-1.000000000,0,0,0,-1.000000000,none,0,0,0,-1,-1,0,-1.000000000,-1.000000000,0,0.000000000,0,0,0,0,-1,-1,-1,-1,0,-1.000000000,-1.000000000,0,-1.000000000,-1.000000000,-1.000000000,-1.000000000,-1.000000000,-1.000000000,0,1,1,1376,0,1,15477,0,218,0,1300,1300,0,0,0.540322244,1,0.540322266,0,218,20,1193
91,1341846316.770432949,2,1,0,0.042551816,0.000000213,0.012984175,0.055536204,0.431708984,0.000000000,0,0,91,0,0,0,0,0,0,0,0,0,0,0,0,-1.000000000,-1.000000000,-1.000000000,-1.000000000,0,0,0,-1.000000000,none,0,0,0,-1,-1,0,-1.000000000,-1.000000000,0,0.000000000,0,0,0,0,-1,-1,-1,-1,0,-1.000000000,-1.000000000,0,-1.000000000,-1.000000000,-1.000000000,-1.000000000,-1.000000000,-1.000000000,0,1,1,2346,0,1,11193,0,222,0,2254,2254,0,0,0.568291008,1,0.568291016,0,222,20,1233
92,1341846316.805932045,2,1,0,0.044861971,0.000000127,0.013064521,0.057926619,0.428473307,0.000000000,0,0,92,0,0,0,0,0,0,0,0,0,0,0,0,-1.000000000,-1.000000000,-1.000000000,-1.000000000,0,0,0,-1.000000000,none,0,0,0,-1,-1,0,-1.000000000,-1.000000000,0,0.000000000,0,0,0,0,-1,-1,-1,-1,0,-1.000000000,-1.000000000,0,-1.000000000,-1.000000000,-1.000000000,-1.000000000,-1.000000000,-1.000000000,0,1,1,2673,0,1,9930,0,224,0,2616,2616,0,0,0.571526706,1,0.571526693,0,224,20,1265
93,1341846316.838028908,2,1,0,0.039783093,0.000000118,0.013726983,0.053510194,0.418193359,0.000000000,0,0,93,0,0,0,0,0,0,0,0,0,0,0,0,-1.000000000,-1.000000000,-1.000000000,-1.000000000,0,0,0,-1.000000000,none,0,0,0,-1,-1,0,-1.000000000,-1.000000000,0,0.000000000,0,0,0,0,-1,-1,-1,-1,0,-1.000000000,-1.000000000,0,-1.000000000,-1.000000000,-1.000000000,-1.000000000,-1.000000000,-1.000000000,0,1,1,924,0,1,14067,0,248,0,849,849,0,0,0.581806660,1,0.581806641,0,248,20,1325
94,1341846316.870033979,2,1,0,0.037766668,0.000000106,0.012420064,0.050186838,0.423509115,0.000000000,0,0,94,0,0,0,0,0,0,0,0,0,0,0,0,-1.000000000,-1.000000000,-1.000000000,-1.000000000,0,0,0,-1.000000000,none,0,0,0,-1,-1,0,-1.000000000,-1.000000000,0,0.000000000,0,0,0,0,-1,-1,-1,-1,0,-1.000000000,-1.000000000,0,-1.000000000,-1.000000000,-1.000000000,-1.000000000,-1.000000000,-1.000000000,0,1,1,1649,0,1,15449,0,231,0,1598,1598,0,0,0.576490879,1,0.576490885,0,231,20,1385
95,1341846316.906343937,2,1,0,0.038959814,0.000000156,0.021681847,0.060641817,0.431230469,0.000000000,0,0,95,0,0,0,0,0,0,0,0,0,0,0,0,-1.000000000,-1.000000000,-1.000000000,-1.000000000,0,0,0,-1.000000000,none,0,0,0,-1,-1,0,-1.000000000,-1.000000000,0,0.000000000,0,0,0,0,-1,-1,-1,-1,0,-1.000000000,-1.000000000,0,-1.000000000,-1.000000000,-1.000000000,-1.000000000,-1.000000000,-1.000000000,0,1,1,2186,0,1,16447,0,239,0,2121,2121,0,0,0.568769515,1,0.568769531,0,239,20,1379
96,1341846316.937939882,2,1,0,0.042755191,0.000000135,0.014904735,0.057660061,0.391223958,0.000000000,0,0,96,0,0,0,0,0,0,0,0,0,0,0,0,-1.000000000,-1.000000000,-1.000000000,-1.000000000,0,0,0,-1.000000000,none,0,0,0,-1,-1,0,-1.000000000,-1.000000000,0,0.000000000,0,0,0,0,-1,-1,-1,-1,0,-1.000000000,-1.000000000,0,-1.000000000,-1.000000000,-1.000000000,-1.000000000,-1.000000000,-1.000000000,0,1,1,2014,0,1,9782,0,236,0,1983,1983,0,0,0.608776033,1,0.608776042,0,236,20,1345
97,1341846316.973994017,2,1,0,0.037171114,0.000000104,0.013455706,0.050626924,0.404449870,0.000000000,0,0,97,0,0,0,0,0,0,0,0,0,0,0,0,-1.000000000,-1.000000000,-1.000000000,-1.000000000,0,0,0,-1.000000000,none,0,0,0,-1,-1,0,-1.000000000,-1.000000000,0,0.000000000,0,0,0,0,-1,-1,-1,-1,0,-1.000000000,-1.000000000,0,-1.000000000,-1.000000000,-1.000000000,-1.000000000,-1.000000000,-1.000000000,0,1,1,804,0,1,12820,0,228,0,767,767,0,0,0.595550120,1,0.595550130,0,228,20,1351
98,1341846317.005913019,2,1,0,0.042475341,0.000000157,0.012597580,0.055073078,0.407278646,0.000000000,0,0,98,0,0,0,0,0,0,0,0,0,0,0,0,-1.000000000,-1.000000000,-1.000000000,-1.000000000,0,0,0,-1.000000000,none,0,0,0,-1,-1,0,-1.000000000,-1.000000000,0,0.000000000,0,0,0,0,-1,-1,-1,-1,0,-1.000000000,-1.000000000,0,-1.000000000,-1.000000000,-1.000000000,-1.000000000,-1.000000000,-1.000000000,0,1,1,601,0,1,11920,0,236,0,565,565,0,0,0.592721343,1,0.592721354,0,236,20,1352
99,1341846317.037935972,2,1,0,0.041260360,0.000000042,0.013007888,0.054268290,0.414182943,0.000000000,0,0,99,0,0,0,0,0,0,0,0,0,0,0,0,-1.000000000,-1.000000000,-1.000000000,-1.000000000,0,0,0,-1.000000000,none,0,0,0,-1,-1,0,-1.000000000,-1.000000000,0,0.000000000,0,0,0,0,-1,-1,-1,-1,0,-1.000000000,-1.000000000,0,-1.000000000,-1.000000000,-1.000000000,-1.000000000,-1.000000000,-1.000000000,0,1,1,450,0,1,13267,0,229,0,426,426,0,0,0.585817039,1,0.585817057,0,229,20,1397
100,1341846317.073971987,2,1,0,0.038956709,0.000000062,0.014535174,0.053491945,0.427835286,0.000000000,0,0,100,0,0,0,0,0,0,0,0,0,0,0,0,-1.000000000,-1.000000000,-1.000000000,-1.000000000,0,0,0,-1.000000000,none,0,0,0,-1,-1,0,-1.000000000,-1.000000000,0,0.000000000,0,0,0,0,-1,-1,-1,-1,0,-1.000000000,-1.000000000,0,-1.000000000,-1.000000000,-1.000000000,-1.000000000,-1.000000000,-1.000000000,0,1,1,810,0,1,15265,0,239,0,772,772,0,0,0.572164714,1,0.572164714,0,239,20,1344
101,1341846317.106112957,2,1,0,0.054253689,0.000000117,0.013932561,0.068186367,0.412672526,0.000000000,0,0,101,0,0,0,0,0,0,0,0,0,0,0,0,-1.000000000,-1.000000000,-1.000000000,-1.000000000,0,0,0,-1.000000000,none,0,0,0,-1,-1,0,-1.000000000,-1.000000000,0,0.000000000,0,0,0,0,-1,-1,-1,-1,0,-1.000000000,-1.000000000,0,-1.000000000,-1.000000000,-1.000000000,-1.000000000,-1.000000000,-1.000000000,0,1,1,744,0,1,13145,0,216,0,699,699,0,0,0.587327480,1,0.587327474,0,216,20,1473
102,1341846317.137887001,2,1,0,0.035881711,0.000000134,0.012580592,0.048462437,0.436533203,0.000000000,0,0,102,0,0,0,0,0,0,0,0,0,0,0,0,-1.000000000,-1.000000000,-1.000000000,-1.000000000,0,0,0,-1.000000000,none,0,0,0,-1,-1,0,-1.000000000,-1.000000000,0,0.000000000,0,0,0,0,-1,-1,-1,-1,0,-1.000000000,-1.000000000,0,-1.000000000,-1.000000000,-1.000000000,-1.000000000,-1.000000000,-1.000000000,0,1,1,546,0,1,20302,0,199,0,517,517,0,0,0.563466787,1,0.563466797,0,199,20,1441
103,1341846317.173969984,2,1,0,0.048174988,0.000000122,0.015194203,0.063369313,0.450130208,0.000000000,0,0,103,0,0,0,0,0,0,0,0,0,0,0,0,-1.000000000,-1.000000000,-1.000000000,-1.000000000,0,0,0,-1.000000000,none,0,0,0,-1,-1,0,-1.000000000,-1.000000000,0,0.000000000,0,0,0,0,-1,-1,-1,-1,0,-1.000000000,-1.000000000,0,-1.000000000,-1.000000000,-1.000000000,-1.000000000,-1.000000000,-1.000000000,0,1,1,407,0,1,17801,0,158,0,323,323,0,0,0.549869776,1,0.549869792,0,158,20,1423
104,1341846317.205887079,2,1,0,0.034059495,0.000000140,0.012620037,0.046679672,0.451035156,0.000000000,0,0,104,0,0,0,0,0,0,0,0,0,0,0,0,-1.000000000,-1.000000000,-1.000000000,-1.000000000,0,0,0,-1.000000000,none,0,0,0,-1,-1,0,-1.000000000,-1.000000000,0,0.000000000,0,0,0,0,-1,-1,-1,-1,0,-1.000000000,-1.000000000,0,-1.000000000,-1.000000000,-1.000000000,-1.000000000,-1.000000000,-1.000000000,0,1,1,879,0,1,21933,0,278,0,856,856,0,0,0.548964858,1,0.548964844,0,278,20,1401
105,1341846317.248131037,2,1,0,0.039366254,0.000000054,0.012313093,0.051679401,0.437809245,0.000000000,0,0,105,0,0,0,0,0,0,0,0,0,0,0,0,-1.000000000,-1.000000000,-1.000000000,-1.000000000,0,0,0,-1.000000000,none,0,0,0,-1,-1,0,-1.000000000,-1.000000000,0,0.000000000,0,0,0,0,-1,-1,-1,-1,0,-1.000000000,-1.000000000,0,-1.000000000,-1.000000000,-1.000000000,-1.000000000,-1.000000000,-1.000000000,0,1,1,118,0,1,16201,0,270,0,87,87,0,0,0.562190771,1,0.562190755,0,270,20,1433
106,1341846317.306288958,2,1,0,0.029488176,0.000000105,0.012353623,0.041841904,0.449840495,0.000000000,0,0,106,0,0,0,0,0,0,0,0,0,0,0,0,-1.000000000,-1.000000000,-1.000000000,-1.000000000,0,0,0,-1.000000000,none,0,0,0,-1,-1,0,-1.000000000,-1.000000000,0,0.000000000,0,0,0,0,-1,-1,-1,-1,0,-1.000000000,-1.000000000,0,-1.000000000,-1.000000000,-1.000000000,-1.000000000,-1.000000000,-1.000000000,0,1,1,659,0,1,15552,0,262,0,646,646,0,0,0.550159514,1,0.550159505,0,262,20,1394
107,1341846317.348136902,2,1,0,0.034185178,0.000000109,0.012541320,0.046726607,0.425738932,0.000000000,0,0,107,0,0,0,0,0,0,0,0,0,0,0,0,-1.000000000,-1.000000000,-1.000000000,-1.000000000,0,0,0,-1.000000000,none,0,0,0,-1,-1,0,-1.000000000,-1.000000000,0,0.000000000,0,0,0,0,-1,-1,-1,-1,0,-1.000000000,-1.000000000,0,-1.000000000,-1.000000000,-1.000000000,-1.000000000,-1.000000000,-1.000000000,0,1,1,1118,0,1,10289,0,215,0,1082,1082,0,0,0.574261069,1,0.574261068,0,215,20,1380
108,1341846317.410120010,2,1,0,0.033976983,0.000000058,0.012578177,0.046555218,0.429928385,0.000000000,0,0,108,0,0,0,0,0,0,0,0,0,0,0,0,-1.000000000,-1.000000000,-1.000000000,-1.000000000,0,0,0,-1.000000000,none,0,0,0,-1,-1,0,-1.000000000,-1.000000000,0,0.000000000,0,0,0,0,-1,-1,-1,-1,0,-1.000000000,-1.000000000,0,-1.000000000,-1.000000000,-1.000000000,-1.000000000,-1.000000000,-1.000000000,0,1,1,290,0,1,12981,0,213,0,276,276,0,0,0.570071638,1,0.570071615,0,213,20,1407
109,1341846317.442569017,2,1,0,0.035214571,0.000000134,0.012796048,0.048010753,0.434352214,0.000000000,0,0,109,0,0,0,0,0,0,0,0,0,0,0,0,-1.000000000,-1.000000000,-1.000000000,-1.000000000,0,0,0,-1.000000000,none,0,0,0,-1,-1,0,-1.000000000,-1.000000000,0,0.000000000,0,0,0,0,-1,-1,-1,-1,0,-1.000000000,-1.000000000,0,-1.000000000,-1.000000000,-1.000000000,-1.000000000,-1.000000000,-1.000000000,0,1,1,1184,0,1,14116,0,207,0,1141,1141,0,0,0.565647781,1,0.565647786,0,207,20,1352
110,1341846317.474009991,2,1,0,0.025998202,0.000000108,0.012718118,0.038716428,0.413632813,0.000000000,0,0,110,0,0,0,0,0,0,0,0,0,0,0,0,-1.000000000,-1.000000000,-1.000000000,-1.000000000,0,0,0,-1.000000000,none,0,0,0,-1,-1,0,-1.000000000,-1.000000000,0,0.000000000,0,0,0,0,-1,-1,-1,-1,0,-1.000000000,-1.000000000,0,-1.000000000,-1.000000000,-1.000000000,-1.000000000,-1.000000000,-1.000000000,0,1,1,1100,0,1,13401,0,241,0,1049,1049,0,0,0.586367190,1,0.586367188,0,241,20,1433
111,1341846317.509927034,2,1,0,0.043950276,0.000000125,0.012691272,0.056641673,0.404843750,0.000000000,0,0,111,0,0,0,0,0,0,0,0,0,0,0,0,-1.000000000,-1.000000000,-1.000000000,-1.000000000,0,0,0,-1.000000000,none,0,0,0,-1,-1,0,-1.000000000,-1.000000000,0,0.000000000,0,0,0,0,-1,-1,-1,-1,0,-1.000000000,-1.000000000,0,-1.000000000,-1.000000000,-1.000000000,-1.000000000,-1.000000000,-1.000000000,0,1,1,528,0,1,14603,0,226,0,507,507,0,0,0.595156252,1,0.595156250,0,226,20,1442
112,1341846317.542282104,2,1,0,0.031735841,0.000000111,0.013225821,0.044961773,0.392164714,0.000000000,0,0,112,0,0,0,0,0,0,0,0,0,0,0,0,-1.000000000,-1.000000000,-1.000000000,-1.000000000,0,0,0,-1.000000000,none,0,0,0,-1,-1,0,-1.000000000,-1.000000000,0,0.000000000,0,0,0,0,-1,-1,-1,-1,0,-1.000000000,-1.000000000,0,-1.000000000,-1.000000000,-1.000000000,-1.000000000,-1.000000000,-1.000000000,0,1,1,2259,0,1,14155,0,236,0,2204,2204,0,0,0.607835293,1,0.607835286,0,236,20,1438
113,1341846317.573942900,2,1,0,0.050884470,0.000000575,0.013656119,0.064541164,0.376884766,0.000000000,0,0,113,0,0,0,0,0,0,0,0,0,0,0,0,-1.000000000,-1.000000000,-1.000000000,-1.000000000,0,0,0,-1.000000000,none,0,0,0,-1,-1,0,-1.000000000,-1.000000000,0,0.000000000,0,0,0,0,-1,-1,-1,-1,0,-1.000000000,-1.000000000,0,-1.000000000,-1.000000000,-1.000000000,-1.000000000,-1.000000000,-1.000000000,0,1,1,2494,0,1,9775,0,248,0,2434,2434,0,0,0.623115242,1,0.623115234,0,248,20,1415
114,1341846317.610158920,2,1,0,0.046756452,0.000000261,0.013104467,0.059861180,0.404238281,0.000000000,0,0,114,0,0,0,0,0,0,0,0,0,0,0,0,-1.000000000,-1.000000000,-1.000000000,-1.000000000,0,0,0,-1.000000000,none,0,0,0,-1,-1,0,-1.000000000,-1.000000000,0,0.000000000,0,0,0,0,-1,-1,-1,-1,0,-1.000000000,-1.000000000,0,-1.000000000,-1.000000000,-1.000000000,-1.000000000,-1.000000000,-1.000000000,0,1,1,2555,0,1,14050,0,234,0,2525,2525,0,0,0.595761716,1,0.595761719,0,234,20,1391
115,1341846317.643553019,2,1,0,0.038751395,0.000000142,0.014914794,0.053666331,0.406204427,0.000000000,0,0,115,0,0,0,0,0,0,0,0,0,0,0,0,-1.000000000,-1.000000000,-1.000000000,-1.000000000,0,0,0,-1.000000000,none,0,0,0,-1,-1,0,-1.000000000,-1.000000000,0,0.000000000,0,0,0,0,-1,-1,-1,-1,0,-1.000000000,-1.000000000,0,-1.000000000,-1.000000000,-1.000000000,-1.000000000,-1.000000000,-1.000000000,0,1,1,2863,0,1,13578,0,204,0,2779,2779,0,0,0.593795598,1,0.593795573,0,204,20,1421
116,1341846317.677993059,2,1,0,0.036518826,0.000000119,0.014722527,0.051241472,0.409541016,0.000000000,0,0,116,0,0,0,0,0,0,0,0,0,0,0,0,-1.000000000,-1.000000000,-1.000000000,-1.000000000,0,0,0,-1.000000000,none,0,0,0,-1,-1,0,-1.000000000,-1.000000000,0,0.000000000,0,0,0,0,-1,-1,-1,-1,0,-1.000000000,-1.000000000,0,-1.000000000,-1.000000000,-1.000000000,-1.000000000,-1.000000000,-1.000000000,0,1,1,1158,0,1,16434,0,259,0,1103,1103,0,0,0.590458989,1,0.590458984,0,259,20,1419
117,1341846317.709995985,2,1,0,0.046393474,0.000000058,0.018157023,0.064550555,0.409072266,0.000000000,0,0,117,0,0,0,0,0,0,0,0,0,0,0,0,-1.000000000,-1.000000000,-1.000000000,-1.000000000,0,0,0,-1.000000000,none,0,0,0,-1,-1,0,-1.000000000,-1.000000000,0,0.000000000,0,0,0,0,-1,-1,-1,-1,0,-1.000000000,-1.000000000,0,-1.000000000,-1.000000000,-1.000000000,-1.000000000,-1.000000000,-1.000000000,0,1,1,2890,0,1,18506,0,251,0,2755,2755,0,0,0.590927720,1,0.590927734,0,251,20,1402
118,1341846317.741833925,2,1,0,0.045087393,0.000000131,0.013704108,0.058791632,0.376689453,0.000000000,0,0,118,0,0,0,0,0,0,0,0,0,0,0,0,-1.000000000,-1.000000000,-1.000000000,-1.000000000,0,0,0,-1.000000000,none,0,0,0,-1,-1,0,-1.000000000,-1.000000000,0,0.000000000,0,0,0,0,-1,-1,-1,-1,0,-1.000000000,-1.000000000,0,-1.000000000,-1.000000000,-1.000000000,-1.000000000,-1.000000000,-1.000000000,0,1,1,806,0,1,14400,0,236,0,779,779,0,0,0.623310566,1,0.623310547,0,236,20,1424
119,1341846317.777923107,2,1,0,0.044799346,0.000000050,0.012648328,0.057447724,0.386764323,0.000000000,0,0,119,0,0,0,0,0,0,0,0,0,0,0,0,-1.000000000,-1.000000000,-1.000000000,-1.000000000,0,0,0,-1.000000000,none,0,0,0,-1,-1,0,-1.000000000,-1.000000000,0,0.000000000,0,0,0,0,-1,-1,-1,-1,0,-1.000000000,-1.000000000,0,-1.000000000,-1.000000000,-1.000000000,-1.000000000,-1.000000000,-1.000000000,0,1,1,3230,0,1,15723,0,239,0,3122,3122,0,0,0.613235652,1,0.613235677,0,239,20,1434
120,1341846317.810020924,2,1,0,0.045038606,0.000000117,0.013006744,0.058045467,0.397851562,0.000000000,0,0,120,0,0,0,0,0,0,0,0,0,0,0,0,-1.000000000,-1.000000000,-1.000000000,-1.000000000,0,0,0,-1.000000000,none,0,0,0,-1,-1,0,-1.000000000,-1.000000000,0,0.000000000,0,0,0,0,-1,-1,-1,-1,0,-1.000000000,-1.000000000,0,-1.000000000,-1.000000000,-1.000000000,-1.000000000,-1.000000000,-1.000000000,0,1,1,2726,0,1,17617,0,227,0,2591,2591,0,0,0.602148414,1,0.602148438,0,227,20,1437
121,1341846317.841886044,2,1,0,0.040720856,0.000000050,0.013211556,0.053932462,0.366383464,0.000000000,0,0,121,0,0,0,0,0,0,0,0,0,0,0,0,-1.000000000,-1.000000000,-1.000000000,-1.000000000,0,0,0,-1.000000000,none,0,0,0,-1,-1,0,-1.000000000,-1.000000000,0,0.000000000,0,0,0,0,-1,-1,-1,-1,0,-1.000000000,-1.000000000,0,-1.000000000,-1.000000000,-1.000000000,-1.000000000,-1.000000000,-1.000000000,0,1,1,2605,0,1,11753,0,240,0,2529,2529,0,0,0.633616507,1,0.633616536,0,240,20,1439
122,1341846317.878016949,2,1,0,0.026863007,0.000000133,0.013843712,0.040706852,0.365048828,0.000000000,0,0,122,0,0,0,0,0,0,0,0,0,0,0,0,-1.000000000,-1.000000000,-1.000000000,-1.000000000,0,0,0,-1.000000000,none,0,0,0,-1,-1,0,-1.000000000,-1.000000000,0,0.000000000,0,0,0,0,-1,-1,-1,-1,0,-1.000000000,-1.000000000,0,-1.000000000,-1.000000000,-1.000000000,-1.000000000,-1.000000000,-1.000000000,0,1,1,2664,0,1,8856,0,234,0,2610,2610,0,0,0.634951174,1,0.634951172,0,234,20,1425
123,1341846317.909909964,2,1,0,0.035015579,0.000000135,0.017419777,0.052435491,0.385071615,0.000000000,0,0,123,0,0,0,0,0,0,0,0,0,0,0,0,-1.000000000,-1.000000000,-1.000000000,-1.000000000,0,0,0,-1.000000000,none,0,0,0,-1,-1,0,-1.000000000,-1.000000000,0,0.000000000,0,0,0,0,-1,-1,-1,-1,0,-1.000000000,-1.000000000,0,-1.000000000,-1.000000000,-1.000000000,-1.000000000,-1.000000000,-1.000000000,0,1,1,1511,0,1,15809,0,224,0,1431,1431,0,0,0.614928365,1,0.614928385,0,224,20,1417
124,1341846317.946031094,2,1,0,0.030337668,0.000000270,0.015904644,0.046242582,0.406565755,0.000000000,0,0,124,0,0,0,0,0,0,0,0,0,0,0,0,-1.000000000,-1.000000000,-1.000000000,-1.000000000,0,0,0,-1.000000000,none,0,0,0,-1,-1,0,-1.000000000,-1.000000000,0,0.000000000,0,0,0,0,-1,-1,-1,-1,0,-1.000000000,-1.000000000,0,-1.000000000,-1.000000000,-1.000000000,-1.000000000,-1.000000000,-1.000000000,0,1,1,1972,0,1,16915,0,307,0,1925,1925,0,0,0.593434274,1,0.593434245,0,307,20,1412
125,1341846317.978040934,2,1,0,0.048145114,0.000000055,0.014026970,0.062172139,0.390026042,0.000000000,0,0,125,0,0,0,0,0,0,0,0,0,0,0,0,-1.000000000,-1.000000000,-1.000000000,-1.000000000,0,0,0,-1.000000000,none,0,0,0,-1,-1,0,-1.000000000,-1.000000000,0,0.000000000,0,0,0,0,-1,-1,-1,-1,0,-1.000000000,-1.000000000,0,-1.000000000,-1.000000000,-1.000000000,-1.000000000,-1.000000000,-1.000000000,0,1,1,1693,0,1,17594,0,298,0,1645,1645,0,0,0.609973967,1,0.609973958,0,298,20,1416
126,1341846318.009896994,2,1,0,0.025653301,0.000000126,0.016528163,0.042181590,0.373821615,0.000000000,0,0,126,0,0,0,0,0,0,0,0,0,0,0,0,-1.000000000,-1.000000000,-1.000000000,-1.000000000,0,0,0,-1.000000000,none,0,0,0,-1,-1,0,-1.000000000,-1.000000000,0,0.000000000,0,0,0,0,-1,-1,-1,-1,0,-1.000000000,-1.000000000,0,-1.000000000,-1.000000000,-1.000000000,-1.000000000,-1.000000000,-1.000000000,0,1,1,1825,0,1,12514,0,279,0,1788,1788,0,0,0.626178384,1,0.626178385,0,279,20,1433
127,1341846318.045948982,2,1,0,0.026191257,0.000000110,0.015498771,0.041690138,0.342705078,0.000000000,0,0,127,0,0,0,0,0,0,0,0,0,0,0,0,-1.000000000,-1.000000000,-1.000000000,-1.000000000,0,0,0,-1.000000000,none,0,0,0,-1,-1,0,-1.000000000,-1.000000000,0,0.000000000,0,0,0,0,-1,-1,-1,-1,0,-1.000000000,-1.000000000,0,-1.000000000,-1.000000000,-1.000000000,-1.000000000,-1.000000000,-1.000000000,0,1,1,1497,0,1,8778,0,284,0,1422,1422,0,0,0.657294929,1,0.657294922,0,284,20,1423
128,1341846318.078073978,2,1,0,0.043760753,0.000000165,0.014153480,0.057914398,0.384498698,0.000000000,0,0,128,0,0,0,0,0,0,0,0,0,0,0,0,-1.000000000,-1.000000000,-1.000000000,-1.000000000,0,0,0,-1.000000000,none,0,0,0,-1,-1,0,-1.000000000,-1.000000000,0,0.000000000,0,0,0,0,-1,-1,-1,-1,0,-1.000000000,-1.000000000,0,-1.000000000,-1.000000000,-1.000000000,-1.000000000,-1.000000000,-1.000000000,0,1,1,1446,0,1,19222,0,271,0,1263,1263,0,0,0.615501285,1,0.615501302,0,271,20,1383
129,1341846318.109894037,2,1,0,0.025078464,0.000000051,0.018102266,0.043180781,0.375921224,0.000000000,0,0,129,0,0,0,0,0,0,0,0,0,0,0,0,-1.000000000,-1.000000000,-1.000000000,-1.000000000,0,0,0,-1.000000000,none,0,0,0,-1,-1,0,-1.000000000,-1.000000000,0,0.000000000,0,0,0,0,-1,-1,-1,-1,0,-1.000000000,-1.000000000,0,-1.000000000,-1.000000000,-1.000000000,-1.000000000,-1.000000000,-1.000000000,0,1,1,2012,0,1,16539,0,240,0,1934,1934,0,0,0.624078751,1,0.624078776,0,240,20,1397
130,1341846318.145956993,2,1,0,0.026214818,0.000000128,0.014739218,0.040954164,0.372923177,0.000000000,0,0,130,0,0,0,0,0,0,0,0,0,0,0,0,-1.000000000,-1.000000000,-1.000000000,-1.000000000,0,0,0,-1.000000000,none,0,0,0,-1,-1,0,-1.000000000,-1.000000000,0,0.000000000,0,0,0,0,-1,-1,-1,-1,0,-1.000000000,-1.000000000,0,-1.000000000,-1.000000000,-1.000000000,-1.000000000,-1.000000000,-1.000000000,0,1,1,2009,0,1,16460,0,288,0,1912,1912,0,0,0.627076805,1,0.627076823,0,288,20,1456
131,1341846318.178000927,2,1,0,0.049748536,0.000000120,0.014144807,0.063893463,0.356510417,0.000000000,0,0,131,0,0,0,0,0,0,0,0,0,0,0,0,-1.000000000,-1.000000000,-1.000000000,-1.000000000,0,0,0,-1.000000000,none,0,0,0,-1,-1,0,-1.000000000,-1.000000000,0,0.000000000,0,0,0,0,-1,-1,-1,-1,0,-1.000000000,-1.000000000,0,-1.000000000,-1.000000000,-1.000000000,-1.000000000,-1.000000000,-1.000000000,0,1,1,3823,0,1,11402,0,287,0,3739,3739,0,0,0.643489599,1,0.643489583,0,287,20,1405
132,1341846318.214073896,2,1,0,0.028345762,0.000000151,0.015494691,0.043840604,0.392841797,0.000000000,0,0,132,0,0,0,0,0,0,0,0,0,0,0,0,-1.000000000,-1.000000000,-1.000000000,-1.000000000,0,0,0,-1.000000000,none,0,0,0,-1,-1,0,-1.000000000,-1.000000000,0,0.000000000,0,0,0,0,-1,-1,-1,-1,0,-1.000000000,-1.000000000,0,-1.000000000,-1.000000000,-1.000000000,-1.000000000,-1.000000000,-1.000000000,0,1,1,2485,0,1,18629,0,279,0,2398,2398,0,0,0.607158184,1,0.607158203,0,279,20,1402
133,1341846318.245970011,2,1,0,0.027553280,0.000000221,0.019083308,0.046636809,0.360332031,0.000000000,0,0,133,0,0,0,0,0,0,0,0,0,0,0,0,-1.000000000,-1.000000000,-1.000000000,-1.000000000,0,0,0,-1.000000000,none,0,0,0,-1,-1,0,-1.000000000,-1.000000000,0,0.000000000,0,0,0,0,-1,-1,-1,-1,0,-1.000000000,-1.000000000,0,-1.000000000,-1.000000000,-1.000000000,-1.000000000,-1.000000000,-1.000000000,0,1,1,1676,0,1,19035,0,242,0,1561,1561,0,0,0.639667988,1,0.639667969,0,242,20,1464
134,1341846318.278017998,2,1,0,0.026202590,0.000000042,0.014184428,0.040387060,0.346513672,0.000000000,0,0,134,0,0,0,0,0,0,0,0,0,0,0,0,-1.000000000,-1.000000000,-1.000000000,-1.000000000,0,0,0,-1.000000000,none,0,0,0,-1,-1,0,-1.000000000,-1.000000000,0,0.000000000,0,0,0,0,-1,-1,-1,-1,0,-1.000000000,-1.000000000,0,-1.000000000,-1.000000000,-1.000000000,-1.000000000,-1.000000000,-1.000000000,0,1,1,2867,0,1,16415,0,312,0,2755,2755,0,0,0.653486311,1,0.653486328,0,312,20,1460
135,1341846318.313936949,2,1,0,0.029550345,0.000000111,0.014384312,0.043934768,0.313525391,0.000000000,0,0,135,0,0,0,0,0,0,0,0,0,0,0,0,-1.000000000,-1.000000000,-1.000000000,-1.000000000,0,0,0,-1.000000000,none,0,0,0,-1,-1,0,-1.000000000,-1.000000000,0,0.000000000,0,0,0,0,-1,-1,-1,-1,0,-1.000000000,-1.000000000,0,-1.000000000,-1.000000000,-1.000000000,-1.000000000,-1.000000000,-1.000000000,0,1,1,1236,0,1,21273,0,304,0,1200,1200,0,0,0.686474621,1,0.686474609,0,304,20,1577
136,1341846318.345988989,2,1,0,0.033731337,0.000000058,0.018960381,0.052691776,0.299482422,0.000000000,0,0,136,0,0,0,0,0,0,0,0,0,0,0,0,-1.000000000,-1.000000000,-1.000000000,-1.000000000,0,0,0,-1.000000000,none,0,0,0,-1,-1,0,-1.000000000,-1.000000000,0,0.000000000,0,0,0,0,-1,-1,-1,-1,0,-1.000000000,-1.000000000,0,-1.000000000,-1.000000000,-1.000000000,-1.000000000,-1.000000000,-1.000000000,0,1,1,260,0,1,21058,0,227,0,213,213,0,0,0.700517595,1,0.700517578,0,227,20,1562
137,1341846318.382045984,2,1,0,0.029372354,0.000000049,0.013734406,0.043106809,0.288235677,0.000000000,0,0,137,0,0,0,0,0,0,0,0,0,0,0,0,-1.000000000,-1.000000000,-1.000000000,-1.000000000,0,0,0,-1.000000000,none,0,0,0,-1,-1,0,-1.000000000,-1.000000000,0,0.000000000,0,0,0,0,-1,-1,-1,-1,0,-1.000000000,-1.000000000,0,-1.000000000,-1.000000000,-1.000000000,-1.000000000,-1.000000000,-1.000000000,0,1,1,3381,0,1,16904,0,301,0,3299,3299,0,0,0.711764336,1,0.711764323,0,301,20,1569
138,1341846318.414072037,2,1,0,0.052528619,0.000000129,0.013162116,0.065690864,0.302724609,0.000000000,0,0,138,0,0,0,0,0,0,0,0,0,0,0,0,-1.000000000,-1.000000000,-1.000000000,-1.000000000,0,0,0,-1.000000000,none,0,0,0,-1,-1,0,-1.000000000,-1.000000000,0,0.000000000,0,0,0,0,-1,-1,-1,-1,0,-1.000000000,-1.000000000,0,-1.000000000,-1.000000000,-1.000000000,-1.000000000,-1.000000000,-1.000000000,0,1,1,1954,0,1,23044,0,293,0,1859,1859,0,0,0.697275400,1,0.697275391,0,293,20,1568
139,1341846318.446034908,2,1,0,0.057082444,0.000000109,0.013413779,0.070496332,0.300136719,0.000000000,0,0,139,0,0,0,0,0,0,0,0,0,0,0,0,-1.000000000,-1.000000000,-1.000000000,-1.000000000,0,0,0,-1.000000000,none,0,0,0,-1,-1,0,-1.000000000,-1.000000000,0,0.000000000,0,0,0,0,-1,-1,-1,-1,0,-1.000000000,-1.000000000,0,-1.000000000,-1.000000000,-1.000000000,-1.000000000,-1.000000000,-1.000000000,0,1,1,1707,0,1,20438,0,272,0,1637,1637,0,0,0.699863255,1,0.699863281,0,272,20,1524
140,1341846318.482196093,2,1,0,0.031130880,0.000000124,0.014615892,0.045746896,0.301201172,0.000000000,0,0,140,0,0,0,0,0,0,0,0,0,0,0,0,-1.000000000,-1.000000000,-1.000000000,-1.000000000,0,0,0,-1.000000000,none,0,0,0,-1,-1,0,-1.000000000,-1.000000000,0,0.000000000,0,0,0,0,-1,-1,-1,-1,0,-1.000000000,-1.000000000,0,-1.000000000,-1.000000000,-1.000000000,-1.000000000,-1.000000000,-1.000000000,0,1,1,3712,0,1,11892,0,245,0,3617,3617,0,0,0.698798835,1,0.698798828,0,245,20,1509
141,1341846318.514143944,2,1,0,0.038735943,0.000000132,0.014803160,0.053539235,0.288460286,0.000000000,0,0,141,0,0,0,0,0,0,0,0,0,0,0,0,-1.000000000,-1.000000000,-1.000000000,-1.000000000,0,0,0,-1.000000000,none,0,0,0,-1,-1,0,-1.000000000,-1.000000000,0,0.000000000,0,0,0,0,-1,-1,-1,-1,0,-1.000000000,-1.000000000,0,-1.000000000,-1.000000000,-1.000000000,-1.000000000,-1.000000000,-1.000000000,0,1,1,2902,0,1,14111,0,220,0,2776,2776,0,0,0.711539686,1,0.711539714,0,220,20,1515
142,1341846318.546258926,2,1,0,0.050786884,0.000000112,0.014845855,0.065632851,0.297399089,0.000000000,0,0,142,0,0,0,0,0,0,0,0,0,0,0,0,-1.000000000,-1.000000000,-1.000000000,-1.000000000,0,0,0,-1.000000000,none,0,0,0,-1,-1,0,-1.000000000,-1.000000000,0,0.000000000,0,0,0,0,-1,-1,-1,-1,0,-1.000000000,-1.000000000,0,-1.000000000,-1.000000000,-1.000000000,-1.000000000,-1.000000000,-1.000000000,0,1,1,2006,0,1,11521,0,339,0,1947,1947,0,0,0.702600896,1,0.702600911,0,339,20,1504
143,1341846318.582041979,2,1,0,0.028111142,0.000000072,0.014597258,0.042708472,0.283968099,0.000000000,0,0,143,0,0,0,0,0,0,0,0,0,0,0,0,-1.000000000,-1.000000000,-1.000000000,-1.000000000,0,0,0,-1.000000000,none,0,0,0,-1,-1,0,-1.000000000,-1.000000000,0,0.000000000,0,0,0,0,-1,-1,-1,-1,0,-1.000000000,-1.000000000,0,-1.000000000,-1.000000000,-1.000000000,-1.000000000,-1.000000000,-1.000000000,0,1,1,2267,0,1,11190,0,293,0,2202,2202,0,0,0.716031909,1,0.716031901,0,293,20,1499
144,1341846318.614115000,2,1,0,0.034915445,0.000000186,0.014490505,0.049406136,0.286022135,0.000000000,0,0,144,0,0,0,0,0,0,0,0,0,0,0,0,-1.000000000,-1.000000000,-1.000000000,-1.000000000,0,0,0,-1.000000000,none,0,0,0,-1,-1,0,-1.000000000,-1.000000000,0,0.000000000,0,0,0,0,-1,-1,-1,-1,0,-1.000000000,-1.000000000,0,-1.000000000,-1.000000000,-1.000000000,-1.000000000,-1.000000000,-1.000000000,0,1,1,2172,0,1,12454,0,287,0,2095,2095,0,0,0.713977873,1,0.713977865,0,287,20,1503
145,1341846318.650038004,2,1,0,0.029022042,0.000000116,0.013797120,0.042819278,0.290042318,0.000000000,0,0,145,0,0,0,0,0,0,0,0,0,0,0,0,-1.000000000,-1.000000000,-1.000000000,-1.000000000,0,0,0,-1.000000000,none,0,0,0,-1,-1,0,-1.000000000,-1.000000000,0,0.000000000,0,0,0,0,-1,-1,-1,-1,0,-1.000000000,-1.000000000,0,-1.000000000,-1.000000000,-1.000000000,-1.000000000,-1.000000000,-1.000000000,0,1,1,2786,0,1,13328,0,294,0,2713,2713,0,0,0.709957659,1,0.709957682,0,294,20,1505
146,1341846318.682349920,2,1,0,0.028982423,0.000000083,0.014961361,0.043943867,0.300045573,0.000000000,0,0,146,0,0,0,0,0,0,0,0,0,0,0,0,-1.000000000,-1.000000000,-1.000000000,-1.000000000,0,0,0,-1.000000000,none,0,0,0,-1,-1,0,-1.000000000,-1.000000000,0,0.000000000,0,0,0,0,-1,-1,-1,-1,0,-1.000000000,-1.000000000,0,-1.000000000,-1.000000000,-1.000000000,-1.000000000,-1.000000000,-1.000000000,0,1,1,2653,0,1,14817,0,272,0,2535,2535,0,0,0.699954450,1,0.699954427,0,272,20,1492
147,1341846318.714062929,2,1,0,0.044765350,0.000000051,0.015503340,0.060268741,0.291445312,0.000000000,0,0,147,0,0,0,0,0,0,0,0,0,0,0,0,-1.000000000,-1.000000000,-1.000000000,-1.000000000,0,0,0,-1.000000000,none,0,0,0,-1,-1,0,-1.000000000,-1.000000000,0,0.000000000,0,0,0,0,-1,-1,-1,-1,0,-1.000000000,-1.000000000,0,-1.000000000,-1.000000000,-1.000000000,-1.000000000,-1.000000000,-1.000000000,0,1,1,2774,0,1,15637,0,255,0,2672,2672,0,0,0.708554685,1,0.708554687,0,255,20,1526
148,1341846318.749905109,2,1,0,0.038955433,0.000000109,0.014412687,0.053368229,0.290074870,0.000000000,0,0,148,0,0,0,0,0,0,0,0,0,0,0,0,-1.000000000,-1.000000000,-1.000000000,-1.000000000,0,0,0,-1.000000000,none,0,0,0,-1,-1,0,-1.000000000,-1.000000000,0,0.000000000,0,0,0,0,-1,-1,-1,-1,0,-1.000000000,-1.000000000,0,-1.000000000,-1.000000000,-1.000000000,-1.000000000,-1.000000000,-1.000000000,0,1,1,3790,0,1,11547,0,257,0,3689,3689,0,0,0.709925115,1,0.709925130,0,257,20,1511
149,1341846318.782036066,2,1,0,0.040073185,0.000000113,0.013280233,0.053353531,0.308271484,0.000000000,0,0,149,0,0,0,0,0,0,0,0,0,0,0,0,-1.000000000,-1.000000000,-1.000000000,-1.000000000,0,0,0,-1.000000000,none,0,0,0,-1,-1,0,-1.000000000,-1.000000000,0,0.000000000,0,0,0,0,-1,-1,-1,-1,0,-1.000000000,-1.000000000,0,-1.000000000,-1.000000000,-1.000000000,-1.000000000,-1.000000000,-1.000000000,0,1,1,1625,0,1,19465,0,258,0,1584,1584,0,0,0.691728532,1,0.691728516,0,258,20,1482
150,1341846318.814121008,2,1,0,0.028950317,0.000000119,0.024470227,0.053420663,0.341907552,0.000000000,0,0,150,0,0,0,0,0,0,0,0,0,0,0,0,-1.000000000,-1.000000000,-1.000000000,-1.000000000,0,0,0,-1.000000000,none,0,0,0,-1,-1,0,-1.000000000,-1.000000000,0,0.000000000,0,0,0,0,-1,-1,-1,-1,0,-1.000000000,-1.000000000,0,-1.000000000,-1.000000000,-1.000000000,-1.000000000,-1.000000000,-1.000000000,0,1,1,679,0,1,21767,0,241,0,609,609,0,0,0.658092439,1,0.658092448,0,241,20,1466
151,1341846318.850071907,2,1,0,0.034480476,0.000000064,0.013517947,0.047998487,0.323307292,0.000000000,0,0,151,0,0,0,0,0,0,0,0,0,0,0,0,-1.000000000,-1.000000000,-1.000000000,-1.000000000,0,0,0,-1.000000000,none,0,0,0,-1,-1,0,-1.000000000,-1.000000000,0,0.000000000,0,0,0,0,-1,-1,-1,-1,0,-1.000000000,-1.000000000,0,-1.000000000,-1.000000000,-1.000000000,-1.000000000,-1.000000000,-1.000000000,0,1,1,2368,0,1,20068,0,290,0,2287,2287,0,0,0.676692724,1,0.676692708,0,290,20,1514
152,1341846318.883516073,2,1,0,0.053257226,0.000000112,0.014468105,0.067725443,0.347301432,0.000000000,0,0,152,0,0,0,0,0,0,0,0,0,0,0,0,-1.000000000,-1.000000000,-1.000000000,-1.000000000,0,0,0,-1.000000000,none,0,0,0,-1,-1,0,-1.000000000,-1.000000000,0,0.000000000,0,0,0,0,-1,-1,-1,-1,0,-1.000000000,-1.000000000,0,-1.000000000,-1.000000000,-1.000000000,-1.000000000,-1.000000000,-1.000000000,0,1,1,973,0,1,22484,0,267,0,840,840,0,0,0.652698576,1,0.652698568,0,267,20,1452
153,1341846318.918046951,2,1,0,0.032636720,0.000000162,0.017972137,0.050609019,0.343063151,0.000000000,0,0,153,0,0,0,0,0,0,0,0,0,0,0,0,-1.000000000,-1.000000000,-1.000000000,-1.000000000,0,0,0,-1.000000000,none,0,0,0,-1,-1,0,-1.000000000,-1.000000000,0,0.000000000,0,0,0,0,-1,-1,-1,-1,0,-1.000000000,-1.000000000,0,-1.000000000,-1.000000000,-1.000000000,-1.000000000,-1.000000000,-1.000000000,0,1,1,741,0,1,7798,0,198,0,664,664,0,0,0.656936824,1,0.656936849,0,198,20,1074
154,1341846318.950043917,2,1,0,0.030781254,0.000000139,0.024880235,0.055661628,0.338147786,0.000000000,0,0,154,0,0,0,0,0,0,0,0,0,0,0,0,-1.000000000,-1.000000000,-1.000000000,-1.000000000,0,0,0,-1.000000000,none,0,0,0,-1,-1,0,-1.000000000,-1.000000000,0,0.000000000,0,0,0,0,-1,-1,-1,-1,0,-1.000000000,-1.000000000,0,-1.000000000,-1.000000000,-1.000000000,-1.000000000,-1.000000000,-1.000000000,0,1,1,921,0,1,16975,1,127,5,807,0,807,0,0.661852241,1,0.659225260,1,127,14,2002
155,1341846318.982028008,2,1,0,0.052484867,0.000000149,0.018801236,0.071286252,0.356370443,0.000000000,0,0,155,0,0,0,0,0,0,0,0,0,0,0,0,-1.000000000,-1.000000000,-1.000000000,-1.000000000,0,0,0,-1.000000000,none,0,0,0,-1,-1,0,-1.000000000,-1.000000000,0,0.000000000,0,0,0,0,-1,-1,-1,-1,0,-1.000000000,-1.000000000,0,-1.000000000,-1.000000000,-1.000000000,-1.000000000,-1.000000000,-1.000000000,0,1,1,4133,0,1,17399,1,245,4,3993,0,3993,0,0.643629551,1,0.630628255,1,245,14,2007
156,1341846319.018122911,2,1,0,0.027718601,0.000000124,0.017740565,0.045459290,0.349375000,0.000000000,0,0,156,0,0,0,0,0,0,0,0,0,0,0,0,-1.000000000,-1.000000000,-1.000000000,-1.000000000,0,0,0,-1.000000000,none,0,0,0,-1,-1,0,-1.000000000,-1.000000000,0,0.000000000,0,0,0,0,-1,-1,-1,-1,0,-1.000000000,-1.000000000,0,-1.000000000,-1.000000000,-1.000000000,-1.000000000,-1.000000000,-1.000000000,0,1,1,816,0,1,12910,1,309,3,680,0,680,0,0.650624990,1,0.648411458,1,309,14,2004
157,1341846319.050745010,2,1,0,0.039576290,0.000000328,0.016642498,0.056219116,0.381770833,0.000000000,0,0,157,0,0,0,0,0,0,0,0,0,0,0,0,-1.000000000,-1.000000000,-1.000000000,-1.000000000,0,0,0,-1.000000000,none,0,0,0,-1,-1,0,-1.000000000,-1.000000000,0,0.000000000,0,0,0,0,-1,-1,-1,-1,0,-1.000000000,-1.000000000,0,-1.000000000,-1.000000000,-1.000000000,-1.000000000,-1.000000000,-1.000000000,0,1,1,1710,0,1,16417,1,276,2,1612,0,1612,0,0.618229151,1,0.612981771,1,276,13,2006
158,1341846319.081904888,2,1,0,0.041273596,0.000000118,0.024254361,0.065528075,0.358964844,0.000000000,0,0,158,0,0,0,0,0,0,0,0,0,0,0,0,-1.000000000,-1.000000000,-1.000000000,-1.000000000,0,0,0,-1.000000000,none,0,0,0,-1,-1,0,-1.000000000,-1.000000000,0,0.000000000,0,0,0,0,-1,-1,-1,-1,0,-1.000000000,-1.000000000,0,-1.000000000,-1.000000000,-1.000000000,-1.000000000,-1.000000000,-1.000000000,0,1,1,5229,0,1,9697,1,219,1,5103,0,5103,0,0.641035140,1,0.624417318,1,219,14,2006
159,1341846319.117975950,2,1,0,0.027881372,0.000000063,0.014699978,0.042581413,0.362265625,0.000000000,0,0,159,0,0,0,0,0,0,0,0,0,0,0,0,-1.000000000,-1.000000000,-1.000000000,-1.000000000,0,0,0,-1.000000000,none,0,0,0,-1,-1,0,-1.000000000,-1.000000000,0,0.000000000,0,0,0,0,-1,-1,-1,-1,0,-1.000000000,-1.000000000,0,-1.000000000,-1.000000000,-1.000000000,-1.000000000,-1.000000000,-1.000000000,0,1,1,1845,0,1,15271,0,273,0,1690,1690,0,0,0.637734354,1,0.637734375,0,273,20,1382
160,1341846319.150093079,2,1,0,0.050307375,0.000000134,0.015217293,0.065524802,0.374651693,0.000000000,0,0,160,0,0,0,0,0,0,0,0,0,0,0,0,-1.000000000,-1.000000000,-1.000000000,-1.000000000,0,0,0,-1.000000000,none,0,0,0,-1,-1,0,-1.000000000,-1.000000000,0,0.000000000,0,0,0,0,-1,-1,-1,-1,0,-1.000000000,-1.000000000,0,-1.000000000,-1.000000000,-1.000000000,-1.000000000,-1.000000000,-1.000000000,0,1,1,1379,0,1,17406,0,199,0,1288,1288,0,0,0.625348330,1,0.625348307,0,199,20,1406
161,1341846319.186069012,2,1,0,0.033182908,0.000000057,0.022287608,0.055470573,0.359111328,0.000000000,0,0,161,0,0,0,0,0,0,0,0,0,0,0,0,-1.000000000,-1.000000000,-1.000000000,-1.000000000,0,0,0,-1.000000000,none,0,0,0,-1,-1,0,-1.000000000,-1.000000000,0,0.000000000,0,0,0,0,-1,-1,-1,-1,0,-1.000000000,-1.000000000,0,-1.000000000,-1.000000000,-1.000000000,-1.000000000,-1.000000000,-1.000000000,0,1,1,2201,0,1,12824,0,252,0,2105,2105,0,0,0.640888691,1,0.640888672,0,252,20,1406
162,1341846319.218148947,2,1,0,0.043106374,0.000000118,0.012237346,0.055343838,0.423261719,0.000000000,0,0,162,0,0,0,0,0,0,0,0,0,0,0,0,-1.000000000,-1.000000000,-1.000000000,-1.000000000,0,0,0,-1.000000000,none,0,0,0,-1,-1,0,-1.000000000,-1.000000000,0,0.000000000,0,0,0,0,-1,-1,-1,-1,0,-1.000000000,-1.000000000,0,-1.000000000,-1.000000000,-1.000000000,-1.000000000,-1.000000000,-1.000000000,0,1,1,1990,0,1,17204,0,259,0,1927,1927,0,0,0.576738298,1,0.576738281,0,259,20,1335
163,1341846319.250034094,2,1,0,0.041406927,0.000000118,0.019178264,0.060585309,0.455712891,0.000000000,0,0,163,0,0,0,0,0,0,0,0,0,0,0,0,-1.000000000,-1.000000000,-1.000000000,-1.000000000,0,0,0,-1.000000000,none,0,0,0,-1,-1,0,-1.000000000,-1.000000000,0,0.000000000,0,0,0,0,-1,-1,-1,-1,0,-1.000000000,-1.000000000,0,-1.000000000,-1.000000000,-1.000000000,-1.000000000,-1.000000000,-1.000000000,0,1,1,2865,0,1,18701,0,187,0,2727,2727,0,0,0.544287086,1,0.544287109,0,187,20,1227
164,1341846319.286593914,2,1,0,0.036054529,0.000000126,0.011733295,0.047787950,0.455279948,0.000000000,0,0,164,0,0,0,0,0,0,0,0,0,0,0,0,-1.000000000,-1.000000000,-1.000000000,-1.000000000,0,0,0,-1.000000000,none,0,0,0,-1,-1,0,-1.000000000,-1.000000000,0,0.000000000,0,0,0,0,-1,-1,-1,-1,0,-1.000000000,-1.000000000,0,-1.000000000,-1.000000000,-1.000000000,-1.000000000,-1.000000000,-1.000000000,0,1,1,2700,0,1,19637,0,151,0,2534,2534,0,0,0.544720054,1,0.544720052,0,151,20,1241
165,1341846319.318033934,2,1,0,0.037708785,0.000000121,0.013579167,0.051288073,0.431409505,0.000000000,0,0,165,0,0,0,0,0,0,0,0,0,0,0,0,-1.000000000,-1.000000000,-1.000000000,-1.000000000,0,0,0,-1.000000000,none,0,0,0,-1,-1,0,-1.000000000,-1.000000000,0,0.000000000,0,0,0,0,-1,-1,-1,-1,0,-1.000000000,-1.000000000,0,-1.000000000,-1.000000000,-1.000000000,-1.000000000,-1.000000000,-1.000000000,0,1,1,13725,0,1,10238,0,155,0,13533,13533,0,0,0.568590522,1,0.568590495,0,155,20,1269
166,1341846319.350267887,2,1,0,0.042214573,0.000000133,0.012347556,0.054562262,0.500911458,0.000000000,0,0,166,0,0,0,0,0,0,0,0,0,0,0,0,-1.000000000,-1.000000000,-1.000000000,-1.000000000,0,0,0,-1.000000000,none,0,0,0,-1,-1,0,-1.000000000,-1.000000000,0,0.000000000,0,0,0,0,-1,-1,-1,-1,0,-1.000000000,-1.000000000,0,-1.000000000,-1.000000000,-1.000000000,-1.000000000,-1.000000000,-1.000000000,0,1,1,8930,0,1,13881,0,202,0,8790,8790,0,0,0.499088556,1,0.499088542,0,202,20,1305
167,1341846319.386162996,2,1,0,0.051992463,0.000000218,0.013050282,0.065042963,0.463190104,0.000000000,0,0,167,0,0,0,0,0,0,0,0,0,0,0,0,-1.000000000,-1.000000000,-1.000000000,-1.000000000,0,0,0,-1.000000000,none,0,0,0,-1,-1,0,-1.000000000,-1.000000000,0,0.000000000,0,0,0,0,-1,-1,-1,-1,0,-1.000000000,-1.000000000,0,-1.000000000,-1.000000000,-1.000000000,-1.000000000,-1.000000000,-1.000000000,0,1,1,5575,0,1,11644,0,194,0,5500,5500,0,0,0.536809921,1,0.536809896,0,194,20,1389
168,1341846319.418385983,2,1,0,0.033420010,0.000000158,0.015472439,0.048892607,0.457998047,0.000000000,0,0,168,0,0,0,0,0,0,0,0,0,0,0,0,-1.000000000,-1.000000000,-1.000000000,-1.000000000,0,0,0,-1.000000000,none,0,0,0,-1,-1,0,-1.000000000,-1.000000000,0,0.000000000,0,0,0,0,-1,-1,-1,-1,0,-1.000000000,-1.000000000,0,-1.000000000,-1.000000000,-1.000000000,-1.000000000,-1.000000000,-1.000000000,0,1,1,1864,0,1,9589,0,219,0,1815,1815,0,0,0.542001963,1,0.542001953,0,219,20,1488
169,1341846319.453960896,2,1,0,0.032711230,0.000000142,0.025781107,0.058492479,0.406933594,0.000000000,0,0,169,0,0,0,0,0,0,0,0,0,0,0,0,-1.000000000,-1.000000000,-1.000000000,-1.000000000,0,0,0,-1.000000000,none,0,0,0,-1,-1,0,-1.000000000,-1.000000000,0,0.000000000,0,0,0,0,-1,-1,-1,-1,0,-1.000000000,-1.000000000,0,-1.000000000,-1.000000000,-1.000000000,-1.000000000,-1.000000000,-1.000000000,0,1,1,2260,0,1,5865,0,217,0,2217,2217,0,0,0.593066394,1,0.593066406,0,217,20,1502
170,1341846319.486270905,2,1,0,0.033737415,0.000000163,0.016369348,0.050106926,0.421813151,0.000000000,0,0,170,0,0,0,0,0,0,0,0,0,0,0,0,-1.000000000,-1.000000000,-1.000000000,-1.000000000,0,0,0,-1.000000000,none,0,0,0,-1,-1,0,-1.000000000,-1.000000000,0,0.000000000,0,0,0,0,-1,-1,-1,-1,0,-1.000000000,-1.000000000,0,-1.000000000,-1.000000000,-1.000000000,-1.000000000,-1.000000000,-1.000000000,0,1,1,535,0,1,1253,0,278,0,422,422,0,0,0.578186870,1,0.578186849,0,278,20,1558
171,1341846319.554083109,2,1,0,0.049325940,0.000000050,0.014094934,0.063420924,0.316126302,0.000000000,0,0,171,0,0,0,0,0,0,0,0,0,0,0,0,-1.000000000,-1.000000000,-1.000000000,-1.000000000,0,0,0,-1.000000000,none,0,0,0,-1,-1,0,-1.000000000,-1.000000000,0,0.000000000,0,0,0,0,-1,-1,-1,-1,0,-1.000000000,-1.000000000,0,-1.000000000,-1.000000000,-1.000000000,-1.000000000,-1.000000000,-1.000000000,0,1,1,17,0,1,1998,0,272,0,11,11,0,0,0.683873713,1,0.683873698,0,272,20,1637
172,1341846319.586296082,2,1,0,0.041870867,0.000000141,0.014970892,0.056841900,0.300247396,0.000000000,0,0,172,0,0,0,0,0,0,0,0,0,0,0,0,-1.000000000,-1.000000000,-1.000000000,-1.000000000,0,0,0,-1.000000000,none,0,0,0,-1,-1,0,-1.000000000,-1.000000000,0,0.000000000,0,0,0,0,-1,-1,-1,-1,0,-1.000000000,-1.000000000,0,-1.000000000,-1.000000000,-1.000000000,-1.000000000,-1.000000000,-1.000000000,0,1,1,0,0,1,5235,0,290,0,0,0,0,0,0.699752629,1,0.699752604,0,290,20,1695
173,1341846319.622030973,2,1,0,0.055829702,0.000000134,0.017483765,0.073313601,0.272034505,0.000000000,0,0,173,0,0,0,0,0,0,0,0,0,0,0,0,-1.000000000,-1.000000000,-1.000000000,-1.000000000,0,0,0,-1.000000000,none,0,0,0,-1,-1,0,-1.000000000,-1.000000000,0,0.000000000,0,0,0,0,-1,-1,-1,-1,0,-1.000000000,-1.000000000,0,-1.000000000,-1.000000000,-1.000000000,-1.000000000,-1.000000000,-1.000000000,0,1,1,0,0,1,7562,0,352,0,0,0,0,0,0.727965474,1,0.727965495,0,352,20,1793
174,1341846319.653961897,2,1,0,0.046886021,0.000000060,0.017596019,0.064482100,0.152910156,0.000000000,0,0,174,0,0,0,0,0,0,0,0,0,0,0,0,-1.000000000,-1.000000000,-1.000000000,-1.000000000,0,0,0,-1.000000000,none,0,0,0,-1,-1,0,-1.000000000,-1.000000000,0,0.000000000,0,0,0,0,-1,-1,-1,-1,0,-1.000000000,-1.000000000,0,-1.000000000,-1.000000000,-1.000000000,-1.000000000,-1.000000000,-1.000000000,0,1,1,0,0,1,4657,0,320,0,0,0,0,0,0.847089827,1,0.847089844,0,320,20,1947
175,1341846319.686352015,2,1,0,0.059757980,0.000000227,0.016363441,0.076121648,0.145585938,0.000000000,0,0,175,0,0,0,0,0,0,0,0,0,0,0,0,-1.000000000,-1.000000000,-1.000000000,-1.000000000,0,0,0,-1.000000000,none,0,0,0,-1,-1,0,-1.000000000,-1.000000000,0,0.000000000,0,0,0,0,-1,-1,-1,-1,0,-1.000000000,-1.000000000,0,-1.000000000,-1.000000000,-1.000000000,-1.000000000,-1.000000000,-1.000000000,0,1,1,0,0,1,5696,0,388,0,0,0,0,0,0.854414046,1,0.854414062,0,388,20,1970
176,1341846319.721992016,2,1,0,0.057544527,0.000000140,0.016453488,0.073998155,0.107496745,0.000000000,0,0,176,0,0,0,0,0,0,0,0,0,0,0,0,-1.000000000,-1.000000000,-1.000000000,-1.000000000,0,0,0,-1.000000000,none,0,0,0,-1,-1,0,-1.000000000,-1.000000000,0,0.000000000,0,0,0,0,-1,-1,-1,-1,0,-1.000000000,-1.000000000,0,-1.000000000,-1.000000000,-1.000000000,-1.000000000,-1.000000000,-1.000000000,0,1,1,0,0,1,9872,0,391,0,0,0,0,0,0.892503262,1,0.892503255,0,391,20,1939
177,1341846319.754062891,2,1,0,0.032170880,0.000000048,0.017765229,0.049936157,0.174358724,0.000000000,0,0,177,0,0,0,0,0,0,0,0,0,0,0,0,-1.000000000,-1.000000000,-1.000000000,-1.000000000,0,0,0,-1.000000000,none,0,0,0,-1,-1,0,-1.000000000,-1.000000000,0,0.000000000,0,0,0,0,-1,-1,-1,-1,0,-1.000000000,-1.000000000,0,-1.000000000,-1.000000000,-1.000000000,-1.000000000,-1.000000000,-1.000000000,0,1,1,0,0,1,13075,0,383,0,0,0,0,0,0.825641274,1,0.825641276,0,383,20,1895
178,1341846319.786396980,2,1,0,0.043867473,0.000000057,0.017491504,0.061359034,0.163352865,0.000000000,0,0,178,0,0,0,0,0,0,0,0,0,0,0,0,-1.000000000,-1.000000000,-1.000000000,-1.000000000,0,0,0,-1.000000000,none,0,0,0,-1,-1,0,-1.000000000,-1.000000000,0,0.000000000,0,0,0,0,-1,-1,-1,-1,0,-1.000000000,-1.000000000,0,-1.000000000,-1.000000000,-1.000000000,-1.000000000,-1.000000000,-1.000000000,0,1,1,0,0,1,12026,0,339,0,0,0,0,0,0.836647153,1,0.836647135,0,339,20,1941
179,1341846319.822007895,2,1,0,0.040082381,0.000000132,0.017257705,0.057340218,0.170585938,0.000000000,0,0,179,0,0,0,0,0,0,0,0,0,0,0,0,-1.000000000,-1.000000000,-1.000000000,-1.000000000,0,0,0,-1.000000000,none,0,0,0,-1,-1,0,-1.000000000,-1.000000000,0,0.000000000,0,0,0,0,-1,-1,-1,-1,0,-1.000000000,-1.000000000,0,-1.000000000,-1.000000000,-1.000000000,-1.000000000,-1.000000000,-1.000000000,0,1,1,0,0,1,12738,0,367,0,0,0,0,0,0.829414070,1,0.829414063,0,367,20,1956
180,1341846319.853916883,2,1,0,0.023876322,0.000000110,0.017924047,0.041800479,0.143177083,0.000000000,0,0,180,0,0,0,0,0,0,0,0,0,0,0,0,-1.000000000,-1.000000000,-1.000000000,-1.000000000,0,0,0,-1.000000000,none,0,0,0,-1,-1,0,-1.000000000,-1.000000000,0,0.000000000,0,0,0,0,-1,-1,-1,-1,0,-1.000000000,-1.000000000,0,-1.000000000,-1.000000000,-1.000000000,-1.000000000,-1.000000000,-1.000000000,0,1,1,0,0,1,10871,0,364,0,0,0,0,0,0.856822908,1,0.856822917,0,364,20,1958
181,1341846319.889941931,2,1,0,0.024245020,0.000000057,0.015571467,0.039816544,0.127675781,0.000000000,0,0,181,0,0,0,0,0,0,0,0,0,0,0,0,-1.000000000,-1.000000000,-1.000000000,-1.000000000,0,0,0,-1.000000000,none,0,0,0,-1,-1,0,-1.000000000,-1.000000000,0,0.000000000,0,0,0,0,-1,-1,-1,-1,0,-1.000000000,-1.000000000,0,-1.000000000,-1.000000000,-1.000000000,-1.000000000,-1.000000000,-1.000000000,0,1,1,0,0,1,7804,0,357,0,0,0,0,0,0.872324228,1,0.872324219,0,357,20,1921
182,1341846319.922039032,2,1,0,0.033323686,0.000000196,0.015046131,0.048370013,0.102278646,0.000000000,0,0,182,0,0,0,0,0,0,0,0,0,0,0,0,-1.000000000,-1.000000000,-1.000000000,-1.000000000,0,0,0,-1.000000000,none,0,0,0,-1,-1,0,-1.000000000,-1.000000000,0,0.000000000,0,0,0,0,-1,-1,-1,-1,0,-1.000000000,-1.000000000,0,-1.000000000,-1.000000000,-1.000000000,-1.000000000,-1.000000000,-1.000000000,0,1,1,0,0,1,8509,0,376,0,0,0,0,0,0.897721350,1,0.897721354,0,376,20,1972
183,1341846319.953946114,2,1,0,0.030165092,0.000000124,0.015774694,0.045939910,0.157320964,0.000000000,0,0,183,0,0,0,0,0,0,0,0,0,0,0,0,-1.000000000,-1.000000000,-1.000000000,-1.000000000,0,0,0,-1.000000000,none,0,0,0,-1,-1,0,-1.000000000,-1.000000000,0,0.000000000,0,0,0,0,-1,-1,-1,-1,0,-1.000000000,-1.000000000,0,-1.000000000,-1.000000000,-1.000000000,-1.000000000,-1.000000000,-1.000000000,0,1,1,0,0,1,11857,0,344,0,0,0,0,0,0.842679024,1,0.842679036,0,344,20,1973
184,1341846319.990053892,2,1,0,0.026267254,0.000000151,0.015238485,0.041505890,0.102203776,0.000000000,0,0,184,0,0,0,0,0,0,0,0,0,0,0,0,-1.000000000,-1.000000000,-1.000000000,-1.000000000,0,0,0,-1.000000000,none,0,0,0,-1,-1,0,-1.000000000,-1.000000000,0,0.000000000,0,0,0,0,-1,-1,-1,-1,0,-1.000000000,-1.000000000,0,-1.000000000,-1.000000000,-1.000000000,-1.000000000,-1.000000000,-1.000000000,0,1,1,0,0,1,7218,0,355,0,0,0,0,0,0.897796214,1,0.897796224,0,355,20,1983
185,1341846320.028121948,2,1,0,0.041280832,0.000000125,0.015848878,0.057129835,0.126399740,0.000000000,0,0,185,0,0,0,0,0,0,0,0,0,0,0,0,-1.000000000,-1.000000000,-1.000000000,-1.000000000,0,0,0,-1.000000000,none,0,0,0,-1,-1,0,-1.000000000,-1.000000000,0,0.000000000,0,0,0,0,-1,-1,-1,-1,0,-1.000000000,-1.000000000,0,-1.000000000,-1.000000000,-1.000000000,-1.000000000,-1.000000000,-1.000000000,0,1,1,0,0,1,9412,0,356,0,0,0,0,0,0.873600245,1,0.873600260,0,356,20,1982
186,1341846320.090046883,2,1,0,0.038143409,0.000000114,0.014719034,0.052862557,0.184319661,0.000000000,0,0,186,0,0,0,0,0,0,0,0,0,0,0,0,-1.000000000,-1.000000000,-1.000000000,-1.000000000,0,0,0,-1.000000000,none,0,0,0,-1,-1,0,-1.000000000,-1.000000000,0,0.000000000,0,0,0,0,-1,-1,-1,-1,0,-1.000000000,-1.000000000,0,-1.000000000,-1.000000000,-1.000000000,-1.000000000,-1.000000000,-1.000000000,0,1,1,0,0,1,13544,0,324,0,0,0,0,0,0.815680325,1,0.815680339,0,324,20,1933
187,1341846320.122010946,2,1,0,0.024919872,0.000000043,0.016203444,0.041123359,0.076422526,0.000000000,0,0,187,0,0,0,0,0,0,0,0,0,0,0,0,-1.000000000,-1.000000000,-1.000000000,-1.000000000,0,0,0,-1.000000000,none,0,0,0,-1,-1,0,-1.000000000,-1.000000000,0,0.000000000,0,0,0,0,-1,-1,-1,-1,0,-1.000000000,-1.000000000,0,-1.000000000,-1.000000000,-1.000000000,-1.000000000,-1.000000000,-1.000000000,0,1,1,0,0,1,7045,0,316,0,0,0,0,0,0.923577487,1,0.923577474,0,316,20,1992
188,1341846320.157952070,2,1,0,0.044362575,0.000000116,0.014795464,0.059158155,0.093697917,0.000000000,0,0,188,0,0,0,0,0,0,0,0,0,0,0,0,-1.000000000,-1.000000000,-1.000000000,-1.000000000,0,0,0,-1.000000000,none,0,0,0,-1,-1,0,-1.000000000,-1.000000000,0,0.000000000,0,0,0,0,-1,-1,-1,-1,0,-1.000000000,-1.000000000,0,-1.000000000,-1.000000000,-1.000000000,-1.000000000,-1.000000000,-1.000000000,0,1,1,0,0,1,7901,0,334,0,0,0,0,0,0.906302094,1,0.906302083,0,334,20,1976
189,1341846320.190002918,2,1,0,0.024214864,0.000000096,0.014853274,0.039068234,0.143349609,0.000000000,0,0,189,0,0,0,0,0,0,0,0,0,0,0,0,-1.000000000,-1.000000000,-1.000000000,-1.000000000,0,0,0,-1.000000000,none,0,0,0,-1,-1,0,-1.000000000,-1.000000000,0,0.000000000,0,0,0,0,-1,-1,-1,-1,0,-1.000000000,-1.000000000,0,-1.000000000,-1.000000000,-1.000000000,-1.000000000,-1.000000000,-1.000000000,0,1,1,0,0,1,8542,0,330,0,0,0,0,0,0.856650412,1,0.856650391,0,330,20,1931
190,1341846320.221940994,2,1,0,0.041701354,0.000000145,0.015828778,0.057530277,0.223522135,0.000000000,0,0,190,0,0,0,0,0,0,0,0,0,0,0,0,-1.000000000,-1.000000000,-1.000000000,-1.000000000,0,0,0,-1.000000000,none,0,0,0,-1,-1,0,-1.000000000,-1.000000000,0,0.000000000,0,0,0,0,-1,-1,-1,-1,0,-1.000000000,-1.000000000,0,-1.000000000,-1.000000000,-1.000000000,-1.000000000,-1.000000000,-1.000000000,0,1,1,4744,0,1,13737,0,286,0,4657,4657,0,0,0.776477873,1,0.776477865,0,286,20,1815
191,1341846320.258014917,2,1,0,0.027000285,0.000000135,0.016443443,0.043443863,0.237662760,0.000000000,0,0,191,0,0,0,0,0,0,0,0,0,0,0,0,-1.000000000,-1.000000000,-1.000000000,-1.000000000,0,0,0,-1.000000000,none,0,0,0,-1,-1,0,-1.000000000,-1.000000000,0,0.000000000,0,0,0,0,-1,-1,-1,-1,0,-1.000000000,-1.000000000,0,-1.000000000,-1.000000000,-1.000000000,-1.000000000,-1.000000000,-1.000000000,0,1,1,3782,0,1,12520,0,388,0,3733,3733,0,0,0.762337267,1,0.762337240,0,388,20,1765
192,1341846320.289886951,2,1,0,0.031004780,0.000000125,0.013172547,0.044177452,0.330602214,0.000000000,0,0,192,0,0,0,0,0,0,0,0,0,0,0,0,-1.000000000,-1.000000000,-1.000000000,-1.000000000,0,0,0,-1.000000000,none,0,0,0,-1,-1,0,-1.000000000,-1.000000000,0,0.000000000,0,0,0,0,-1,-1,-1,-1,0,-1.000000000,-1.000000000,0,-1.000000000,-1.000000000,-1.000000000,-1.000000000,-1.000000000,-1.000000000,0,1,1,1442,0,1,23701,0,379,0,1389,1389,0,0,0.669397771,1,0.669397786,0,379,20,1565
193,1341846320.321954012,2,1,0,0.025393928,0.000000090,0.013983226,0.039377244,0.294615885,0.000000000,0,0,193,0,0,0,0,0,0,0,0,0,0,0,0,-1.000000000,-1.000000000,-1.000000000,-1.000000000,0,0,0,-1.000000000,none,0,0,0,-1,-1,0,-1.000000000,-1.000000000,0,0.000000000,0,0,0,0,-1,-1,-1,-1,0,-1.000000000,-1.000000000,0,-1.000000000,-1.000000000,-1.000000000,-1.000000000,-1.000000000,-1.000000000,0,1,1,783,0,1,6116,0,256,0,748,748,0,0,0.705384135,1,0.705384115,0,256,20,1610
194,1341846320.357889891,2,1,0,0.039132198,0.000000143,0.015923440,0.055055781,0.331474609,0.000000000,0,0,194,0,0,0,0,0,0,0,0,0,0,0,0,-1.000000000,-1.000000000,-1.000000000,-1.000000000,0,0,0,-1.000000000,none,0,0,0,-1,-1,0,-1.000000000,-1.000000000,0,0.000000000,0,0,0,0,-1,-1,-1,-1,0,-1.000000000,-1.000000000,0,-1.000000000,-1.000000000,-1.000000000,-1.000000000,-1.000000000,-1.000000000,0,1,1,240,0,1,8254,0,300,0,204,204,0,0,0.668525398,1,0.668525391,0,300,20,1559
195,1341846320.390064001,2,1,0,0.045718709,0.000000139,0.016684781,0.062403629,0.187503255,0.000000000,0,0,195,0,0,0,0,0,0,0,0,0,0,0,0,-1.000000000,-1.000000000,-1.000000000,-1.000000000,0,0,0,-1.000000000,none,0,0,0,-1,-1,0,-1.000000000,-1.000000000,0,0.000000000,0,0,0,0,-1,-1,-1,-1,0,-1.000000000,-1.000000000,0,-1.000000000,-1.000000000,-1.000000000,-1.000000000,-1.000000000,-1.000000000,0,1,1,0,0,1,4128,0,317,0,0,0,0,0,0.812496722,1,0.812496745,0,317,20,1916
196,1341846320.426543951,2,1,0,0.055414421,0.000000119,0.015500449,0.070914989,0.267112630,0.000000000,0,0,196,0,0,0,0,0,0,0,0,0,0,0,0,-1.000000000,-1.000000000,-1.000000000,-1.000000000,0,0,0,-1.000000000,none,0,0,0,-1,-1,0,-1.000000000,-1.000000000,0,0.000000000,0,0,0,0,-1,-1,-1,-1,0,-1.000000000,-1.000000000,0,-1.000000000,-1.000000000,-1.000000000,-1.000000000,-1.000000000,-1.000000000,0,1,1,0,0,1,11102,0,288,0,0,0,0,0,0.732887387,1,0.732887370,0,288,20,1764
197,1341846320.458122015,2,1,0,0.031184978,0.000000050,0.013632106,0.044817134,0.345755208,0.000000000,0,0,197,0,0,0,0,0,0,0,0,0,0,0,0,-1.000000000,-1.000000000,-1.000000000,-1.000000000,0,0,0,-1.000000000,none,0,0,0,-1,-1,0,-1.000000000,-1.000000000,0,0.000000000,0,0,0,0,-1,-1,-1,-1,0,-1.000000000,-1.000000000,0,-1.000000000,-1.000000000,-1.000000000,-1.000000000,-1.000000000,-1.000000000,0,1,1,2512,0,1,9837,0,250,0,2478,2478,0,0,0.654244781,1,0.654244792,0,250,20,1519
198,1341846320.490185976,2,1,0,0.043284420,0.000000163,0.023983275,0.067267858,0.348359375,0.000000000,0,0,198,0,0,0,0,0,0,0,0,0,0,0,0,-1.000000000,-1.000000000,-1.000000000,-1.000000000,0,0,0,-1.000000000,none,0,0,0,-1,-1,0,-1.000000000,-1.000000000,0,0.000000000,0,0,0,0,-1,-1,-1,-1,0,-1.000000000,-1.000000000,0,-1.000000000,-1.000000000,-1.000000000,-1.000000000,-1.000000000,-1.000000000,0,1,1,1503,0,1,12549,0,278,0,1435,1435,0,0,0.651640654,1,0.651640625,0,278,20,1438
199,1341846320.525911093,2,1,0,0.029776449,0.000000116,0.016106172,0.045882737,0.350429687,0.000000000,0,0,199,0,0,0,0,0,0,0,0,0,0,0,0,-1.000000000,-1.000000000,-1.000000000,-1.000000000,0,0,0,-1.000000000,none,0,0,0,-1,-1,0,-1.000000000,-1.000000000,0,0.000000000,0,0,0,0,-1,-1,-1,-1,0,-1.000000000,-1.000000000,0,-1.000000000,-1.000000000,-1.000000000,-1.000000000,-1.000000000,-1.000000000,0,1,1,1368,0,1,13178,0,203,0,1306,1306,0,0,0.649570286,1,0.649570312,0,203,20,1532
200,1341846320.558090925,2,1,0,0.052630430,0.000000207,0.015551112,0.068181749,0.266897786,0.000000000,0,0,200,0,0,0,0,0,0,0,0,0,0,0,0,-1.000000000,-1.000000000,-1.000000000,-1.000000000,0,0,0,-1.000000000,none,0,0,0,-1,-1,0,-1.000000000,-1.000000000,0,0.000000000,0,0,0,0,-1,-1,-1,-1,0,-1.000000000,-1.000000000,0,-1.000000000,-1.000000000,-1.000000000,-1.000000000,-1.000000000,-1.000000000,0,1,1,939,0,1,7396,0,251,0,916,916,0,0,0.733102202,1,0.733102214,0,251,20,1605
201,1341846320.594093084,2,1,0,0.043810998,0.000000188,0.017088602,0.060899788,0.253056641,0.000000000,0,0,201,0,0,0,0,0,0,0,0,0,0,0,0,-1.000000000,-1.000000000,-1.000000000,-1.000000000,0,0,0,-1.000000000,none,0,0,0,-1,-1,0,-1.000000000,-1.000000000,0,0.000000000,0,0,0,0,-1,-1,-1,-1,0,-1.000000000,-1.000000000,0,-1.000000000,-1.000000000,-1.000000000,-1.000000000,-1.000000000,-1.000000000,0,1,1,1229,0,1,11005,0,311,0,1130,1130,0,0,0.746943355,1,0.746943359,0,311,20,1625
202,1341846320.631954908,2,1,0,0.035974479,0.000000114,0.014321404,0.050295997,0.282477214,0.000000000,0,0,202,0,0,0,0,0,0,0,0,0,0,0,0,-1.000000000,-1.000000000,-1.000000000,-1.000000000,0,0,0,-1.000000000,none,0,0,0,-1,-1,0,-1.000000000,-1.000000000,0,0.000000000,0,0,0,0,-1,-1,-1,-1,0,-1.000000000,-1.000000000,0,-1.000000000,-1.000000000,-1.000000000,-1.000000000,-1.000000000,-1.000000000,0,1,1,1066,0,1,6758,0,250,0,995,995,0,0,0.717522800,1,0.717522786,0,250,20,1630
203,1341846320.664916039,2,1,0,0.047457814,0.000000118,0.014915742,0.062373674,0.247005208,0.000000000,0,0,203,0,0,0,0,0,0,0,0,0,0,0,0,-1.000000000,-1.000000000,-1.000000000,-1.000000000,0,0,0,-1.000000000,none,0,0,0,-1,-1,0,-1.000000000,-1.000000000,0,0.000000000,0,0,0,0,-1,-1,-1,-1,0,-1.000000000,-1.000000000,0,-1.000000000,-1.000000000,-1.000000000,-1.000000000,-1.000000000,-1.000000000,0,1,1,1351,0,1,6751,0,308,0,1332,1332,0,0,0.752994776,1,0.752994792,0,308,20,1675
204,1341846320.699927092,2,1,0,0.034367447,0.000000050,0.017302392,0.051669889,0.269443359,0.000000000,0,0,204,0,0,0,0,0,0,0,0,0,0,0,0,-1.000000000,-1.000000000,-1.000000000,-1.000000000,0,0,0,-1.000000000,none,0,0,0,-1,-1,0,-1.000000000,-1.000000000,0,0.000000000,0,0,0,0,-1,-1,-1,-1,0,-1.000000000,-1.000000000,0,-1.000000000,-1.000000000,-1.000000000,-1.000000000,-1.000000000,-1.000000000,0,1,1,1437,0,1,9125,0,312,0,1371,1371,0,0,0.730556667,1,0.730556641,0,312,20,1621
205,1341846320.731822014,2,1,0,0.048092187,0.000000177,0.017585108,0.065677472,0.236748047,0.000000000,0,0,205,0,0,0,0,0,0,0,0,0,0,0,0,-1.000000000,-1.000000000,-1.000000000,-1.000000000,0,0,0,-1.000000000,none,0,0,0,-1,-1,0,-1.000000000,-1.000000000,0,0.000000000,0,0,0,0,-1,-1,-1,-1,0,-1.000000000,-1.000000000,0,-1.000000000,-1.000000000,-1.000000000,-1.000000000,-1.000000000,-1.000000000,0,1,1,778,0,1,12645,0,278,0,729,729,0,0,0.763251960,1,0.763251953,0,278,20,1662
206,1341846320.763876915,2,1,0,0.030570703,0.000000054,0.013787741,0.044358498,0.359042969,0.000000000,0,0,206,0,0,0,0,0,0,0,0,0,0,0,0,-1.000000000,-1.000000000,-1.000000000,-1.000000000,0,0,0,-1.000000000,none,0,0,0,-1,-1,0,-1.000000000,-1.000000000,0,0.000000000,0,0,0,0,-1,-1,-1,-1,0,-1.000000000,-1.000000000,0,-1.000000000,-1.000000000,-1.000000000,-1.000000000,-1.000000000,-1.000000000,0,1,1,739,0,1,18597,0,326,0,701,701,0,0,0.640957057,1,0.640957031,0,326,20,1338
207,1341846320.799998999,2,1,0,0.040693307,0.000000129,0.013921254,0.054614690,0.377929688,0.000000000,0,0,207,0,0,0,0,0,0,0,0,0,0,0,0,-1.000000000,-1.000000000,-1.000000000,-1.000000000,0,0,0,-1.000000000,none,0,0,0,-1,-1,0,-1.000000000,-1.000000000,0,0.000000000,0,0,0,0,-1,-1,-1,-1,0,-1.000000000,-1.000000000,0,-1.000000000,-1.000000000,-1.000000000,-1.000000000,-1.000000000,-1.000000000,0,1,1,695,0,1,21333,0,176,0,644,644,0,0,0.622070312,1,0.622070312,0,176,20,1406
208,1341846320.831871033,2,1,0,0.047464271,0.000000239,0.012967492,0.060432002,0.381728516,0.000000000,0,0,208,0,0,0,0,0,0,0,0,0,0,0,0,-1.000000000,-1.000000000,-1.000000000,-1.000000000,0,0,0,-1.000000000,none,0,0,0,-1,-1,0,-1.000000000,-1.000000000,0,0.000000000,0,0,0,0,-1,-1,-1,-1,0,-1.000000000,-1.000000000,0,-1.000000000,-1.000000000,-1.000000000,-1.000000000,-1.000000000,-1.000000000,0,1,1,2620,0,1,5525,0,219,0,2518,2518,0,0,0.618271470,1,0.618271484,0,219,20,1045
209,1341846320.863887072,2,1,0,0.055197549,0.000000068,0.019233722,0.074431339,0.351250000,0.000000000,0,0,209,0,0,0,0,0,0,0,0,0,0,0,0,-1.000000000,-1.000000000,-1.000000000,-1.000000000,0,0,0,-1.000000000,none,0,0,0,-1,-1,0,-1.000000000,-1.000000000,0,0.000000000,0,0,0,0,-1,-1,-1,-1,0,-1.000000000,-1.000000000,0,-1.000000000,-1.000000000,-1.000000000,-1.000000000,-1.000000000,-1.000000000,0,1,1,906,0,1,17901,1,142,5,870,0,870,0,0.648750007,1,0.645911458,1,142,14,2008
210,1341846320.900013924,2,1,0,0.057613416,0.000000124,0.020629003,0.078242543,0.320276693,0.000000000,0,0,210,0,0,0,0,0,0,0,0,0,0,0,0,-1.000000000,-1.000000000,-1.000000000,-1.000000000,0,0,0,-1.000000000,none,0,0,0,-1,-1,0,-1.000000000,-1.000000000,0,0.000000000,0,0,0,0,-1,-1,-1,-1,0,-1.000000000,-1.000000000,0,-1.000000000,-1.000000000,-1.000000000,-1.000000000,-1.000000000,-1.000000000,0,1,1,930,0,1,10919,1,228,4,885,0,885,0,0.679723322,1,0.676832682,1,228,14,2004
211,1341846320.931889057,2,1,0,0.035472022,0.000000345,0.017514949,0.052987316,0.281982422,0.000000000,0,0,211,0,0,0,0,0,0,0,0,0,0,0,0,-1.000000000,-1.000000000,-1.000000000,-1.000000000,0,0,0,-1.000000000,none,0,0,0,-1,-1,0,-1.000000000,-1.000000000,0,0.000000000,0,0,0,0,-1,-1,-1,-1,0,-1.000000000,-1.000000000,0,-1.000000000,-1.000000000,-1.000000000,-1.000000000,-1.000000000,-1.000000000,0,1,1,201,0,1,3801,1,330,3,166,0,166,0,0.718017578,1,0.717477214,1,330,15,2005
212,1341846320.967865944,2,1,0,0.035540545,0.000000149,0.020265502,0.055806196,0.326663411,0.000000000,0,0,212,0,0,0,0,0,0,0,0,0,0,0,0,-1.000000000,-1.000000000,-1.000000000,-1.000000000,0,0,0,-1.000000000,none,0,0,0,-1,-1,0,-1.000000000,-1.000000000,0,0.000000000,0,0,0,0,-1,-1,-1,-1,0,-1.000000000,-1.000000000,0,-1.000000000,-1.000000000,-1.000000000,-1.000000000,-1.000000000,-1.000000000,0,1,1,14,0,1,8645,1,400,2,6,0,6,0,0.673336565,1,0.673317057,1,400,14,2005
213,1341846321.000016928,2,1,0,0.030651256,0.000000204,0.018351214,0.049002674,0.259222005,0.000000000,0,0,213,0,0,0,0,0,0,0,0,0,0,0,0,-1.000000000,-1.000000000,-1.000000000,-1.000000000,0,0,0,-1.000000000,none,0,0,0,-1,-1,0,-1.000000000,-1.000000000,0,0.000000000,0,0,0,0,-1,-1,-1,-1,0,-1.000000000,-1.000000000,0,-1.000000000,-1.000000000,-1.000000000,-1.000000000,-1.000000000,-1.000000000,0,1,1,246,0,1,7288,1,332,1,226,0,226,0,0.740777969,1,0.740029297,1,332,15,2006
214,1341846321.031860113,2,1,0,0.036614800,0.000000191,0.016279318,0.052894309,0.282356771,0.000000000,0,0,214,0,0,0,0,0,0,0,0,0,0,0,0,-1.000000000,-1.000000000,-1.000000000,-1.000000000,0,0,0,-1.000000000,none,0,0,0,-1,-1,0,-1.000000000,-1.000000000,0,0.000000000,0,0,0,0,-1,-1,-1,-1,0,-1.000000000,-1.000000000,0,-1.000000000,-1.000000000,-1.000000000,-1.000000000,-1.000000000,-1.000000000,0,1,1,44,0,1,9697,0,415,0,42,42,0,0,0.717643201,1,0.717643229,0,415,20,1469
215,1341846321.068047047,2,1,0,0.037554610,0.000000181,0.016612045,0.054166836,0.248151042,0.000000000,0,0,215,0,0,0,0,0,0,0,0,0,0,0,0,-1.000000000,-1.000000000,-1.000000000,-1.000000000,0,0,0,-1.000000000,none,0,0,0,-1,-1,0,-1.000000000,-1.000000000,0,0.000000000,0,0,0,0,-1,-1,-1,-1,0,-1.000000000,-1.000000000,0,-1.000000000,-1.000000000,-1.000000000,-1.000000000,-1.000000000,-1.000000000,0,1,1,549,0,1,15606,0,333,0,472,472,0,0,0.751848936,1,0.751848958,0,333,20,1561
216,1341846321.099839926,2,1,0,0.060007350,0.000000115,0.026260944,0.086268409,0.228606771,0.000000000,0,0,216,0,0,0,0,0,0,0,0,0,0,0,0,-1.000000000,-1.000000000,-1.000000000,-1.000000000,0,0,0,-1.000000000,none,0,0,0,-1,-1,0,-1.000000000,-1.000000000,0,0.000000000,0,0,0,0,-1,-1,-1,-1,0,-1.000000000,-1.000000000,0,-1.000000000,-1.000000000,-1.000000000,-1.000000000,-1.000000000,-1.000000000,0,1,1,535,0,1,7606,0,382,0,523,523,0,0,0.771393239,1,0.771393229,0,382,20,1538
217,1341846321.131820917,2,1,0,0.037832286,0.000000125,0.016719835,0.054552246,0.253834635,0.000000000,0,0,217,0,0,0,0,0,0,0,0,0,0,0,0,-1.000000000,-1.000000000,-1.000000000,-1.000000000,0,0,0,-1.000000000,none,0,0,0,-1,-1,0,-1.000000000,-1.000000000,0,0.000000000,0,0,0,0,-1,-1,-1,-1,0,-1.000000000,-1.000000000,0,-1.000000000,-1.000000000,-1.000000000,-1.000000000,-1.000000000,-1.000000000,0,1,1,356,0,1,13981,0,372,0,330,330,0,0,0.746165335,1,0.746165365,0,372,20,1590
218,1341846321.167886972,2,1,0,0.036275932,0.000000061,0.018628622,0.054904615,0.217535807,0.000000000,0,0,218,0,0,0,0,0,0,0,0,0,0,0,0,-1.000000000,-1.000000000,-1.000000000,-1.000000000,0,0,0,-1.000000000,none,0,0,0,-1,-1,0,-1.000000000,-1.000000000,0,0.000000000,0,0,0,0,-1,-1,-1,-1,0,-1.000000000,-1.000000000,0,-1.000000000,-1.000000000,-1.000000000,-1.000000000,-1.000000000,-1.000000000,0,1,1,675,0,1,10346,0,335,0,641,641,0,0,0.782464206,1,0.782464193,0,335,20,1605
219,1341846321.200042009,2,1,0,0.025352310,0.000000062,0.040469472,0.065821844,0.238323568,0.000000000,0,0,219,0,0,0,0,0,0,0,0,0,0,0,0,-1.000000000,-1.000000000,-1.000000000,-1.000000000,0,0,0,-1.000000000,none,0,0,0,-1,-1,0,-1.000000000,-1.000000000,0,0.000000000,0,0,0,0,-1,-1,-1,-1,0,-1.000000000,-1.000000000,0,-1.000000000,-1.000000000,-1.000000000,-1.000000000,-1.000000000,-1.000000000,0,1,1,1078,0,1,12802,0,370,0,1025,1025,0,0,0.761676431,1,0.761676432,0,370,20,1595
220,1341846321.231950045,2,1,0,0.028623287,0.000000115,0.017341017,0.045964419,0.252194010,0.000000000,0,0,220,0,0,0,0,0,0,0,0,0,0,0,0,-1.000000000,-1.000000000,-1.000000000,-1.000000000,0,0,0,-1.000000000,none,0,0,0,-1,-1,0,-1.000000000,-1.000000000,0,0.000000000,0,0,0,0,-1,-1,-1,-1,0,-1.000000000,-1.000000000,0,-1.000000000,-1.000000000,-1.000000000,-1.000000000,-1.000000000,-1.000000000,0,1,1,487,0,1,15560,0,374,0,462,462,0,0,0.747806013,1,0.747805990,0,374,20,1578
221,1341846321.267939091,2,1,0,0.025119949,0.000000054,0.015536162,0.040656165,0.232731120,0.000000000,0,0,221,0,0,0,0,0,0,0,0,0,0,0,0,-1.000000000,-1.000000000,-1.000000000,-1.000000000,0,0,0,-1.000000000,none,0,0,0,-1,-1,0,-1.000000000,-1.000000000,0,0.000000000,0,0,0,0,-1,-1,-1,-1,0,-1.000000000,-1.000000000,0,-1.000000000,-1.000000000,-1.000000000,-1.000000000,-1.000000000,-1.000000000,0,1,1,463,0,1,12853,0,353,0,431,431,0,0,0.767268896,1,0.767268880,0,353,20,1638
222,1341846321.299947977,2,1,0,0.048828191,0.000000109,0.016220403,0.065048703,0.253876953,0.000000000,0,0,222,0,0,0,0,0,0,0,0,0,0,0,0,-1.000000000,-1.000000000,-1.000000000,-1.000000000,0,0,0,-1.000000000,none,0,0,0,-1,-1,0,-1.000000000,-1.000000000,0,0.000000000,0,0,0,0,-1,-1,-1,-1,0,-1.000000000,-1.000000000,0,-1.000000000,-1.000000000,-1.000000000,-1.000000000,-1.000000000,-1.000000000,0,1,1,755,0,1,18187,0,342,0,707,707,0,0,0.746123075,1,0.746123047,0,342,20,1580
223,1341846321.331857920,2,1,0,0.034931907,0.000000172,0.019276485,0.054208564,0.253658854,0.000000000,0,0,223,0,0,0,0,0,0,0,0,0,0,0,0,-1.000000000,-1.000000000,-1.000000000,-1.000000000,0,0,0,-1.000000000,none,0,0,0,-1,-1,0,-1.000000000,-1.000000000,0,0.000000000,0,0,0,0,-1,-1,-1,-1,0,-1.000000000,-1.000000000,0,-1.000000000,-1.000000000,-1.000000000,-1.000000000,-1.000000000,-1.000000000,0,1,1,2021,0,1,16559,0,343,0,1912,1912,0,0,0.746341169,1,0.746341146,0,343,20,1602
224,1341846321.367913008,2,1,0,0.026789438,0.000000154,0.015738697,0.042528289,0.250904948,0.000000000,0,0,224,0,0,0,0,0,0,0,0,0,0,0,0,-1.000000000,-1.000000000,-1.000000000,-1.000000000,0,0,0,-1.000000000,none,0,0,0,-1,-1,0,-1.000000000,-1.000000000,0,0.000000000,0,0,0,0,-1,-1,-1,-1,0,-1.000000000,-1.000000000,0,-1.000000000,-1.000000000,-1.000000000,-1.000000000,-1.000000000,-1.000000000,0,1,1,2337,0,1,13480,0,349,0,2223,2223,0,0,0.749095023,1,0.749095052,0,349,20,1630
225,1341846321.399897099,2,1,0,0.024206069,0.000000053,0.015355593,0.039561715,0.268427734,0.000000000,0,0,225,0,0,0,0,0,0,0,0,0,0,0,0,-1.000000000,-1.000000000,-1.000000000,-1.000000000,0,0,0,-1.000000000,none,0,0,0,-1,-1,0,-1.000000000,-1.000000000,0,0.000000000,0,0,0,0,-1,-1,-1,-1,0,-1.000000000,-1.000000000,0,-1.000000000,-1.000000000,-1.000000000,-1.000000000,-1.000000000,-1.000000000,0,1,1,1761,0,1,17605,0,319,0,1675,1675,0,0,0.731572270,1,0.731572266,0,319,20,1571
226,1341846321.435993910,2,1,0,0.030207685,0.000000061,0.015823544,0.046031290,0.256800130,0.000000000,0,0,226,0,0,0,0,0,0,0,0,0,0,0,0,-1.000000000,-1.000000000,-1.000000000,-1.000000000,0,0,0,-1.000000000,none,0,0,0,-1,-1,0,-1.000000000,-1.000000000,0,0.000000000,0,0,0,0,-1,-1,-1,-1,0,-1.000000000,-1.000000000,0,-1.000000000,-1.000000000,-1.000000000,-1.000000000,-1.000000000,-1.000000000,0,1,1,3814,0,1,13266,0,317,0,3666,3666,0,0,0.743199885,1,0.743199870,0,317,20,1629
227,1341846321.467946053,2,1,0,0.045448866,0.000000151,0.016153886,0.061602903,0.253886719,0.000000000,0,0,227,0,0,0,0,0,0,0,0,0,0,0,0,-1.000000000,-1.000000000,-1.000000000,-1.000000000,0,0,0,-1.000000000,none,0,0,0,-1,-1,0,-1.000000000,-1.000000000,0,0.000000000,0,0,0,0,-1,-1,-1,-1,0,-1.000000000,-1.000000000,0,-1.000000000,-1.000000000,-1.000000000,-1.000000000,-1.000000000,-1.000000000,0,1,1,1675,0,1,14477,0,336,0,1585,1585,0,0,0.746113300,1,0.746113281,0,336,20,1655
228,1341846321.499881983,2,1,0,0.038751534,0.000000047,0.016304346,0.055055927,0.238066406,0.000000000,0,0,228,0,0,0,0,0,0,0,0,0,0,0,0,-1.000000000,-1.000000000,-1.000000000,-1.000000000,0,0,0,-1.000000000,none,0,0,0,-1,-1,0,-1.000000000,-1.000000000,0,0.000000000,0,0,0,0,-1,-1,-1,-1,0,-1.000000000,-1.000000000,0,-1.000000000,-1.000000000,-1.000000000,-1.000000000,-1.000000000,-1.000000000,0,1,1,853,0,1,12686,0,361,0,801,801,0,0,0.761933565,1,0.761933594,0,361,20,1671
229,1341846321.536108971,2,1,0,0.031955987,0.000000124,0.017638013,0.049594124,0.277835286,0.000000000,0,0,229,0,0,0,0,0,0,0,0,0,0,0,0,-1.000000000,-1.000000000,-1.000000000,-1.000000000,0,0,0,-1.000000000,none,0,0,0,-1,-1,0,-1.000000000,-1.000000000,0,0.000000000,0,0,0,0,-1,-1,-1,-1,0,-1.000000000,-1.000000000,0,-1.000000000,-1.000000000,-1.000000000,-1.000000000,-1.000000000,-1.000000000,0,1,1,382,0,1,26819,0,318,0,338,338,0,0,0.722164690,1,0.722164714,0,318,20,1631
230,1341846321.568959951,2,1,0,0.035539139,0.000000110,0.021685123,0.057224372,0.261627604,0.000000000,0,0,230,0,0,0,0,0,0,0,0,0,0,0,0,-1.000000000,-1.000000000,-1.000000000,-1.000000000,0,0,0,-1.000000000,none,0,0,0,-1,-1,0,-1.000000000,-1.000000000,0,0.000000000,0,0,0,0,-1,-1,-1,-1,0,-1.000000000,-1.000000000,0,-1.000000000,-1.000000000,-1.000000000,-1.000000000,-1.000000000,-1.000000000,0,1,1,1548,0,1,18149,0,267,0,1528,1528,0,0,0.738372386,1,0.738372396,0,267,20,1682
231,1341846321.603938103,2,1,0,0.027843974,0.000000135,0.021704021,0.049548130,0.236363932,0.000000000,0,0,231,0,0,0,0,0,0,0,0,0,0,0,0,-1.000000000,-1.000000000,-1.000000000,-1.000000000,0,0,0,-1.000000000,none,0,0,0,-1,-1,0,-1.000000000,-1.000000000,0,0.000000000,0,0,0,0,-1,-1,-1,-1,0,-1.000000000,-1.000000000,0,-1.000000000,-1.000000000,-1.000000000,-1.000000000,-1.000000000,-1.000000000,0,1,1,1895,0,1,13899,0,373,0,1846,1846,0,0,0.763636053,1,0.763636068,0,373,20,1732
232,1341846321.637162924,2,1,0,0.027697645,0.000000224,0.016615640,0.044313509,0.314449870,0.000000000,0,0,232,0,0,0,0,0,0,0,0,0,0,0,0,-1.000000000,-1.000000000,-1.000000000,-1.000000000,0,0,0,-1.000000000,none,0,0,0,-1,-1,0,-1.000000000,-1.000000000,0,0.000000000,0,0,0,0,-1,-1,-1,-1,0,-1.000000000,-1.000000000,0,-1.000000000,-1.000000000,-1.000000000,-1.000000000,-1.000000000,-1.000000000,0,1,1,272,0,1,36498,0,366,0,261,261,0,0,0.685550153,1,0.685550130,0,366,20,1599
233,1341846321.668306112,2,1,0,0.059755992,0.000000119,0.022319108,0.082075219,0.225341797,0.000000000,0,0,233,0,0,0,0,0,0,0,0,0,0,0,0,-1.000000000,-1.000000000,-1.000000000,-1.000000000,0,0,0,-1.000000000,none,0,0,0,-1,-1,0,-1.000000000,-1.000000000,0,0.000000000,0,0,0,0,-1,-1,-1,-1,0,-1.000000000,-1.000000000,0,-1.000000000,-1.000000000,-1.000000000,-1.000000000,-1.000000000,-1.000000000,0,1,1,624,0,1,16543,0,243,0,608,608,0,0,0.774658203,1,0.774658203,0,243,20,1748
234,1341846321.704411030,2,1,0,0.041424447,0.000000187,0.020226984,0.061651618,0.245615234,0.000000000,0,0,234,0,0,0,0,0,0,0,0,0,0,0,0,-1.000000000,-1.000000000,-1.000000000,-1.000000000,0,0,0,-1.000000000,none,0,0,0,-1,-1,0,-1.000000000,-1.000000000,0,0.000000000,0,0,0,0,-1,-1,-1,-1,0,-1.000000000,-1.000000000,0,-1.000000000,-1.000000000,-1.000000000,-1.000000000,-1.000000000,-1.000000000,0,1,1,972,0,1,9506,0,369,0,947,947,0,0,0.754384756,1,0.754384766,0,369,20,1643
235,1341846321.736860991,2,1,0,0.044968897,0.000000161,0.018287492,0.063256550,0.174541016,0.000000000,0,0,235,0,0,0,0,0,0,0,0,0,0,0,0,-1.000000000,-1.000000000,-1.000000000,-1.000000000,0,0,0,-1.000000000,none,0,0,0,-1,-1,0,-1.000000000,-1.000000000,0,0.000000000,0,0,0,0,-1,-1,-1,-1,0,-1.000000000,-1.000000000,0,-1.000000000,-1.000000000,-1.000000000,-1.000000000,-1.000000000,-1.000000000,0,1,1,251,0,1,8633,0,366,0,219,219,0,0,0.825459003,1,0.825458984,0,366,20,1782
236,1341846321.771881104,2,1,0,0.025778956,0.000000148,0.019105776,0.044884880,0.183151042,0.000000000,0,0,236,0,0,0,0,0,0,0,0,0,0,0,0,-1.000000000,-1.000000000,-1.000000000,-1.000000000,0,0,0,-1.000000000,none,0,0,0,-1,-1,0,-1.000000000,-1.000000000,0,0.000000000,0,0,0,0,-1,-1,-1,-1,0,-1.000000000,-1.000000000,0,-1.000000000,-1.000000000,-1.000000000,-1.000000000,-1.000000000,-1.000000000,0,1,1,80,0,1,13598,0,392,0,47,47,0,0,0.816848934,1,0.816848958,0,392,20,1837
237,1341846321.804114103,2,1,0,0.056610022,0.000000117,0.019044469,0.075654608,0.197431641,0.000000000,0,0,237,0,0,0,0,0,0,0,0,0,0,0,0,-1.000000000,-1.000000000,-1.000000000,-1.000000000,0,0,0,-1.000000000,none,0,0,0,-1,-1,0,-1.000000000,-1.000000000,0,0.000000000,0,0,0,0,-1,-1,-1,-1,0,-1.000000000,-1.000000000,0,-1.000000000,-1.000000000,-1.000000000,-1.000000000,-1.000000000,-1.000000000,0,1,1,753,0,1,19339,0,387,0,732,732,0,0,0.802568376,1,0.802568359,0,387,20,1890
238,1341846321.836152077,2,1,0,0.029136437,0.000000119,0.017873122,0.047009678,0.190869141,0.000000000,0,0,238,0,0,0,0,0,0,0,0,0,0,0,0,-1.000000000,-1.000000000,-1.000000000,-1.000000000,0,0,0,-1.000000000,none,0,0,0,-1,-1,0,-1.000000000,-1.000000000,0,0.000000000,0,0,0,0,-1,-1,-1,-1,0,-1.000000000,-1.000000000,0,-1.000000000,-1.000000000,-1.000000000,-1.000000000,-1.000000000,-1.000000000,0,1,1,384,0,1,17829,0,425,0,378,378,0,0,0.809130847,1,0.809130859,0,425,20,1917
239,1341846321.871881962,2,1,0,0.047800366,0.000000139,0.022918995,0.070719500,0.145146484,0.000000000,0,0,239,0,0,0,0,0,0,0,0,0,0,0,0,-1.000000000,-1.000000000,-1.000000000,-1.000000000,0,0,0,-1.000000000,none,0,0,0,-1,-1,0,-1.000000000,-1.000000000,0,0.000000000,0,0,0,0,-1,-1,-1,-1,0,-1.000000000,-1.000000000,0,-1.000000000,-1.000000000,-1.000000000,-1.000000000,-1.000000000,-1.000000000,0,1,1,380,0,1,16413,0,397,0,379,379,0,0,0.854853511,1,0.854853516,0,397,20,1937
240,1341846321.904073954,2,1,0,0.047852614,0.000000109,0.018467968,0.066320691,0.156376953,0.000000000,0,0,240,0,0,0,0,0,0,0,0,0,0,0,0,-1.000000000,-1.000000000,-1.000000000,-1.000000000,0,0,0,-1.000000000,none,0,0,0,-1,-1,0,-1.000000000,-1.000000000,0,0.000000000,0,0,0,0,-1,-1,-1,-1,0,-1.000000000,-1.000000000,0,-1.000000000,-1.000000000,-1.000000000,-1.000000000,-1.000000000,-1.000000000,0,1,1,302,0,1,22427,0,340,0,295,295,0,0,0.843623042,1,0.843623047,0,340,20,1975
241,1341846321.939846992,2,1,0,0.032366277,0.000000174,0.017988452,0.050354903,0.140247396,0.000000000,0,0,241,0,0,0,0,0,0,0,0,0,0,0,0,-1.000000000,-1.000000000,-1.000000000,-1.000000000,0,0,0,-1.000000000,none,0,0,0,-1,-1,0,-1.000000000,-1.000000000,0,0.000000000,0,0,0,0,-1,-1,-1,-1,0,-1.000000000,-1.000000000,0,-1.000000000,-1.000000000,-1.000000000,-1.000000000,-1.000000000,-1.000000000,0,1,1,72,0,1,19919,0,405,0,70,70,0,0,0.859752595,1,0.859752604,0,405,20,1967
242,1341846322.004093885,2,1,0,0.032981279,0.000000049,0.018843256,0.051824584,0.115794271,0.000000000,0,0,242,0,0,0,0,0,0,0,0,0,0,0,0,-1.000000000,-1.000000000,-1.000000000,-1.000000000,0,0,0,-1.000000000,none,0,0,0,-1,-1,0,-1.000000000,-1.000000000,0,0.000000000,0,0,0,0,-1,-1,-1,-1,0,-1.000000000,-1.000000000,0,-1.000000000,-1.000000000,-1.000000000,-1.000000000,-1.000000000,-1.000000000,0,1,1,0,0,1,19278,0,420,0,0,0,0,0,0.884205759,1,0.884205729,0,420,20,1955
243,1341846322.066178083,2,1,0,0.027518209,0.000000354,0.019344848,0.046863411,0.113841146,0.000000000,0,0,243,0,0,0,0,0,0,0,0,0,0,0,0,-1.000000000,-1.000000000,-1.000000000,-1.000000000,0,0,0,-1.000000000,none,0,0,0,-1,-1,0,-1.000000000,-1.000000000,0,0.000000000,0,0,0,0,-1,-1,-1,-1,0,-1.000000000,-1.000000000,0,-1.000000000,-1.000000000,-1.000000000,-1.000000000,-1.000000000,-1.000000000,0,1,1,0,0,1,21399,0,422,0,0,0,0,0,0.886158884,1,0.886158854,0,422,20,1992
244,1341846322.107979059,2,1,0,0.026822537,0.000000068,0.017614179,0.044436784,0.111217448,0.000000000,0,0,244,0,0,0,0,0,0,0,0,0,0,0,0,-1.000000000,-1.000000000,-1.000000000,-1.000000000,0,0,0,-1.000000000,none,0,0,0,-1,-1,0,-1.000000000,-1.000000000,0,0.000000000,0,0,0,0,-1,-1,-1,-1,0,-1.000000000,-1.000000000,0,-1.000000000,-1.000000000,-1.000000000,-1.000000000,-1.000000000,-1.000000000,0,1,1,0,0,1,17246,0,444,0,0,0,0,0,0.888782561,1,0.888782552,0,444,20,1986
245,1341846322.166163921,2,1,0,0.033544671,0.000000125,0.019156545,0.052701341,0.083987630,0.000000000,0,0,245,0,0,0,0,0,0,0,0,0,0,0,0,-1.000000000,-1.000000000,-1.000000000,-1.000000000,0,0,0,-1.000000000,none,0,0,0,-1,-1,0,-1.000000000,-1.000000000,0,0.000000000,0,0,0,0,-1,-1,-1,-1,0,-1.000000000,-1.000000000,0,-1.000000000,-1.000000000,-1.000000000,-1.000000000,-1.000000000,-1.000000000,0,1,1,0,0,1,14476,0,434,0,0,0,0,0,0.916012347,1,0.916012370,0,434,20,1998
246,1341846322.202931881,2,1,0,0.025180204,0.000000146,0.019541736,0.044722086,0.138893229,0.000000000,0,0,246,0,0,0,0,0,0,0,0,0,0,0,0,-1.000000000,-1.000000000,-1.000000000,-1.000000000,0,0,0,-1.000000000,none,0,0,0,-1,-1,0,-1.000000000,-1.000000000,0,0.000000000,0,0,0,0,-1,-1,-1,-1,0,-1.000000000,-1.000000000,0,-1.000000000,-1.000000000,-1.000000000,-1.000000000,-1.000000000,-1.000000000,0,1,1,0,0,1,21208,0,405,0,0,0,0,0,0.861106753,1,0.861106771,0,405,20,1993
247,1341846322.234092951,2,1,0,0.025099133,0.000000166,0.020053107,0.045152406,0.130221354,0.000000000,0,0,247,0,0,0,0,0,0,0,0,0,0,0,0,-1.000000000,-1.000000000,-1.000000000,-1.000000000,0,0,0,-1.000000000,none,0,0,0,-1,-1,0,-1.000000000,-1.000000000,0,0.000000000,0,0,0,0,-1,-1,-1,-1,0,-1.000000000,-1.000000000,0,-1.000000000,-1.000000000,-1.000000000,-1.000000000,-1.000000000,-1.000000000,0,1,1,0,0,1,22832,0,390,0,0,0,0,0,0.869778633,1,0.869778646,0,390,20,1995
248,1341846322.265940905,2,1,0,0.028001495,0.000000307,0.020525741,0.048527543,0.119361979,0.000000000,0,0,248,0,0,0,0,0,0,0,0,0,0,0,0,-1.000000000,-1.000000000,-1.000000000,-1.000000000,0,0,0,-1.000000000,none,0,0,0,-1,-1,0,-1.000000000,-1.000000000,0,0.000000000,0,0,0,0,-1,-1,-1,-1,0,-1.000000000,-1.000000000,0,-1.000000000,-1.000000000,-1.000000000,-1.000000000,-1.000000000,-1.000000000,0,1,1,0,0,1,20138,0,393,0,0,0,0,0,0.880638003,1,0.880638021,0,393,20,1984
249,1341846322.301995993,2,1,0,0.029210218,0.000000236,0.020302921,0.049513375,0.134602865,0.000000000,0,0,249,0,0,0,0,0,0,0,0,0,0,0,0,-1.000000000,-1.000000000,-1.000000000,-1.000000000,0,0,0,-1.000000000,none,0,0,0,-1,-1,0,-1.000000000,-1.000000000,0,0.000000000,0,0,0,0,-1,-1,-1,-1,0,-1.000000000,-1.000000000,0,-1.000000000,-1.000000000,-1.000000000,-1.000000000,-1.000000000,-1.000000000,0,1,1,0,0,1,21181,0,393,0,0,0,0,0,0.865397155,1,0.865397135,0,393,20,1984
250,1341846322.333949089,2,1,0,0.027185191,0.000000122,0.018669298,0.045854611,0.133180339,0.000000000,0,0,250,0,0,0,0,0,0,0,0,0,0,0,0,-1.000000000,-1.000000000,-1.000000000,-1.000000000,0,0,0,-1.000000000,none,0,0,0,-1,-1,0,-1.000000000,-1.000000000,0,0.000000000,0,0,0,0,-1,-1,-1,-1,0,-1.000000000,-1.000000000,0,-1.000000000,-1.000000000,-1.000000000,-1.000000000,-1.000000000,-1.000000000,0,1,1,0,0,1,23933,0,397,0,0,0,0,0,0.866819680,1,0.866819661,0,397,20,1961
251,1341846322.369870901,2,1,0,0.025893651,0.000000156,0.016798879,0.042692686,0.190156250,0.000000000,0,0,251,0,0,0,0,0,0,0,0,0,0,0,0,-1.000000000,-1.000000000,-1.000000000,-1.000000000,0,0,0,-1.000000000,none,0,0,0,-1,-1,0,-1.000000000,-1.000000000,0,0.000000000,0,0,0,0,-1,-1,-1,-1,0,-1.000000000,-1.000000000,0,-1.000000000,-1.000000000,-1.000000000,-1.000000000,-1.000000000,-1.000000000,0,1,1,0,0,1,31742,0,368,0,0,0,0,0,0.809843779,1,0.809843750,0,368,20,1938
252,1341846322.402292013,2,1,0,0.029444263,0.000000110,0.016877505,0.046321878,0.199944661,0.000000000,0,0,252,0,0,0,0,0,0,0,0,0,0,0,0,-1.000000000,-1.000000000,-1.000000000,-1.000000000,0,0,0,-1.000000000,none,0,0,0,-1,-1,0,-1.000000000,-1.000000000,0,0.000000000,0,0,0,0,-1,-1,-1,-1,0,-1.000000000,-1.000000000,0,-1.000000000,-1.000000000,-1.000000000,-1.000000000,-1.000000000,-1.000000000,0,1,1,0,0,1,17647,0,371,0,0,0,0,0,0.800055325,1,0.800055339,0,371,20,1744
253,1341846322.433954954,2,1,0,0.037291553,0.000000052,0.016491089,0.053782694,0.294241536,0.000000000,0,0,253,0,0,0,0,0,0,0,0,0,0,0,0,-1.000000000,-1.000000000,-1.000000000,-1.000000000,0,0,0,-1.000000000,none,0,0,0,-1,-1,0,-1.000000000,-1.000000000,0,0.000000000,0,0,0,0,-1,-1,-1,-1,0,-1.000000000,-1.000000000,0,-1.000000000,-1.000000000,-1.000000000,-1.000000000,-1.000000000,-1.000000000,0,1,1,0,0,1,51236,0,314,0,0,0,0,0,0.705758452,1,0.705758464,0,314,20,1720
254,1341846322.470030069,2,1,0,0.028088285,0.000000119,0.017732335,0.045820739,0.184029948,0.000000000,0,0,254,0,0,0,0,0,0,0,0,0,0,0,0,-1.000000000,-1.000000000,-1.000000000,-1.000000000,0,0,0,-1.000000000,none,0,0,0,-1,-1,0,-1.000000000,-1.000000000,0,0.000000000,0,0,0,0,-1,-1,-1,-1,0,-1.000000000,-1.000000000,0,-1.000000000,-1.000000000,-1.000000000,-1.000000000,-1.000000000,-1.000000000,0,1,1,0,0,1,22295,0,227,0,0,0,0,0,0.815970063,1,0.815970052,0,227,20,1867
255,1341846322.502433062,2,1,0,0.029700470,0.000000127,0.018634238,0.048334835,0.167337240,0.000000000,0,0,255,0,0,0,0,0,0,0,0,0,0,0,0,-1.000000000,-1.000000000,-1.000000000,-1.000000000,0,0,0,-1.000000000,none,0,0,0,-1,-1,0,-1.000000000,-1.000000000,0,0.000000000,0,0,0,0,-1,-1,-1,-1,0,-1.000000000,-1.000000000,0,-1.000000000,-1.000000000,-1.000000000,-1.000000000,-1.000000000,-1.000000000,0,1,1,0,0,1,22581,0,350,0,0,0,0,0,0.832662761,1,0.832662760,0,350,20,1945
256,1341846322.534002066,2,1,0,0.032607886,0.000000130,0.015596088,0.048204104,0.127021484,0.000000000,0,0,256,0,0,0,0,0,0,0,0,0,0,0,0,-1.000000000,-1.000000000,-1.000000000,-1.000000000,0,0,0,-1.000000000,none,0,0,0,-1,-1,0,-1.000000000,-1.000000000,0,0.000000000,0,0,0,0,-1,-1,-1,-1,0,-1.000000000,-1.000000000,0,-1.000000000,-1.000000000,-1.000000000,-1.000000000,-1.000000000,-1.000000000,0,1,1,0,0,1,14958,0,344,0,0,0,0,0,0.872978508,1,0.872978516,0,344,20,1953
257,1341846322.570195913,2,1,0,0.039747504,0.000000112,0.018098468,0.057846084,0.149449870,0.000000000,0,0,257,0,0,0,0,0,0,0,0,0,0,0,0,-1.000000000,-1.000000000,-1.000000000,-1.000000000,0,0,0,-1.000000000,none,0,0,0,-1,-1,0,-1.000000000,-1.000000000,0,0.000000000,0,0,0,0,-1,-1,-1,-1,0,-1.000000000,-1.000000000,0,-1.000000000,-1.000000000,-1.000000000,-1.000000000,-1.000000000,-1.000000000,0,1,1,0,0,1,21893,0,305,0,0,0,0,0,0.850550115,1,0.850550130,0,305,20,1942
258,1341846322.601919889,2,1,0,0.028463614,0.000000128,0.016362788,0.044826530,0.164921875,0.000000000,0,0,258,0,0,0,0,0,0,0,0,0,0,0,0,-1.000000000,-1.000000000,-1.000000000,-1.000000000,0,0,0,-1.000000000,none,0,0,0,-1,-1,0,-1.000000000,-1.000000000,0,0.000000000,0,0,0,0,-1,-1,-1,-1,0,-1.000000000,-1.000000000,0,-1.000000000,-1.000000000,-1.000000000,-1.000000000,-1.000000000,-1.000000000,0,1,1,0,0,1,13069,0,302,0,0,0,0,0,0.835078120,1,0.835078125,0,302,20,1885
259,1341846322.638118982,2,1,0,0.042927070,0.000000132,0.017661818,0.060589020,0.194541016,0.000000000,0,0,259,0,0,0,0,0,0,0,0,0,0,0,0,-1.000000000,-1.000000000,-1.000000000,-1.000000000,0,0,0,-1.000000000,none,0,0,0,-1,-1,0,-1.000000000,-1.000000000,0,0.000000000,0,0,0,0,-1,-1,-1,-1,0,-1.000000000,-1.000000000,0,-1.000000000,-1.000000000,-1.000000000,-1.000000000,-1.000000000,-1.000000000,0,1,1,0,0,1,24455,0,310,0,0,0,0,0,0.805458963,1,0.805458984,0,310,20,1802
260,1341846322.669946909,2,1,0,0.029999223,0.000000060,0.018769040,0.048768323,0.151471354,0.000000000,0,0,260,0,0,0,0,0,0,0,0,0,0,0,0,-1.000000000,-1.000000000,-1.000000000,-1.000000000,0,0,0,-1.000000000,none,0,0,0,-1,-1,0,-1.000000000,-1.000000000,0,0.000000000,0,0,0,0,-1,-1,-1,-1,0,-1.000000000,-1.000000000,0,-1.000000000,-1.000000000,-1.000000000,-1.000000000,-1.000000000,-1.000000000,0,1,1,0,0,1,13464,0,273,0,0,0,0,0,0.848528624,1,0.848528646,0,273,20,1884
261,1341846322.702025890,2,1,0,0.043306041,0.000000208,0.029689713,0.072995962,0.092441406,0.000000000,0,0,261,0,0,0,0,0,0,0,0,0,0,0,0,-1.000000000,-1.000000000,-1.000000000,-1.000000000,0,0,0,-1.000000000,none,0,0,0,-1,-1,0,-1.000000000,-1.000000000,0,0.000000000,0,0,0,0,-1,-1,-1,-1,0,-1.000000000,-1.000000000,0,-1.000000000,-1.000000000,-1.000000000,-1.000000000,-1.000000000,-1.000000000,0,1,1,0,0,1,13963,0,355,0,0,0,0,0,0.907558620,1,0.907558594,0,355,20,1978
262,1341846322.738006115,2,1,0,0.024675693,0.000000052,0.018573129,0.043248874,0.071881510,0.000000000,0,0,262,0,0,0,0,0,0,0,0,0,0,0,0,-1.000000000,-1.000000000,-1.000000000,-1.000000000,0,0,0,-1.000000000,none,0,0,0,-1,-1,0,-1.000000000,-1.000000000,0,0.000000000,0,0,0,0,-1,-1,-1,-1,0,-1.000000000,-1.000000000,0,-1.000000000,-1.000000000,-1.000000000,-1.000000000,-1.000000000,-1.000000000,0,1,1,0,0,1,11740,0,334,0,0,0,0,0,0.928118467,1,0.928118490,0,334,20,1990
263,1341846322.770087004,2,1,0,0.023964888,0.000000230,0.018352771,0.042317889,0.100234375,0.000000000,0,0,263,0,0,0,0,0,0,0,0,0,0,0,0,-1.000000000,-1.000000000,-1.000000000,-1.000000000,0,0,0,-1.000000000,none,0,0,0,-1,-1,0,-1.000000000,-1.000000000,0,0.000000000,0,0,0,0,-1,-1,-1,-1,0,-1.000000000,-1.000000000,0,-1.000000000,-1.000000000,-1.000000000,-1.000000000,-1.000000000,-1.000000000,0,1,1,0,0,1,16654,0,322,0,0,0,0,0,0.899765611,1,0.899765625,0,322,20,1986
264,1341846322.806046963,2,1,0,0.050050807,0.000000106,0.017536287,0.067587200,0.126686198,0.000000000,0,0,264,0,0,0,0,0,0,0,0,0,0,0,0,-1.000000000,-1.000000000,-1.000000000,-1.000000000,0,0,0,-1.000000000,none,0,0,0,-1,-1,0,-1.000000000,-1.000000000,0,0.000000000,0,0,0,0,-1,-1,-1,-1,0,-1.000000000,-1.000000000,0,-1.000000000,-1.000000000,-1.000000000,-1.000000000,-1.000000000,-1.000000000,0,1,1,0,0,1,19776,0,300,0,0,0,0,0,0.873313785,1,0.873313802,0,300,20,1976
265,1341846322.838063002,2,1,0,0.035881160,0.000000129,0.021822626,0.057703915,0.075071615,0.000000000,0,0,265,0,0,0,0,0,0,0,0,0,0,0,0,-1.000000000,-1.000000000,-1.000000000,-1.000000000,0,0,0,-1.000000000,none,0,0,0,-1,-1,0,-1.000000000,-1.000000000,0,0.000000000,0,0,0,0,-1,-1,-1,-1,0,-1.000000000,-1.000000000,0,-1.000000000,-1.000000000,-1.000000000,-1.000000000,-1.000000000,-1.000000000,0,1,1,0,0,1,10305,0,349,0,0,0,0,0,0.924928367,1,0.924928385,0,349,20,1985
266,1341846322.870080948,2,1,0,0.035718654,0.000000068,0.016004372,0.051723094,0.124108073,0.000000000,0,0,266,0,0,0,0,0,0,0,0,0,0,0,0,-1.000000000,-1.000000000,-1.000000000,-1.000000000,0,0,0,-1.000000000,none,0,0,0,-1,-1,0,-1.000000000,-1.000000000,0,0.000000000,0,0,0,0,-1,-1,-1,-1,0,-1.000000000,-1.000000000,0,-1.000000000,-1.000000000,-1.000000000,-1.000000000,-1.000000000,-1.000000000,0,1,1,0,0,1,14422,0,338,0,0,0,0,0,0.875891924,1,0.875891927,0,338,20,1960
267,1341846322.906018019,2,1,0,0.031064712,0.000000052,0.016953421,0.048018185,0.163274740,0.000000000,0,0,267,0,0,0,0,0,0,0,0,0,0,0,0,-1.000000000,-1.000000000,-1.000000000,-1.000000000,0,0,0,-1.000000000,none,0,0,0,-1,-1,0,-1.000000000,-1.000000000,0,0.000000000,0,0,0,0,-1,-1,-1,-1,0,-1.000000000,-1.000000000,0,-1.000000000,-1.000000000,-1.000000000,-1.000000000,-1.000000000,-1.000000000,0,1,1,0,0,1,19677,0,322,0,0,0,0,0,0.836725235,1,0.836725260,0,322,20,1863
268,1341846322.938349009,2,1,0,0.053950162,0.000000226,0.032590886,0.086541274,0.132822266,0.000000000,0,0,268,0,0,0,0,0,0,0,0,0,0,0,0,-1.000000000,-1.000000000,-1.000000000,-1.000000000,0,0,0,-1.000000000,none,0,0,0,-1,-1,0,-1.000000000,-1.000000000,0,0.000000000,0,0,0,0,-1,-1,-1,-1,0,-1.000000000,-1.000000000,0,-1.000000000,-1.000000000,-1.000000000,-1.000000000,-1.000000000,-1.000000000,0,1,1,102,0,1,9164,0,315,0,95,95,0,0,0.867177725,1,0.867177734,0,315,20,1934
269,1341846322.970068932,2,1,0,0.025370775,0.000000138,0.017837354,0.043208267,0.121139323,0.000000000,0,0,269,0,0,0,0,0,0,0,0,0,0,0,0,-1.000000000,-1.000000000,-1.000000000,-1.000000000,0,0,0,-1.000000000,none,0,0,0,-1,-1,0,-1.000000000,-1.000000000,0,0.000000000,0,0,0,0,-1,-1,-1,-1,0,-1.000000000,-1.000000000,0,-1.000000000,-1.000000000,-1.000000000,-1.000000000,-1.000000000,-1.000000000,0,1,1,0,0,1,13407,0,347,0,0,0,0,0,0.878860652,1,0.878860677,0,347,20,1965
270,1341846323.011820078,2,1,0,0.037960053,0.000000149,0.019196562,0.057156764,0.124941406,0.000000000,0,0,270,0,0,0,0,0,0,0,0,0,0,0,0,-1.000000000,-1.000000000,-1.000000000,-1.000000000,0,0,0,-1.000000000,none,0,0,0,-1,-1,0,-1.000000000,-1.000000000,0,0.000000000,0,0,0,0,-1,-1,-1,-1,0,-1.000000000,-1.000000000,0,-1.000000000,-1.000000000,-1.000000000,-1.000000000,-1.000000000,-1.000000000,0,1,1,0,0,1,10633,0,351,0,0,0,0,0,0.875058591,1,0.875058594,0,351,20,1946
271,1341846323.073951006,2,1,0,0.042867912,0.000000110,0.017227798,0.060095820,0.098704427,0.000000000,0,0,271,0,0,0,0,0,0,0,0,0,0,0,0,-1.000000000,-1.000000000,-1.000000000,-1.000000000,0,0,0,-1.000000000,none,0,0,0,-1,-1,0,-1.000000000,-1.000000000,0,0.000000000,0,0,0,0,-1,-1,-1,-1,0,-1.000000000,-1.000000000,0,-1.000000000,-1.000000000,-1.000000000,-1.000000000,-1.000000000,-1.000000000,0,1,1,170,0,1,13225,0,365,0,159,159,0,0,0.901295602,1,0.901295573,0,365,20,1995
272,1341846323.105962038,2,1,0,0.032316726,0.000000117,0.018237143,0.050553986,0.099482422,0.000000000,0,0,272,0,0,0,0,0,0,0,0,0,0,0,0,-1.000000000,-1.000000000,-1.000000000,-1.000000000,0,0,0,-1.000000000,none,0,0,0,-1,-1,0,-1.000000000,-1.000000000,0,0.000000000,0,0,0,0,-1,-1,-1,-1,0,-1.000000000,-1.000000000,0,-1.000000000,-1.000000000,-1.000000000,-1.000000000,-1.000000000,-1.000000000,0,1,1,15,0,1,12969,0,356,0,12,12,0,0,0.900517583,1,0.900517578,0,356,20,1967
273,1341846323.138158083,2,1,0,0.026210769,0.000000134,0.020844336,0.047055239,0.065791016,0.000000000,0,0,273,0,0,0,0,0,0,0,0,0,0,0,0,-1.000000000,-1.000000000,-1.000000000,-1.000000000,0,0,0,-1.000000000,none,0,0,0,-1,-1,0,-1.000000000,-1.000000000,0,0.000000000,0,0,0,0,-1,-1,-1,-1,0,-1.000000000,-1.000000000,0,-1.000000000,-1.000000000,-1.000000000,-1.000000000,-1.000000000,-1.000000000,0,1,1,35,0,1,6804,0,338,0,30,30,0,0,0.934208989,1,0.934208984,0,338,20,2000
274,1341846323.174092054,2,1,0,0.038724287,0.000000133,0.017748033,0.056472453,0.081220703,0.000000000,0,0,274,0,0,0,0,0,0,0,0,0,0,0,0,-1.000000000,-1.000000000,-1.000000000,-1.000000000,0,0,0,-1.000000000,none,0,0,0,-1,-1,0,-1.000000000,-1.000000000,0,0.000000000,0,0,0,0,-1,-1,-1,-1,0,-1.000000000,-1.000000000,0,-1.000000000,-1.000000000,-1.000000000,-1.000000000,-1.000000000,-1.000000000,0,1,1,60,0,1,6084,0,345,0,56,56,0,0,0.918779314,1,0.918779297,0,345,20,2002
275,1341846323.206058979,2,1,0,0.036769451,0.000000051,0.017001690,0.053771192,0.084986979,0.000000000,0,0,275,0,0,0,0,0,0,0,0,0,0,0,0,-1.000000000,-1.000000000,-1.000000000,-1.000000000,0,0,0,-1.000000000,none,0,0,0,-1,-1,0,-1.000000000,-1.000000000,0,0.000000000,0,0,0,0,-1,-1,-1,-1,0,-1.000000000,-1.000000000,0,-1.000000000,-1.000000000,-1.000000000,-1.000000000,-1.000000000,-1.000000000,0,1,1,49,0,1,9239,0,346,0,46,46,0,0,0.915013015,1,0.915013021,0,346,20,2004
276,1341846323.238053083,2,1,0,0.033898935,0.000000104,0.017460316,0.051359355,0.084020182,0.000000000,0,0,276,0,0,0,0,0,0,0,0,0,0,0,0,-1.000000000,-1.000000000,-1.000000000,-1.000000000,0,0,0,-1.000000000,none,0,0,0,-1,-1,0,-1.000000000,-1.000000000,0,0.000000000,0,0,0,0,-1,-1,-1,-1,0,-1.000000000,-1.000000000,0,-1.000000000,-1.000000000,-1.000000000,-1.000000000,-1.000000000,-1.000000000,0,1,1,0,0,1,13573,0,359,0,0,0,0,0,0.915979803,1,0.915979818,0,359,20,2002
277,1341846323.273997068,2,1,0,0.025111491,0.000000106,0.016645896,0.041757493,0.107864583,0.000000000,0,0,277,0,0,0,0,0,0,0,0,0,0,0,0,-1.000000000,-1.000000000,-1.000000000,-1.000000000,0,0,0,-1.000000000,none,0,0,0,-1,-1,0,-1.000000000,-1.000000000,0,0.000000000,0,0,0,0,-1,-1,-1,-1,0,-1.000000000,-1.000000000,0,-1.000000000,-1.000000000,-1.000000000,-1.000000000,-1.000000000,-1.000000000,0,1,1,0,0,1,14317,0,372,0,0,0,0,0,0.892135441,1,0.892135417,0,372,20,1974
278,1341846323.305946112,2,1,0,0.026649739,0.000000109,0.017297885,0.043947733,0.111653646,0.000000000,0,0,278,0,0,0,0,0,0,0,0,0,0,0,0,-1.000000000,-1.000000000,-1.000000000,-1.000000000,0,0,0,-1.000000000,none,0,0,0,-1,-1,0,-1.000000000,-1.000000000,0,0.000000000,0,0,0,0,-1,-1,-1,-1,0,-1.000000000,-1.000000000,0,-1.000000000,-1.000000000,-1.000000000,-1.000000000,-1.000000000,-1.000000000,0,1,1,0,0,1,12715,0,348,0,0,0,0,0,0.888346374,1,0.888346354,0,348,20,1989
279,1341846323.342026949,2,1,0,0.032386984,0.000000144,0.016856108,0.049243236,0.158616536,0.000000000,0,0,279,0,0,0,0,0,0,0,0,0,0,0,0,-1.000000000,-1.000000000,-1.000000000,-1.000000000,0,0,0,-1.000000000,none,0,0,0,-1,-1,0,-1.000000000,-1.000000000,0,0.000000000,0,0,0,0,-1,-1,-1,-1,0,-1.000000000,-1.000000000,0,-1.000000000,-1.000000000,-1.000000000,-1.000000000,-1.000000000,-1.000000000,0,1,1,0,0,1,17284,0,354,0,0,0,0,0,0.841383457,1,0.841383464,0,354,20,1852
280,1341846323.374047995,2,1,0,0.035715598,0.000000156,0.019072402,0.054788156,0.180758464,0.000000000,0,0,280,0,0,0,0,0,0,0,0,0,0,0,0,-1.000000000,-1.000000000,-1.000000000,-1.000000000,0,0,0,-1.000000000,none,0,0,0,-1,-1,0,-1.000000000,-1.000000000,0,0.000000000,0,0,0,0,-1,-1,-1,-1,0,-1.000000000,-1.000000000,0,-1.000000000,-1.000000000,-1.000000000,-1.000000000,-1.000000000,-1.000000000,0,1,1,0,0,1,29578,0,320,0,0,0,0,0,0.819241524,1,0.819241536,0,320,20,1807
281,1341846323.405987024,2,1,0,0.042377116,0.000000111,0.017649436,0.060026663,0.116168620,0.000000000,0,0,281,0,0,0,0,0,0,0,0,0,0,0,0,-1.000000000,-1.000000000,-1.000000000,-1.000000000,0,0,0,-1.000000000,none,0,0,0,-1,-1,0,-1.000000000,-1.000000000,0,0.000000000,0,0,0,0,-1,-1,-1,-1,0,-1.000000000,-1.000000000,0,-1.000000000,-1.000000000,-1.000000000,-1.000000000,-1.000000000,-1.000000000,0,1,1,0,0,1,18546,0,336,0,0,0,0,0,0.883831382,1,0.883831380,0,336,20,2003
282,1341846323.441956043,2,1,0,0.055497620,0.000000174,0.019088083,0.074585877,0.105970052,0.000000000,0,0,282,0,0,0,0,0,0,0,0,0,0,0,0,-1.000000000,-1.000000000,-1.000000000,-1.000000000,0,0,0,-1.000000000,none,0,0,0,-1,-1,0,-1.000000000,-1.000000000,0,0.000000000,0,0,0,0,-1,-1,-1,-1,0,-1.000000000,-1.000000000,0,-1.000000000,-1.000000000,-1.000000000,-1.000000000,-1.000000000,-1.000000000,0,1,1,157,0,1,11325,0,404,0,143,143,0,0,0.894029975,1,0.894029948,0,404,20,1980
283,1341846323.473877907,2,1,0,0.052930426,0.000000085,0.017591397,0.070521908,0.102646484,0.000000000,0,0,283,0,0,0,0,0,0,0,0,0,0,0,0,-1.000000000,-1.000000000,-1.000000000,-1.000000000,0,0,0,-1.000000000,none,0,0,0,-1,-1,0,-1.000000000,-1.000000000,0,0.000000000,0,0,0,0,-1,-1,-1,-1,0,-1.000000000,-1.000000000,0,-1.000000000,-1.000000000,-1.000000000,-1.000000000,-1.000000000,-1.000000000,0,1,1,0,0,1,9873,0,405,0,0,0,0,0,0.897353530,1,0.897353516,0,405,20,1956
284,1341846323.506129026,2,1,0,0.025768648,0.000000061,0.016920249,0.042688958,0.070979818,0.000000000,0,0,284,0,0,0,0,0,0,0,0,0,0,0,0,-1.000000000,-1.000000000,-1.000000000,-1.000000000,0,0,0,-1.000000000,none,0,0,0,-1,-1,0,-1.000000000,-1.000000000,0,0.000000000,0,0,0,0,-1,-1,-1,-1,0,-1.000000000,-1.000000000,0,-1.000000000,-1.000000000,-1.000000000,-1.000000000,-1.000000000,-1.000000000,0,1,1,0,0,1,8351,0,391,0,0,0,0,0,0.929020166,1,0.929020182,0,391,20,1976
285,1341846323.541971922,2,1,0,0.031276023,0.000000128,0.016959537,0.048235688,0.061510417,0.000000000,0,0,285,0,0,0,0,0,0,0,0,0,0,0,0,-1.000000000,-1.000000000,-1.000000000,-1.000000000,0,0,0,-1.000000000,none,0,0,0,-1,-1,0,-1.000000000,-1.000000000,0,0.000000000,0,0,0,0,-1,-1,-1,-1,0,-1.000000000,-1.000000000,0,-1.000000000,-1.000000000,-1.000000000,-1.000000000,-1.000000000,-1.000000000,0,1,1,0,0,1,8929,0,387,0,0,0,0,0,0.938489556,1,0.938489583,0,387,20,1985
286,1341846323.573913097,2,1,0,0.028557906,0.000000213,0.017804717,0.046362836,0.127561849,0.000000000,0,0,286,0,0,0,0,0,0,0,0,0,0,0,0,-1.000000000,-1.000000000,-1.000000000,-1.000000000,0,0,0,-1.000000000,none,0,0,0,-1,-1,0,-1.000000000,-1.000000000,0,0.000000000,0,0,0,0,-1,-1,-1,-1,0,-1.000000000,-1.000000000,0,-1.000000000,-1.000000000,-1.000000000,-1.000000000,-1.000000000,-1.000000000,0,1,1,0,0,1,17082,0,386,0,0,0,0,0,0.872438133,1,0.872438151,0,386,20,1935
287,1341846323.609926939,2,1,0,0.032641576,0.000000065,0.016615842,0.049257483,0.124492188,0.000000000,0,0,287,0,0,0,0,0,0,0,0,0,0,0,0,-1.000000000,-1.000000000,-1.000000000,-1.000000000,0,0,0,-1.000000000,none,0,0,0,-1,-1,0,-1.000000000,-1.000000000,0,0.000000000,0,0,0,0,-1,-1,-1,-1,0,-1.000000000,-1.000000000,0,-1.000000000,-1.000000000,-1.000000000,-1.000000000,-1.000000000,-1.000000000,0,1,1,0,0,1,16749,0,339,0,0,0,0,0,0.875507832,1,0.875507812,0,339,20,1967
288,1341846323.642014027,2,1,0,0.036155994,0.000000042,0.019005647,0.055161683,0.051871745,0.000000000,0,0,288,0,0,0,0,0,0,0,0,0,0,0,0,-1.000000000,-1.000000000,-1.000000000,-1.000000000,0,0,0,-1.000000000,none,0,0,0,-1,-1,0,-1.000000000,-1.000000000,0,0.000000000,0,0,0,0,-1,-1,-1,-1,0,-1.000000000,-1.000000000,0,-1.000000000,-1.000000000,-1.000000000,-1.000000000,-1.000000000,-1.000000000,0,1,1,0,0,1,7913,0,403,0,0,0,0,0,0.948128283,1,0.948128255,0,403,20,2004
289,1341846323.674081087,2,1,0,0.027720803,0.000000087,0.018329319,0.046050209,0.108235677,0.000000000,0,0,289,0,0,0,0,0,0,0,0,0,0,0,0,-1.000000000,-1.000000000,-1.000000000,-1.000000000,0,0,0,-1.000000000,none,0,0,0,-1,-1,0,-1.000000000,-1.000000000,0,0.000000000,0,0,0,0,-1,-1,-1,-1,0,-1.000000000,-1.000000000,0,-1.000000000,-1.000000000,-1.000000000,-1.000000000,-1.000000000,-1.000000000,0,1,1,0,0,1,10326,0,395,0,0,0,0,0,0.891764343,1,0.891764323,0,395,20,1979
290,1341846323.710068941,2,1,0,0.031567271,0.000000115,0.020541515,0.052108901,0.077399089,0.000000000,0,0,290,0,0,0,0,0,0,0,0,0,0,0,0,-1.000000000,-1.000000000,-1.000000000,-1.000000000,0,0,0,-1.000000000,none,0,0,0,-1,-1,0,-1.000000000,-1.000000000,0,0.000000000,0,0,0,0,-1,-1,-1,-1,0,-1.000000000,-1.000000000,0,-1.000000000,-1.000000000,-1.000000000,-1.000000000,-1.000000000,-1.000000000,0,1,1,0,0,1,8133,0,389,0,0,0,0,0,0.922600925,1,0.922600911,0,389,20,1991
291,1341846323.742110968,2,1,0,0.043741109,0.000000174,0.019153318,0.062894601,0.105332031,0.000000000,0,0,291,0,0,0,0,0,0,0,0,0,0,0,0,-1.000000000,-1.000000000,-1.000000000,-1.000000000,0,0,0,-1.000000000,none,0,0,0,-1,-1,0,-1.000000000,-1.000000000,0,0.000000000,0,0,0,0,-1,-1,-1,-1,0,-1.000000000,-1.000000000,0,-1.000000000,-1.000000000,-1.000000000,-1.000000000,-1.000000000,-1.000000000,0,1,1,0,0,1,8796,0,359,0,0,0,0,0,0.894667983,1,0.894667969,0,359,20,1954
292,1341846323.774928093,2,1,0,0.028428325,0.000000124,0.018578486,0.047006935,0.094563802,0.000000000,0,0,292,0,0,0,0,0,0,0,0,0,0,0,0,-1.000000000,-1.000000000,-1.000000000,-1.000000000,0,0,0,-1.000000000,none,0,0,0,-1,-1,0,-1.000000000,-1.000000000,0,0.000000000,0,0,0,0,-1,-1,-1,-1,0,-1.000000000,-1.000000000,0,-1.000000000,-1.000000000,-1.000000000,-1.000000000,-1.000000000,-1.000000000,0,1,1,0,0,1,8771,0,382,0,0,0,0,0,0.905436218,1,0.905436198,0,382,20,1956
293,1341846323.810012102,2,1,0,0.025965403,0.000000126,0.017034658,0.043000187,0.078343099,0.000000000,0,0,293,0,0,0,0,0,0,0,0,0,0,0,0,-1.000000000,-1.000000000,-1.000000000,-1.000000000,0,0,0,-1.000000000,none,0,0,0,-1,-1,0,-1.000000000,-1.000000000,0,0.000000000,0,0,0,0,-1,-1,-1,-1,0,-1.000000000,-1.000000000,0,-1.000000000,-1.000000000,-1.000000000,-1.000000000,-1.000000000,-1.000000000,0,1,1,0,0,1,13829,0,390,0,0,0,0,0,0.921656907,1,0.921656901,0,390,20,1976
294,1341846323.842206955,2,1,0,0.027850189,0.000000139,0.018853542,0.046703870,0.063219401,0.000000000,0,0,294,0,0,0,0,0,0,0,0,0,0,0,0,-1.000000000,-1.000000000,-1.000000000,-1.000000000,0,0,0,-1.000000000,none,0,0,0,-1,-1,0,-1.000000000,-1.000000000,0,0.000000000,0,0,0,0,-1,-1,-1,-1,0,-1.000000000,-1.000000000,0,-1.000000000,-1.000000000,-1.000000000,-1.000000000,-1.000000000,-1.000000000,0,1,1,0,0,1,10388,0,369,0,0,0,0,0,0.936780572,1,0.936780599,0,369,20,1990
295,1341846323.878019094,2,1,0,0.048276351,0.000000322,0.020374981,0.068651654,0.045205078,0.000000000,0,0,295,0,0,0,0,0,0,0,0,0,0,0,0,-1.000000000,-1.000000000,-1.000000000,-1.000000000,0,0,0,-1.000000000,none,0,0,0,-1,-1,0,-1.000000000,-1.000000000,0,0.000000000,0,0,0,0,-1,-1,-1,-1,0,-1.000000000,-1.000000000,0,-1.000000000,-1.000000000,-1.000000000,-1.000000000,-1.000000000,-1.000000000,0,1,1,0,0,1,5356,0,422,0,0,0,0,0,0.954794943,1,0.954794922,0,422,20,1991
296,1341846323.909826040,2,1,0,0.032447076,0.000000217,0.020371039,0.052818332,0.093089193,0.000000000,0,0,296,0,0,0,0,0,0,0,0,0,0,0,0,-1.000000000,-1.000000000,-1.000000000,-1.000000000,0,0,0,-1.000000000,none,0,0,0,-1,-1,0,-1.000000000,-1.000000000,0,0.000000000,0,0,0,0,-1,-1,-1,-1,0,-1.000000000,-1.000000000,0,-1.000000000,-1.000000000,-1.000000000,-1.000000000,-1.000000000,-1.000000000,0,1,1,0,0,1,11086,0,425,0,0,0,0,0,0.906910837,1,0.906910807,0,425,20,1989
297,1341846323.942459106,2,1,0,0.027290715,0.000000059,0.018637576,0.045928350,0.117558594,0.000000000,0,0,297,0,0,0,0,0,0,0,0,0,0,0,0,-1.000000000,-1.000000000,-1.000000000,-1.000000000,0,0,0,-1.000000000,none,0,0,0,-1,-1,0,-1.000000000,-1.000000000,0,0.000000000,0,0,0,0,-1,-1,-1,-1,0,-1.000000000,-1.000000000,0,-1.000000000,-1.000000000,-1.000000000,-1.000000000,-1.000000000,-1.000000000,0,1,1,0,0,1,9058,0,390,0,0,0,0,0,0.882441401,1,0.882441406,0,390,20,1953
298,1341846323.978055000,2,1,0,0.022700848,0.000000053,0.017020636,0.039721537,0.069977214,0.000000000,0,0,298,0,0,0,0,0,0,0,0,0,0,0,0,-1.000000000,-1.000000000,-1.000000000,-1.000000000,0,0,0,-1.000000000,none,0,0,0,-1,-1,0,-1.000000000,-1.000000000,0,0.000000000,0,0,0,0,-1,-1,-1,-1,0,-1.000000000,-1.000000000,0,-1.000000000,-1.000000000,-1.000000000,-1.000000000,-1.000000000,-1.000000000,0,1,1,0,0,1,8772,0,375,0,0,0,0,0,0.930022776,1,0.930022786,0,375,20,2003
299,1341846324.015933990,2,1,0,0.044128994,0.000000187,0.016169590,0.060298771,0.106578776,0.000000000,0,0,299,0,0,0,0,0,0,0,0,0,0,0,0,-1.000000000,-1.000000000,-1.000000000,-1.000000000,0,0,0,-1.000000000,none,0,0,0,-1,-1,0,-1.000000000,-1.000000000,0,0.000000000,0,0,0,0,-1,-1,-1,-1,0,-1.000000000,-1.000000000,0,-1.000000000,-1.000000000,-1.000000000,-1.000000000,-1.000000000,-1.000000000,0,1,1,0,0,1,10181,0,379,0,0,0,0,0,0.893421233,1,0.893421224,0,379,20,1994
