frame,timestamp,tracking_state,pose_valid,lost,mask_seconds,motion_prior_seconds,tracking_seconds,compute_seconds,dynamic_ratio,motion_foreground_fraction,prior_valid,prior_raw_valid,prior_source_frame,prior_shuffle_lag_frames,prior_gate_bypassed,prior_candidate,prior_consensus_pass,direct_validation_valid,direct_validation_pass,prior_common_support_pass,prior_would_use,prior_used,oracle_valid,oracle_prefers_dynamic,oracle_applied,oracle_static_translation_error_m,oracle_dynamic_translation_error_m,oracle_static_rotation_error_rad,oracle_dynamic_rotation_error_rad,shadow_translation_active,shadow_translation_applied,shadow_translation_remaining,shadow_translation_innovation_m,shadow_translation_stop_reason,shadow_translation_factor_injected,posterior_valid,posterior_pass,posterior_static_inliers,posterior_dynamic_inliers,posterior_common_support,posterior_static_score,posterior_dynamic_score,velocity_neutralized,prior_information,prior_objects_observed,prior_objects_used,prior_feature_tracks,prior_inlier_tracks,prior_static_matches,prior_dynamic_matches,prior_static_inliers,prior_dynamic_inliers,prior_common_support,prior_static_common_score,prior_dynamic_common_score,direct_common_support,direct_static_depth_score,direct_dynamic_depth_score,direct_static_photometric_score,direct_dynamic_photometric_score,direct_static_combined_score,direct_dynamic_combined_score,trajectory_carried_forward,mask_pose_predicted,temporal_refinement_applied,temporal_recovered_static_pixels,temporal_added_dynamic_pixels,temporal_flow_guard_valid,temporal_flow_guard_rejected_pixels,temporal_recovery_risk_active,temporal_recovery_risk_previous_inliers,temporal_recovery_risk_hold_remaining,tracking_recovery_candidate_pixels,tracking_recovery_blocked_pixels,tracking_recovery_audit_pixels,tracking_recovery_mapping_leak_pixels,static_mask_ratio,mapping_weight_present,mapping_static_ratio,adaptive_feature_active,adaptive_feature_previous_inliers,adaptive_fast_threshold,extracted_features
0,1548339959.129719973,2,1,0,0.007105140,0.000000054,0.010924475,0.018029669,0.364121094,0.000000000,0,0,0,0,0,0,0,0,0,0,0,0,0,0,0,-1.000000000,-1.000000000,-1.000000000,-1.000000000,0,0,0,-1.000000000,none,0,0,0,-1,-1,0,-1.000000000,-1.000000000,0,0.000000000,0,0,0,0,-1,-1,-1,-1,0,-1.000000000,-1.000000000,0,-1.000000000,-1.000000000,-1.000000000,-1.000000000,-1.000000000,-1.000000000,0,0,0,0,0,0,0,0,-1,0,0,0,0,0,0.635878921,1,0.635878906,0,-1,20,1027
1,1548339959.163130045,2,1,0,0.014725506,0.000000057,0.016727189,0.031452752,0.385654297,0.000000000,0,0,1,0,0,0,0,0,0,0,0,0,0,0,0,-1.000000000,-1.000000000,-1.000000000,-1.000000000,0,0,0,-1.000000000,none,0,0,0,-1,-1,0,-1.000000000,-1.000000000,0,0.000000000,0,0,0,0,-1,-1,-1,-1,0,-1.000000000,-1.000000000,0,-1.000000000,-1.000000000,-1.000000000,-1.000000000,-1.000000000,-1.000000000,0,0,0,0,0,1,0,0,0,0,0,0,0,0,0.614345729,1,0.614345703,0,0,20,986
2,1548339959.195849895,2,1,0,0.014273951,0.000000047,0.012384470,0.026658468,0.394440104,0.000000000,0,0,2,0,0,0,0,0,0,0,0,0,0,0,0,-1.000000000,-1.000000000,-1.000000000,-1.000000000,0,0,0,-1.000000000,none,0,0,0,-1,-1,0,-1.000000000,-1.000000000,0,0.000000000,0,0,0,0,-1,-1,-1,-1,0,-1.000000000,-1.000000000,0,-1.000000000,-1.000000000,-1.000000000,-1.000000000,-1.000000000,-1.000000000,0,1,0,0,0,1,0,0,578,0,0,0,0,0,0.605559886,1,0.605559896,0,578,20,981
3,1548339959.229360104,2,1,0,0.017654817,0.000000161,0.012634312,0.030289290,0.384160156,0.000000000,0,0,3,0,0,0,0,0,0,0,0,0,0,0,0,-1.000000000,-1.000000000,-1.000000000,-1.000000000,0,0,0,-1.000000000,none,0,0,0,-1,-1,0,-1.000000000,-1.000000000,0,0.000000000,0,0,0,0,-1,-1,-1,-1,0,-1.000000000,-1.000000000,0,-1.000000000,-1.000000000,-1.000000000,-1.000000000,-1.000000000,-1.000000000,0,1,0,0,0,1,0,0,538,0,0,0,0,0,0.615839839,1,0.615839844,0,538,20,972
4,1548339959.263210058,2,1,0,0.013145822,0.000000049,0.011388764,0.024534635,0.384114583,0.000000000,0,0,4,0,0,0,0,0,0,0,0,0,0,0,0,-1.000000000,-1.000000000,-1.000000000,-1.000000000,0,0,0,-1.000000000,none,0,0,0,-1,-1,0,-1.000000000,-1.000000000,0,0.000000000,0,0,0,0,-1,-1,-1,-1,0,-1.000000000,-1.000000000,0,-1.000000000,-1.000000000,-1.000000000,-1.000000000,-1.000000000,-1.000000000,0,1,0,0,0,1,0,0,518,0,0,0,0,0,0.615885437,1,0.615885417,0,518,20,990
5,1548339959.330250025,2,1,0,0.016547424,0.000000151,0.012085206,0.028632781,0.406331380,0.000000000,0,0,5,0,0,0,0,0,0,0,0,0,0,0,0,-1.000000000,-1.000000000,-1.000000000,-1.000000000,0,0,0,-1.000000000,none,0,0,0,-1,-1,0,-1.000000000,-1.000000000,0,0.000000000,0,0,0,0,-1,-1,-1,-1,0,-1.000000000,-1.000000000,0,-1.000000000,-1.000000000,-1.000000000,-1.000000000,-1.000000000,-1.000000000,0,1,0,0,0,1,0,0,523,0,0,0,0,0,0.593668640,1,0.593668620,0,523,20,961
6,1548339959.363519907,2,1,0,0.018769593,0.000000058,0.012355524,0.031125175,0.381305339,0.000000000,0,0,6,0,0,0,0,0,0,0,0,0,0,0,0,-1.000000000,-1.000000000,-1.000000000,-1.000000000,0,0,0,-1.000000000,none,0,0,0,-1,-1,0,-1.000000000,-1.000000000,0,0.000000000,0,0,0,0,-1,-1,-1,-1,0,-1.000000000,-1.000000000,0,-1.000000000,-1.000000000,-1.000000000,-1.000000000,-1.000000000,-1.000000000,0,1,0,0,0,1,0,0,481,0,0,0,0,0,0.618694663,1,0.618694661,0,481,20,993
7,1548339959.430550098,2,1,0,0.023668084,0.000000045,0.012638884,0.036307013,0.458424479,0.000000000,0,0,7,0,0,0,0,0,0,0,0,0,0,0,0,-1.000000000,-1.000000000,-1.000000000,-1.000000000,0,0,0,-1.000000000,none,0,0,0,-1,-1,0,-1.000000000,-1.000000000,0,0.000000000,0,0,0,0,-1,-1,-1,-1,0,-1.000000000,-1.000000000,0,-1.000000000,-1.000000000,-1.000000000,-1.000000000,-1.000000000,-1.000000000,0,1,0,0,0,1,0,0,495,0,0,0,0,0,0.541575491,1,0.541575521,0,495,20,1013
8,1548339959.464010000,2,1,0,0.022900552,0.000000052,0.012356930,0.035257534,0.390302734,0.000000000,0,0,8,0,0,0,0,0,0,0,0,0,0,0,0,-1.000000000,-1.000000000,-1.000000000,-1.000000000,0,0,0,-1.000000000,none,0,0,0,-1,-1,0,-1.000000000,-1.000000000,0,0.000000000,0,0,0,0,-1,-1,-1,-1,0,-1.000000000,-1.000000000,0,-1.000000000,-1.000000000,-1.000000000,-1.000000000,-1.000000000,-1.000000000,0,1,0,0,0,1,0,0,474,0,0,0,0,0,0.609697282,1,0.609697266,0,474,20,979
9,1548339959.497580051,2,1,0,0.015186090,0.000000118,0.012182285,0.027368493,0.411110026,0.000000000,0,0,9,0,0,0,0,0,0,0,0,0,0,0,0,-1.000000000,-1.000000000,-1.000000000,-1.000000000,0,0,0,-1.000000000,none,0,0,0,-1,-1,0,-1.000000000,-1.000000000,0,0.000000000,0,0,0,0,-1,-1,-1,-1,0,-1.000000000,-1.000000000,0,-1.000000000,-1.000000000,-1.000000000,-1.000000000,-1.000000000,-1.000000000,0,1,0,0,0,1,0,0,489,0,0,0,0,0,0.588889956,1,0.588889974,0,489,20,989
10,1548339959.531100035,2,1,0,0.013439922,0.000000055,0.013395859,0.026835836,0.410485026,0.000000000,0,0,10,0,0,0,0,0,0,0,0,0,0,0,0,-1.000000000,-1.000000000,-1.000000000,-1.000000000,0,0,0,-1.000000000,none,0,0,0,-1,-1,0,-1.000000000,-1.000000000,0,0.000000000,0,0,0,0,-1,-1,-1,-1,0,-1.000000000,-1.000000000,0,-1.000000000,-1.000000000,-1.000000000,-1.000000000,-1.000000000,-1.000000000,0,1,0,0,0,1,0,0,478,0,0,0,0,0,0.589514971,1,0.589514974,0,478,20,944
11,1548339959.564660072,2,1,0,0.012621209,0.000000107,0.011419873,0.024041189,0.401588542,0.000000000,0,0,11,0,0,0,0,0,0,0,0,0,0,0,0,-1.000000000,-1.000000000,-1.000000000,-1.000000000,0,0,0,-1.000000000,none,0,0,0,-1,-1,0,-1.000000000,-1.000000000,0,0.000000000,0,0,0,0,-1,-1,-1,-1,0,-1.000000000,-1.000000000,0,-1.000000000,-1.000000000,-1.000000000,-1.000000000,-1.000000000,-1.000000000,0,1,0,0,0,1,0,0,434,0,0,0,0,0,0.598411441,1,0.598411458,0,434,20,885
12,1548339959.598180056,2,1,0,0.012569791,0.000000047,0.010608757,0.023178595,0.400143229,0.000000000,0,0,12,0,0,0,0,0,0,0,0,0,0,0,0,-1.000000000,-1.000000000,-1.000000000,-1.000000000,0,0,0,-1.000000000,none,0,0,0,-1,-1,0,-1.000000000,-1.000000000,0,0.000000000,0,0,0,0,-1,-1,-1,-1,0,-1.000000000,-1.000000000,0,-1.000000000,-1.000000000,-1.000000000,-1.000000000,-1.000000000,-1.000000000,0,1,0,0,0,1,0,0,418,0,0,0,0,0,0.599856794,1,0.599856771,0,418,20,893
13,1548339959.631779909,2,1,0,0.014551431,0.000000053,0.010991886,0.025543370,0.445755208,0.000000000,0,0,13,0,0,0,0,0,0,0,0,0,0,0,0,-1.000000000,-1.000000000,-1.000000000,-1.000000000,0,0,0,-1.000000000,none,0,0,0,-1,-1,0,-1.000000000,-1.000000000,0,0.000000000,0,0,0,0,-1,-1,-1,-1,0,-1.000000000,-1.000000000,0,-1.000000000,-1.000000000,-1.000000000,-1.000000000,-1.000000000,-1.000000000,0,1,0,0,0,1,0,0,411,0,0,0,0,0,0.554244816,1,0.554244792,0,411,20,912
14,1548339959.665329933,2,1,0,0.015286994,0.000000153,0.011215026,0.026502173,0.389121094,0.000000000,0,0,14,0,0,0,0,0,0,0,0,0,0,0,0,-1.000000000,-1.000000000,-1.000000000,-1.000000000,0,0,0,-1.000000000,none,0,0,0,-1,-1,0,-1.000000000,-1.000000000,0,0.000000000,0,0,0,0,-1,-1,-1,-1,0,-1.000000000,-1.000000000,0,-1.000000000,-1.000000000,-1.000000000,-1.000000000,-1.000000000,-1.000000000,0,1,0,0,0,1,0,0,421,0,0,0,0,0,0.610878885,1,0.610878906,0,421,20,891
15,1548339959.698849916,2,1,0,0.014962724,0.000000059,0.011933991,0.026896774,0.406083984,0.000000000,0,0,15,0,0,0,0,0,0,0,0,0,0,0,0,-1.000000000,-1.000000000,-1.000000000,-1.000000000,0,0,0,-1.000000000,none,0,0,0,-1,-1,0,-1.000000000,-1.000000000,0,0.000000000,0,0,0,0,-1,-1,-1,-1,0,-1.000000000,-1.000000000,0,-1.000000000,-1.000000000,-1.000000000,-1.000000000,-1.000000000,-1.000000000,0,1,0,0,0,1,0,0,419,0,0,0,0,0,0.593915999,1,0.593916016,0,419,20,866
16,1548339959.732369900,2,1,0,0.013958824,0.000000107,0.017614481,0.031573412,0.438040365,0.000000000,0,0,16,0,0,0,0,0,0,0,0,0,0,0,0,-1.000000000,-1.000000000,-1.000000000,-1.000000000,0,0,0,-1.000000000,none,0,0,0,-1,-1,0,-1.000000000,-1.000000000,0,0.000000000,0,0,0,0,-1,-1,-1,-1,0,-1.000000000,-1.000000000,0,-1.000000000,-1.000000000,-1.000000000,-1.000000000,-1.000000000,-1.000000000,0,1,0,0,0,1,0,0,391,0,0,0,0,0,0.561959624,1,0.561959635,0,391,20,967
17,1548339959.765889883,2,1,0,0.013348870,0.000000112,0.016126864,0.029475846,0.419160156,0.000000000,0,0,17,0,0,0,0,0,0,0,0,0,0,0,0,-1.000000000,-1.000000000,-1.000000000,-1.000000000,0,0,0,-1.000000000,none,0,0,0,-1,-1,0,-1.000000000,-1.000000000,0,0.000000000,0,0,0,0,-1,-1,-1,-1,0,-1.000000000,-1.000000000,0,-1.000000000,-1.000000000,-1.000000000,-1.000000000,-1.000000000,-1.000000000,0,1,0,0,0,1,0,0,433,0,0,0,0,0,0.580839872,1,0.580839844,0,433,20,928
18,1548339959.799400091,2,1,0,0.012931205,0.000000043,0.013788319,0.026719567,0.365071615,0.000000000,0,0,18,0,0,0,0,0,0,0,0,0,0,0,0,-1.000000000,-1.000000000,-1.000000000,-1.000000000,0,0,0,-1.000000000,none,0,0,0,-1,-1,0,-1.000000000,-1.000000000,0,0.000000000,0,0,0,0,-1,-1,-1,-1,0,-1.000000000,-1.000000000,0,-1.000000000,-1.000000000,-1.000000000,-1.000000000,-1.000000000,-1.000000000,0,1,0,0,0,1,0,0,447,0,0,0,0,0,0.634928405,1,0.634928385,0,447,20,944
19,1548339959.832910061,2,1,0,0.013161295,0.000000042,0.011747169,0.024908506,0.374674479,0.000000000,0,0,19,0,0,0,0,0,0,0,0,0,0,0,0,-1.000000000,-1.000000000,-1.000000000,-1.000000000,0,0,0,-1.000000000,none,0,0,0,-1,-1,0,-1.000000000,-1.000000000,0,0.000000000,0,0,0,0,-1,-1,-1,-1,0,-1.000000000,-1.000000000,0,-1.000000000,-1.000000000,-1.000000000,-1.000000000,-1.000000000,-1.000000000,0,1,0,0,0,1,0,0,446,0,0,0,0,0,0.625325501,1,0.625325521,0,446,20,913
20,1548339959.866430044,2,1,0,0.013602666,0.000000052,0.011059894,0.024662612,0.400885417,0.000000000,0,0,20,0,0,0,0,0,0,0,0,0,0,0,0,-1.000000000,-1.000000000,-1.000000000,-1.000000000,0,0,0,-1.000000000,none,0,0,0,-1,-1,0,-1.000000000,-1.000000000,0,0.000000000,0,0,0,0,-1,-1,-1,-1,0,-1.000000000,-1.000000000,0,-1.000000000,-1.000000000,-1.000000000,-1.000000000,-1.000000000,-1.000000000,0,1,0,0,0,1,0,0,435,0,0,0,0,0,0.599114597,1,0.599114583,0,435,20,910
21,1548339959.899950027,2,1,0,0.017634955,0.000000043,0.010755749,0.028390747,0.412845052,0.000000000,0,0,21,0,0,0,0,0,0,0,0,0,0,0,0,-1.000000000,-1.000000000,-1.000000000,-1.000000000,0,0,0,-1.000000000,none,0,0,0,-1,-1,0,-1.000000000,-1.000000000,0,0.000000000,0,0,0,0,-1,-1,-1,-1,0,-1.000000000,-1.000000000,0,-1.000000000,-1.000000000,-1.000000000,-1.000000000,-1.000000000,-1.000000000,0,1,0,0,0,1,0,0,428,0,0,0,0,0,0.587154925,1,0.587154948,0,428,20,810
22,1548339959.933480024,2,1,0,0.014346576,0.000000054,0.010714967,0.025061597,0.472574870,0.000000000,0,0,22,0,0,0,0,0,0,0,0,0,0,0,0,-1.000000000,-1.000000000,-1.000000000,-1.000000000,0,0,0,-1.000000000,none,0,0,0,-1,-1,0,-1.000000000,-1.000000000,0,0.000000000,0,0,0,0,-1,-1,-1,-1,0,-1.000000000,-1.000000000,0,-1.000000000,-1.000000000,-1.000000000,-1.000000000,-1.000000000,-1.000000000,0,1,0,0,0,1,0,0,385,0,0,0,0,0,0.527425110,1,0.527425130,0,385,20,816
23,1548339959.966989994,2,1,0,0.018695585,0.000000216,0.010354795,0.029050596,0.421220703,0.000000000,0,0,23,0,0,0,0,0,0,0,0,0,0,0,0,-1.000000000,-1.000000000,-1.000000000,-1.000000000,0,0,0,-1.000000000,none,0,0,0,-1,-1,0,-1.000000000,-1.000000000,0,0.000000000,0,0,0,0,-1,-1,-1,-1,0,-1.000000000,-1.000000000,0,-1.000000000,-1.000000000,-1.000000000,-1.000000000,-1.000000000,-1.000000000,0,1,0,0,0,1,0,0,378,0,0,0,0,0,0.578779280,1,0.578779297,0,378,20,789
24,1548339960.000509977,2,1,0,0.016990566,0.000000058,0.010210206,0.027200830,0.455097656,0.000000000,0,0,24,0,0,0,0,0,0,0,0,0,0,0,0,-1.000000000,-1.000000000,-1.000000000,-1.000000000,0,0,0,-1.000000000,none,0,0,0,-1,-1,0,-1.000000000,-1.000000000,0,0.000000000,0,0,0,0,-1,-1,-1,-1,0,-1.000000000,-1.000000000,0,-1.000000000,-1.000000000,-1.000000000,-1.000000000,-1.000000000,-1.000000000,0,1,0,0,0,1,0,0,371,0,0,0,0,0,0.544902325,1,0.544902344,0,371,20,788
25,1548339960.034039974,2,1,0,0.016038317,0.000000097,0.011408301,0.027446715,0.421507161,0.000000000,0,0,25,0,0,0,0,0,0,0,0,0,0,0,0,-1.000000000,-1.000000000,-1.000000000,-1.000000000,0,0,0,-1.000000000,none,0,0,0,-1,-1,0,-1.000000000,-1.000000000,0,0.000000000,0,0,0,0,-1,-1,-1,-1,0,-1.000000000,-1.000000000,0,-1.000000000,-1.000000000,-1.000000000,-1.000000000,-1.000000000,-1.000000000,0,1,0,0,0,1,0,0,375,0,0,0,0,0,0.578492820,1,0.578492839,0,375,20,773
26,1548339960.067559958,2,1,0,0.018044797,0.000000053,0.010935676,0.028980526,0.428828125,0.000000000,0,0,26,0,0,0,0,0,0,0,0,0,0,0,0,-1.000000000,-1.000000000,-1.000000000,-1.000000000,0,0,0,-1.000000000,none,0,0,0,-1,-1,0,-1.000000000,-1.000000000,0,0.000000000,0,0,0,0,-1,-1,-1,-1,0,-1.000000000,-1.000000000,0,-1.000000000,-1.000000000,-1.000000000,-1.000000000,-1.000000000,-1.000000000,0,1,0,0,0,1,0,0,371,0,0,0,0,0,0.571171880,1,0.571171875,0,371,20,807
27,1548339960.101079941,2,1,0,0.019749078,0.000000066,0.010705224,0.030454368,0.419306641,0.000000000,0,0,27,0,0,0,0,0,0,0,0,0,0,0,0,-1.000000000,-1.000000000,-1.000000000,-1.000000000,0,0,0,-1.000000000,none,0,0,0,-1,-1,0,-1.000000000,-1.000000000,0,0.000000000,0,0,0,0,-1,-1,-1,-1,0,-1.000000000,-1.000000000,0,-1.000000000,-1.000000000,-1.000000000,-1.000000000,-1.000000000,-1.000000000,0,1,0,0,0,1,0,0,359,0,0,0,0,0,0.580693364,1,0.580693359,0,359,20,787
28,1548339960.134599924,2,1,0,0.012719547,0.000000071,0.013350548,0.026070166,0.403551432,0.000000000,0,0,28,0,0,0,0,0,0,0,0,0,0,0,0,-1.000000000,-1.000000000,-1.000000000,-1.000000000,0,0,0,-1.000000000,none,0,0,0,-1,-1,0,-1.000000000,-1.000000000,0,0.000000000,0,0,0,0,-1,-1,-1,-1,0,-1.000000000,-1.000000000,0,-1.000000000,-1.000000000,-1.000000000,-1.000000000,-1.000000000,-1.000000000,0,1,0,0,0,1,0,0,365,0,0,0,0,0,0.596448541,1,0.596448568,0,365,20,799
29,1548339960.168119907,2,1,0,0.015166860,0.000000130,0.012436771,0.027603761,0.401093750,0.000000000,0,0,29,0,0,0,0,0,0,0,0,0,0,0,0,-1.000000000,-1.000000000,-1.000000000,-1.000000000,0,0,0,-1.000000000,none,0,0,0,-1,-1,0,-1.000000000,-1.000000000,0,0.000000000,0,0,0,0,-1,-1,-1,-1,0,-1.000000000,-1.000000000,0,-1.000000000,-1.000000000,-1.000000000,-1.000000000,-1.000000000,-1.000000000,0,1,0,0,0,1,0,0,349,0,0,0,0,0,0.598906279,1,0.598906250,0,349,20,818
30,1548339960.201679945,2,1,0,0.012475317,0.000000043,0.010630810,0.023106170,0.403717448,0.000000000,0,0,30,0,0,0,0,0,0,0,0,0,0,0,0,-1.000000000,-1.000000000,-1.000000000,-1.000000000,0,0,0,-1.000000000,none,0,0,0,-1,-1,0,-1.000000000,-1.000000000,0,0.000000000,0,0,0,0,-1,-1,-1,-1,0,-1.000000000,-1.000000000,0,-1.000000000,-1.000000000,-1.000000000,-1.000000000,-1.000000000,-1.000000000,0,1,0,0,0,1,0,0,384,0,0,0,0,0,0.596282542,1,0.596282552,0,384,20,843
31,1548339960.235260010,2,1,0,0.017707669,0.000000141,0.025284804,0.042992614,0.405556641,0.000000000,0,0,31,0,0,0,0,0,0,0,0,0,0,0,0,-1.000000000,-1.000000000,-1.000000000,-1.000000000,0,0,0,-1.000000000,none,0,0,0,-1,-1,0,-1.000000000,-1.000000000,0,0.000000000,0,0,0,0,-1,-1,-1,-1,0,-1.000000000,-1.000000000,0,-1.000000000,-1.000000000,-1.000000000,-1.000000000,-1.000000000,-1.000000000,0,1,0,0,0,1,0,0,413,0,0,0,0,0,0.594443381,1,0.594443359,0,413,20,824
32,1548339960.269020081,2,1,0,0.023456423,0.000000043,0.011868235,0.035324701,0.404475911,0.000000000,0,0,32,0,0,0,0,0,0,0,0,0,0,0,0,-1.000000000,-1.000000000,-1.000000000,-1.000000000,0,0,0,-1.000000000,none,0,0,0,-1,-1,0,-1.000000000,-1.000000000,0,0.000000000,0,0,0,0,-1,-1,-1,-1,0,-1.000000000,-1.000000000,0,-1.000000000,-1.000000000,-1.000000000,-1.000000000,-1.000000000,-1.000000000,0,1,0,0,0,1,0,0,382,0,0,0,0,0,0.595524073,1,0.595524089,0,382,20,846
33,1548339960.302680016,2,1,0,0.023337071,0.000000117,0.016545120,0.039882308,0.368854167,0.000000000,0,0,33,0,0,0,0,0,0,0,0,0,0,0,0,-1.000000000,-1.000000000,-1.000000000,-1.000000000,0,0,0,-1.000000000,none,0,0,0,-1,-1,0,-1.000000000,-1.000000000,0,0.000000000,0,0,0,0,-1,-1,-1,-1,0,-1.000000000,-1.000000000,0,-1.000000000,-1.000000000,-1.000000000,-1.000000000,-1.000000000,-1.000000000,0,1,0,0,0,1,0,0,369,0,0,0,0,0,0.631145835,1,0.631145833,0,369,20,872
34,1548339960.336260080,2,1,0,0.022627516,0.000000104,0.014419840,0.037047460,0.441217448,0.000000000,0,0,34,0,0,0,0,0,0,0,0,0,0,0,0,-1.000000000,-1.000000000,-1.000000000,-1.000000000,0,0,0,-1.000000000,none,0,0,0,-1,-1,0,-1.000000000,-1.000000000,0,0.000000000,0,0,0,0,-1,-1,-1,-1,0,-1.000000000,-1.000000000,0,-1.000000000,-1.000000000,-1.000000000,-1.000000000,-1.000000000,-1.000000000,0,1,0,0,0,1,0,0,371,0,0,0,0,0,0.558782578,1,0.558782552,0,371,20,842
35,1548339960.369790077,2,1,0,0.039838409,0.000000129,0.015179916,0.055018454,0.401461589,0.000000000,0,0,35,0,0,0,0,0,0,0,0,0,0,0,0,-1.000000000,-1.000000000,-1.000000000,-1.000000000,0,0,0,-1.000000000,none,0,0,0,-1,-1,0,-1.000000000,-1.000000000,0,0.000000000,0,0,0,0,-1,-1,-1,-1,0,-1.000000000,-1.000000000,0,-1.000000000,-1.000000000,-1.000000000,-1.000000000,-1.000000000,-1.000000000,0,1,0,0,0,1,0,0,325,0,0,0,0,0,0.598538399,1,0.598538411,0,325,20,869
36,1548339960.403300047,2,1,0,0.022936576,0.000000047,0.014719764,0.037656387,0.396865234,0.000000000,0,0,36,0,0,0,0,0,0,0,0,0,0,0,0,-1.000000000,-1.000000000,-1.000000000,-1.000000000,0,0,0,-1.000000000,none,0,0,0,-1,-1,0,-1.000000000,-1.000000000,0,0.000000000,0,0,0,0,-1,-1,-1,-1,0,-1.000000000,-1.000000000,0,-1.000000000,-1.000000000,-1.000000000,-1.000000000,-1.000000000,-1.000000000,0,1,0,0,0,1,0,0,372,0,0,0,0,0,0.603134751,1,0.603134766,0,372,20,868
37,1548339960.436820030,2,1,0,0.018389567,0.000000064,0.010837804,0.029227435,0.428942057,0.000000000,0,0,37,0,0,0,0,0,0,0,0,0,0,0,0,-1.000000000,-1.000000000,-1.000000000,-1.000000000,0,0,0,-1.000000000,none,0,0,0,-1,-1,0,-1.000000000,-1.000000000,0,0.000000000,0,0,0,0,-1,-1,-1,-1,0,-1.000000000,-1.000000000,0,-1.000000000,-1.000000000,-1.000000000,-1.000000000,-1.000000000,-1.000000000,0,1,0,0,0,1,0,0,346,0,0,0,0,0,0.571057916,1,0.571057943,0,346,20,848
38,1548339960.470350027,2,1,0,0.023622837,0.000000050,0.011306955,0.034929842,0.447109375,0.000000000,0,0,38,0,0,0,0,0,0,0,0,0,0,0,0,-1.000000000,-1.000000000,-1.000000000,-1.000000000,0,0,0,-1.000000000,none,0,0,0,-1,-1,0,-1.000000000,-1.000000000,0,0.000000000,0,0,0,0,-1,-1,-1,-1,0,-1.000000000,-1.000000000,0,-1.000000000,-1.000000000,-1.000000000,-1.000000000,-1.000000000,-1.000000000,0,1,0,0,0,1,0,0,296,0,0,0,0,0,0.552890599,1,0.552890625,0,296,20,878
39,1548339960.503900051,2,1,0,0.019910857,0.000000072,0.011016310,0.030927239,0.450123698,0.000000000,0,0,39,0,0,0,0,0,0,0,0,0,0,0,0,-1.000000000,-1.000000000,-1.000000000,-1.000000000,0,0,0,-1.000000000,none,0,0,0,-1,-1,0,-1.000000000,-1.000000000,0,0.000000000,0,0,0,0,-1,-1,-1,-1,0,-1.000000000,-1.000000000,0,-1.000000000,-1.000000000,-1.000000000,-1.000000000,-1.000000000,-1.000000000,0,1,0,0,0,1,0,0,313,0,0,0,0,0,0.549876273,1,0.549876302,0,313,20,838
40,1548339960.537460089,2,1,0,0.015971274,0.000000075,0.017593221,0.033564570,0.414599609,0.000000000,0,0,40,0,0,0,0,0,0,0,0,0,0,0,0,-1.000000000,-1.000000000,-1.000000000,-1.000000000,0,0,0,-1.000000000,none,0,0,0,-1,-1,0,-1.000000000,-1.000000000,0,0.000000000,0,0,0,0,-1,-1,-1,-1,0,-1.000000000,-1.000000000,0,-1.000000000,-1.000000000,-1.000000000,-1.000000000,-1.000000000,-1.000000000,0,1,0,0,0,1,0,0,345,0,0,0,0,0,0.585400403,1,0.585400391,0,345,20,895
41,1548339960.570980072,2,1,0,0.019022204,0.000000126,0.013444006,0.032466336,0.411503906,0.000000000,0,0,41,0,0,0,0,0,0,0,0,0,0,0,0,-1.000000000,-1.000000000,-1.000000000,-1.000000000,0,0,0,-1.000000000,none,0,0,0,-1,-1,0,-1.000000000,-1.000000000,0,0.000000000,0,0,0,0,-1,-1,-1,-1,0,-1.000000000,-1.000000000,0,-1.000000000,-1.000000000,-1.000000000,-1.000000000,-1.000000000,-1.000000000,0,1,0,0,0,1,0,0,330,0,0,0,0,0,0.588496089,1,0.588496094,0,330,20,880
42,1548339960.604500055,2,1,0,0.018237398,0.000000106,0.015648379,0.033885883,0.403193359,0.000000000,0,0,42,0,0,0,0,0,0,0,0,0,0,0,0,-1.000000000,-1.000000000,-1.000000000,-1.000000000,0,0,0,-1.000000000,none,0,0,0,-1,-1,0,-1.000000000,-1.000000000,0,0.000000000,0,0,0,0,-1,-1,-1,-1,0,-1.000000000,-1.000000000,0,-1.000000000,-1.000000000,-1.000000000,-1.000000000,-1.000000000,-1.000000000,0,1,0,0,0,1,0,0,310,0,0,0,0,0,0.596806645,1,0.596806641,0,310,20,864
43,1548339960.638159990,2,1,0,0.019327784,0.000000131,0.024763513,0.044091428,0.413369141,0.000000000,0,0,43,0,0,0,0,0,0,0,0,0,0,0,0,-1.000000000,-1.000000000,-1.000000000,-1.000000000,0,0,0,-1.000000000,none,0,0,0,-1,-1,0,-1.000000000,-1.000000000,0,0.000000000,0,0,0,0,-1,-1,-1,-1,0,-1.000000000,-1.000000000,0,-1.000000000,-1.000000000,-1.000000000,-1.000000000,-1.000000000,-1.000000000,0,1,0,0,0,1,0,0,355,0,0,0,0,0,0.586630881,1,0.586630859,0,355,20,869
44,1548339960.671730042,2,1,0,0.015837646,0.000000048,0.010382554,0.026220248,0.503125000,0.000000000,0,0,44,0,0,0,0,0,0,0,0,0,0,0,0,-1.000000000,-1.000000000,-1.000000000,-1.000000000,0,0,0,-1.000000000,none,0,0,0,-1,-1,0,-1.000000000,-1.000000000,0,0.000000000,0,0,0,0,-1,-1,-1,-1,0,-1.000000000,-1.000000000,0,-1.000000000,-1.000000000,-1.000000000,-1.000000000,-1.000000000,-1.000000000,0,1,0,0,0,1,0,0,340,0,0,0,0,0,0.496874988,1,0.496875000,0,340,20,796
45,1548339960.705240011,2,1,0,0.019240099,0.000000058,0.010682912,0.029923069,0.501673177,0.000000000,0,0,45,0,0,0,0,0,0,0,0,0,0,0,0,-1.000000000,-1.000000000,-1.000000000,-1.000000000,0,0,0,-1.000000000,none,0,0,0,-1,-1,0,-1.000000000,-1.000000000,0,0.000000000,0,0,0,0,-1,-1,-1,-1,0,-1.000000000,-1.000000000,0,-1.000000000,-1.000000000,-1.000000000,-1.000000000,-1.000000000,-1.000000000,0,1,0,0,0,1,0,0,294,0,0,0,0,0,0.498326808,1,0.498326823,0,294,20,795
46,1548339960.738759995,2,1,0,0.021793194,0.000000060,0.010234988,0.032028242,0.517275391,0.000000000,0,0,46,0,0,0,0,0,0,0,0,0,0,0,0,-1.000000000,-1.000000000,-1.000000000,-1.000000000,0,0,0,-1.000000000,none,0,0,0,-1,-1,0,-1.000000000,-1.000000000,0,0.000000000,0,0,0,0,-1,-1,-1,-1,0,-1.000000000,-1.000000000,0,-1.000000000,-1.000000000,-1.000000000,-1.000000000,-1.000000000,-1.000000000,0,1,0,0,0,1,0,0,282,0,0,0,0,0,0.482724607,1,0.482724609,0,282,20,811
47,1548339960.772279978,2,1,0,0.013910219,0.000000112,0.011051905,0.024962236,0.478258464,0.000000000,0,0,47,0,0,0,0,0,0,0,0,0,0,0,0,-1.000000000,-1.000000000,-1.000000000,-1.000000000,0,0,0,-1.000000000,none,0,0,0,-1,-1,0,-1.000000000,-1.000000000,0,0.000000000,0,0,0,0,-1,-1,-1,-1,0,-1.000000000,-1.000000000,0,-1.000000000,-1.000000000,-1.000000000,-1.000000000,-1.000000000,-1.000000000,0,1,0,0,0,1,0,0,261,0,0,0,0,0,0.521741509,1,0.521741536,0,261,20,810
48,1548339960.805819988,2,1,0,0.015484114,0.000000154,0.010524757,0.026009025,0.478020833,0.000000000,0,0,48,0,0,0,0,0,0,0,0,0,0,0,0,-1.000000000,-1.000000000,-1.000000000,-1.000000000,0,0,0,-1.000000000,none,0,0,0,-1,-1,0,-1.000000000,-1.000000000,0,0.000000000,0,0,0,0,-1,-1,-1,-1,0,-1.000000000,-1.000000000,0,-1.000000000,-1.000000000,-1.000000000,-1.000000000,-1.000000000,-1.000000000,0,1,0,0,0,1,0,0,272,0,0,0,0,0,0.521979153,1,0.521979167,0,272,20,839
49,1548339960.839339972,2,1,0,0.017912314,0.000000279,0.009910031,0.027822624,0.456891276,0.000000000,0,0,49,0,0,0,0,0,0,0,0,0,0,0,0,-1.000000000,-1.000000000,-1.000000000,-1.000000000,0,0,0,-1.000000000,none,0,0,0,-1,-1,0,-1.000000000,-1.000000000,0,0.000000000,0,0,0,0,-1,-1,-1,-1,0,-1.000000000,-1.000000000,0,-1.000000000,-1.000000000,-1.000000000,-1.000000000,-1.000000000,-1.000000000,0,1,0,0,0,1,0,0,279,0,0,0,0,0,0.543108702,1,0.543108724,0,279,20,764
50,1548339960.872819901,2,1,0,0.013438407,0.000000116,0.010732669,0.024171192,0.453115234,0.000000000,0,0,50,0,0,0,0,0,0,0,0,0,0,0,0,-1.000000000,-1.000000000,-1.000000000,-1.000000000,0,0,0,-1.000000000,none,0,0,0,-1,-1,0,-1.000000000,-1.000000000,0,0.000000000,0,0,0,0,-1,-1,-1,-1,0,-1.000000000,-1.000000000,0,-1.000000000,-1.000000000,-1.000000000,-1.000000000,-1.000000000,-1.000000000,0,1,0,0,0,1,0,0,261,0,0,0,0,0,0.546884775,1,0.546884766,0,261,20,761
51,1548339960.906339884,2,1,0,0.016571670,0.000000071,0.011773649,0.028345390,0.526080729,0.000000000,0,0,51,0,0,0,0,0,0,0,0,0,0,0,0,-1.000000000,-1.000000000,-1.000000000,-1.000000000,0,0,0,-1.000000000,none,0,0,0,-1,-1,0,-1.000000000,-1.000000000,0,0.000000000,0,0,0,0,-1,-1,-1,-1,0,-1.000000000,-1.000000000,0,-1.000000000,-1.000000000,-1.000000000,-1.000000000,-1.000000000,-1.000000000,0,1,0,0,0,1,0,0,249,0,0,0,0,0,0.473919272,1,0.473919271,0,249,20,667
52,1548339960.939860106,2,1,0,0.019845595,0.000000060,0.010151173,0.029996828,0.506067708,0.000000000,0,0,52,0,0,0,0,0,0,0,0,0,0,0,0,-1.000000000,-1.000000000,-1.000000000,-1.000000000,0,0,0,-1.000000000,none,0,0,0,-1,-1,0,-1.000000000,-1.000000000,0,0.000000000,0,0,0,0,-1,-1,-1,-1,0,-1.000000000,-1.000000000,0,-1.000000000,-1.000000000,-1.000000000,-1.000000000,-1.000000000,-1.000000000,0,1,0,0,0,1,0,0,212,0,0,0,0,0,0.493932277,1,0.493932292,0,212,20,643
53,1548339960.973170042,2,1,0,0.027208205,0.000000094,0.048027610,0.075235909,0.548336589,0.000000000,0,0,53,0,0,0,0,0,0,0,0,0,0,0,0,-1.000000000,-1.000000000,-1.000000000,-1.000000000,0,0,0,-1.000000000,none,0,0,0,-1,-1,0,-1.000000000,-1.000000000,0,0.000000000,0,0,0,0,-1,-1,-1,-1,0,-1.000000000,-1.000000000,0,-1.000000000,-1.000000000,-1.000000000,-1.000000000,-1.000000000,-1.000000000,0,1,0,0,0,1,0,0,193,0,0,0,0,0,0.451663405,1,0.451663411,0,193,20,567
54,1548339961.006680012,2,1,0,0.019873772,0.000000143,0.009274157,0.029148072,0.512128906,0.000000000,0,0,54,0,0,0,0,0,0,0,0,0,0,0,0,-1.000000000,-1.000000000,-1.000000000,-1.000000000,0,0,0,-1.000000000,none,0,0,0,-1,-1,0,-1.000000000,-1.000000000,0,0.000000000,0,0,0,0,-1,-1,-1,-1,0,-1.000000000,-1.000000000,0,-1.000000000,-1.000000000,-1.000000000,-1.000000000,-1.000000000,-1.000000000,0,1,0,0,0,1,0,0,173,0,0,0,0,0,0.487871081,1,0.487871094,0,173,20,705
55,1548339961.040040016,2,1,0,0.021024778,0.000000051,0.010149141,0.031173970,0.448284505,0.000000000,0,0,55,0,0,0,0,0,0,0,0,0,0,0,0,-1.000000000,-1.000000000,-1.000000000,-1.000000000,0,0,0,-1.000000000,none,0,0,0,-1,-1,0,-1.000000000,-1.000000000,0,0.000000000,0,0,0,0,-1,-1,-1,-1,0,-1.000000000,-1.000000000,0,-1.000000000,-1.000000000,-1.000000000,-1.000000000,-1.000000000,-1.000000000,0,1,0,0,0,1,0,0,207,0,0,0,0,0,0.551715493,1,0.551715495,0,207,20,718
56,1548339961.073430061,2,1,0,0.050510753,0.000000062,0.009483417,0.059994232,0.449840495,0.000000000,0,0,56,0,0,0,0,0,0,0,0,0,0,0,0,-1.000000000,-1.000000000,-1.000000000,-1.000000000,0,0,0,-1.000000000,none,0,0,0,-1,-1,0,-1.000000000,-1.000000000,0,0.000000000,0,0,0,0,-1,-1,-1,-1,0,-1.000000000,-1.000000000,0,-1.000000000,-1.000000000,-1.000000000,-1.000000000,-1.000000000,-1.000000000,0,1,0,0,0,1,0,0,217,0,0,0,0,0,0.550159514,1,0.550159505,0,217,20,712
57,1548339961.106930017,2,1,0,0.021072766,0.000000043,0.009213681,0.030286490,0.436406250,0.000000000,0,0,57,0,0,0,0,0,0,0,0,0,0,0,0,-1.000000000,-1.000000000,-1.000000000,-1.000000000,0,0,0,-1.000000000,none,0,0,0,-1,-1,0,-1.000000000,-1.000000000,0,0.000000000,0,0,0,0,-1,-1,-1,-1,0,-1.000000000,-1.000000000,0,-1.000000000,-1.000000000,-1.000000000,-1.000000000,-1.000000000,-1.000000000,0,1,0,0,0,1,0,0,210,0,0,0,0,0,0.563593745,1,0.563593750,0,210,20,720
58,1548339961.140439987,2,1,0,0.029889072,0.000000116,0.009873327,0.039762515,0.437893880,0.000000000,0,0,58,0,0,0,0,0,0,0,0,0,0,0,0,-1.000000000,-1.000000000,-1.000000000,-1.000000000,0,0,0,-1.000000000,none,0,0,0,-1,-1,0,-1.000000000,-1.000000000,0,0.000000000,0,0,0,0,-1,-1,-1,-1,0,-1.000000000,-1.000000000,0,-1.000000000,-1.000000000,-1.000000000,-1.000000000,-1.000000000,-1.000000000,0,1,1,6499,0,1,6431,0,178,0,6384,6384,0,0,0.562106133,1,0.562106120,0,178,20,694
59,1548339961.173939943,2,1,0,0.023966548,0.000000180,0.011257277,0.035224005,0.439342448,0.000000000,0,0,59,0,0,0,0,0,0,0,0,0,0,0,0,-1.000000000,-1.000000000,-1.000000000,-1.000000000,0,0,0,-1.000000000,none,0,0,0,-1,-1,0,-1.000000000,-1.000000000,0,0.000000000,0,0,0,0,-1,-1,-1,-1,0,-1.000000000,-1.000000000,0,-1.000000000,-1.000000000,-1.000000000,-1.000000000,-1.000000000,-1.000000000,0,1,1,7399,0,1,5644,0,181,0,7318,7318,0,0,0.560657561,1,0.560657552,0,181,20,680
60,1548339961.207459927,2,1,0,0.025654782,0.000000113,0.009670091,0.035324986,0.438486328,0.000000000,0,0,60,0,0,0,0,0,0,0,0,0,0,0,0,-1.000000000,-1.000000000,-1.000000000,-1.000000000,0,0,0,-1.000000000,none,0,0,0,-1,-1,0,-1.000000000,-1.000000000,0,0.000000000,0,0,0,0,-1,-1,-1,-1,0,-1.000000000,-1.000000000,0,-1.000000000,-1.000000000,-1.000000000,-1.000000000,-1.000000000,-1.000000000,0,1,1,6740,0,1,5759,0,165,0,6645,6645,0,0,0.561513662,1,0.561513672,0,165,20,627
61,1548339961.240979910,2,1,0,0.022770179,0.000000130,0.016274968,0.039045277,0.402164714,0.000000000,0,0,61,0,0,0,0,0,0,0,0,0,0,0,0,-1.000000000,-1.000000000,-1.000000000,-1.000000000,0,0,0,-1.000000000,none,0,0,0,-1,-1,0,-1.000000000,-1.000000000,0,0.000000000,0,0,0,0,-1,-1,-1,-1,0,-1.000000000,-1.000000000,0,-1.000000000,-1.000000000,-1.000000000,-1.000000000,-1.000000000,-1.000000000,0,1,1,5856,0,1,3928,1,148,5,5757,0,5757,0,0.597835302,1,0.579095052,1,148,13,1933
62,1548339961.274490118,2,1,0,0.029079211,0.000000082,0.017459956,0.046539249,0.398232422,0.000000000,0,0,62,0,0,0,0,0,0,0,0,0,0,0,0,-1.000000000,-1.000000000,-1.000000000,-1.000000000,0,0,0,-1.000000000,none,0,0,0,-1,-1,0,-1.000000000,-1.000000000,0,0.000000000,0,0,0,0,-1,-1,-1,-1,0,-1.000000000,-1.000000000,0,-1.000000000,-1.000000000,-1.000000000,-1.000000000,-1.000000000,-1.000000000,0,1,1,5281,0,1,4021,1,188,4,5219,0,5219,0,0.601767600,1,0.584778646,1,188,13,1945
63,1548339961.308010101,2,1,0,0.028999340,0.000000069,0.015461495,0.044460904,0.404026693,0.000000000,0,0,63,0,0,0,0,0,0,0,0,0,0,0,0,-1.000000000,-1.000000000,-1.000000000,-1.000000000,0,0,0,-1.000000000,none,0,0,0,-1,-1,0,-1.000000000,-1.000000000,0,0.000000000,0,0,0,0,-1,-1,-1,-1,0,-1.000000000,-1.000000000,0,-1.000000000,-1.000000000,-1.000000000,-1.000000000,-1.000000000,-1.000000000,0,1,1,5139,0,1,4915,1,346,3,5086,0,5086,0,0.595973313,1,0.579417318,1,346,13,1941
64,1548339961.341520071,2,1,0,0.025570973,0.000000065,0.014191382,0.039762420,0.420009766,0.000000000,0,0,64,0,0,0,0,0,0,0,0,0,0,0,0,-1.000000000,-1.000000000,-1.000000000,-1.000000000,0,0,0,-1.000000000,none,0,0,0,-1,-1,0,-1.000000000,-1.000000000,0,0.000000000,0,0,0,0,-1,-1,-1,-1,0,-1.000000000,-1.000000000,0,-1.000000000,-1.000000000,-1.000000000,-1.000000000,-1.000000000,-1.000000000,0,1,1,2681,0,1,8944,1,309,2,2648,0,2648,0,0.579990208,1,0.571370443,1,309,12,1937
65,1548339961.375040054,2,1,0,0.028369346,0.000000204,0.014146856,0.042516406,0.455244141,0.000000000,0,0,65,0,0,0,0,0,0,0,0,0,0,0,0,-1.000000000,-1.000000000,-1.000000000,-1.000000000,0,0,0,-1.000000000,none,0,0,0,-1,-1,0,-1.000000000,-1.000000000,0,0.000000000,0,0,0,0,-1,-1,-1,-1,0,-1.000000000,-1.000000000,0,-1.000000000,-1.000000000,-1.000000000,-1.000000000,-1.000000000,-1.000000000,0,1,1,5067,0,1,8712,1,276,1,4996,0,4996,0,0.544755876,1,0.528489583,1,276,12,1921
66,1548339961.408540010,2,1,0,0.026600446,0.000000125,0.009955615,0.036556186,0.528795573,0.000000000,0,0,66,0,0,0,0,0,0,0,0,0,0,0,0,-1.000000000,-1.000000000,-1.000000000,-1.000000000,0,0,0,-1.000000000,none,0,0,0,-1,-1,0,-1.000000000,-1.000000000,0,0.000000000,0,0,0,0,-1,-1,-1,-1,0,-1.000000000,-1.000000000,0,-1.000000000,-1.000000000,-1.000000000,-1.000000000,-1.000000000,-1.000000000,0,1,1,5641,0,1,11629,0,247,0,5558,5558,0,0,0.471204430,1,0.471204427,0,247,20,675
67,1548339961.441979885,2,1,0,0.031765128,0.000000123,0.014926616,0.046691867,0.457783203,0.000000000,0,0,67,0,0,0,0,0,0,0,0,0,0,0,0,-1.000000000,-1.000000000,-1.000000000,-1.000000000,0,0,0,-1.000000000,none,0,0,0,-1,-1,0,-1.000000000,-1.000000000,0,0.000000000,0,0,0,0,-1,-1,-1,-1,0,-1.000000000,-1.000000000,0,-1.000000000,-1.000000000,-1.000000000,-1.000000000,-1.000000000,-1.000000000,0,1,1,5945,0,1,10988,1,136,5,5838,0,5838,0,0.542216778,1,0.523209635,1,136,12,1894
68,1548339961.474800110,2,1,0,0.025341294,0.000000146,0.015605595,0.040947035,0.496464844,0.000000000,0,0,68,0,0,0,0,0,0,0,0,0,0,0,0,-1.000000000,-1.000000000,-1.000000000,-1.000000000,0,0,0,-1.000000000,none,0,0,0,-1,-1,0,-1.000000000,-1.000000000,0,0.000000000,0,0,0,0,-1,-1,-1,-1,0,-1.000000000,-1.000000000,0,-1.000000000,-1.000000000,-1.000000000,-1.000000000,-1.000000000,-1.000000000,0,1,1,6656,0,1,12387,1,218,4,6588,0,6588,0,0.503535151,1,0.482089844,1,218,11,1887
69,1548339961.508300066,2,1,0,0.029077142,0.000000161,0.017229125,0.046306428,0.501878255,0.000000000,0,0,69,0,0,0,0,0,0,0,0,0,0,0,0,-1.000000000,-1.000000000,-1.000000000,-1.000000000,0,0,0,-1.000000000,none,0,0,0,-1,-1,0,-1.000000000,-1.000000000,0,0.000000000,0,0,0,0,-1,-1,-1,-1,0,-1.000000000,-1.000000000,0,-1.000000000,-1.000000000,-1.000000000,-1.000000000,-1.000000000,-1.000000000,0,1,1,6762,0,1,11280,1,214,3,6689,0,6689,0,0.498121738,1,0.476344401,1,214,11,1903
70,1548339961.541820049,2,1,0,0.030938904,0.000000137,0.016200264,0.047139305,0.485348307,0.000000000,0,0,70,0,0,0,0,0,0,0,0,0,0,0,0,-1.000000000,-1.000000000,-1.000000000,-1.000000000,0,0,0,-1.000000000,none,0,0,0,-1,-1,0,-1.000000000,-1.000000000,0,0.000000000,0,0,0,0,-1,-1,-1,-1,0,-1.000000000,-1.000000000,0,-1.000000000,-1.000000000,-1.000000000,-1.000000000,-1.000000000,-1.000000000,0,1,1,6742,0,1,14122,1,214,2,6627,0,6627,0,0.514651716,1,0.493079427,1,214,11,1918
71,1548339961.575330019,2,1,0,0.030024604,0.000000158,0.013620644,0.043645406,0.485299479,0.000000000,0,0,71,0,0,0,0,0,0,0,0,0,0,0,0,-1.000000000,-1.000000000,-1.000000000,-1.000000000,0,0,0,-1.000000000,none,0,0,0,-1,-1,0,-1.000000000,-1.000000000,0,0.000000000,0,0,0,0,-1,-1,-1,-1,0,-1.000000000,-1.000000000,0,-1.000000000,-1.000000000,-1.000000000,-1.000000000,-1.000000000,-1.000000000,0,1,1,8486,0,1,12063,1,207,1,8409,0,8409,0,0.514700532,1,0.487324219,1,207,11,1914
72,1548339961.608850002,2,1,0,0.025348205,0.000000058,0.008968360,0.034316623,0.471542969,0.000000000,0,0,72,0,0,0,0,0,0,0,0,0,0,0,0,-1.000000000,-1.000000000,-1.000000000,-1.000000000,0,0,0,-1.000000000,none,0,0,0,-1,-1,0,-1.000000000,-1.000000000,0,0.000000000,0,0,0,0,-1,-1,-1,-1,0,-1.000000000,-1.000000000,0,-1.000000000,-1.000000000,-1.000000000,-1.000000000,-1.000000000,-1.000000000,0,1,1,11786,0,1,6786,0,203,0,11708,11708,0,0,0.528457046,1,0.528457031,0,203,20,671
73,1548339961.642369986,2,1,0,0.033671203,0.000000115,0.014691712,0.048363030,0.418642578,0.000000000,0,0,73,0,0,0,0,0,0,0,0,0,0,0,0,-1.000000000,-1.000000000,-1.000000000,-1.000000000,0,0,0,-1.000000000,none,0,0,0,-1,-1,0,-1.000000000,-1.000000000,0,0.000000000,0,0,0,0,-1,-1,-1,-1,0,-1.000000000,-1.000000000,0,-1.000000000,-1.000000000,-1.000000000,-1.000000000,-1.000000000,-1.000000000,0,1,1,11497,0,1,8781,1,120,5,11414,0,11414,0,0.581357419,1,0.544199219,1,120,12,1915
74,1548339961.676120043,2,1,0,0.030210847,0.000000130,0.013912259,0.044123236,0.417792969,0.000000000,0,0,74,0,0,0,0,0,0,0,0,0,0,0,0,-1.000000000,-1.000000000,-1.000000000,-1.000000000,0,0,0,-1.000000000,none,0,0,0,-1,-1,0,-1.000000000,-1.000000000,0,0.000000000,0,0,0,0,-1,-1,-1,-1,0,-1.000000000,-1.000000000,0,-1.000000000,-1.000000000,-1.000000000,-1.000000000,-1.000000000,-1.000000000,0,1,1,11301,0,1,8046,1,218,4,11179,0,11179,0,0.582207024,1,0.545813802,1,218,12,1913
75,1548339961.709650040,2,1,0,0.028297168,0.000000143,0.015017250,0.043314561,0.401888021,0.000000000,0,0,75,0,0,0,0,0,0,0,0,0,0,0,0,-1.000000000,-1.000000000,-1.000000000,-1.000000000,0,0,0,-1.000000000,none,0,0,0,-1,-1,0,-1.000000000,-1.000000000,0,0.000000000,0,0,0,0,-1,-1,-1,-1,0,-1.000000000,-1.000000000,0,-1.000000000,-1.000000000,-1.000000000,-1.000000000,-1.000000000,-1.000000000,0,1,1,12383,0,1,4952,1,210,3,12293,0,12293,0,0.598111987,1,0.558092448,1,210,13,1918
76,1548339961.743160009,2,1,0,0.035327743,0.000000148,0.013737801,0.049065692,0.402994792,0.000000000,0,0,76,0,0,0,0,0,0,0,0,0,0,0,0,-1.000000000,-1.000000000,-1.000000000,-1.000000000,0,0,0,-1.000000000,none,0,0,0,-1,-1,0,-1.000000000,-1.000000000,0,0.000000000,0,0,0,0,-1,-1,-1,-1,0,-1.000000000,-1.000000000,0,-1.000000000,-1.000000000,-1.000000000,-1.000000000,-1.000000000,-1.000000000,0,1,1,12148,0,1,5962,1,209,2,12062,0,12062,0,0.597005188,1,0.557737630,1,209,13,1912
77,1548339961.776659966,2,1,0,0.030051587,0.000000060,0.014241506,0.044293153,0.414550781,0.000000000,0,0,77,0,0,0,0,0,0,0,0,0,0,0,0,-1.000000000,-1.000000000,-1.000000000,-1.000000000,0,0,0,-1.000000000,none,0,0,0,-1,-1,0,-1.000000000,-1.000000000,0,0.000000000,0,0,0,0,-1,-1,-1,-1,0,-1.000000000,-1.000000000,0,-1.000000000,-1.000000000,-1.000000000,-1.000000000,-1.000000000,-1.000000000,0,1,1,12052,0,1,8107,1,198,1,11974,0,11974,0,0.585449219,1,0.546461589,1,198,13,1928
78,1548339961.810139894,2,1,0,0.026452389,0.000000073,0.009627535,0.036079997,0.425680339,0.000000000,0,0,78,0,0,0,0,0,0,0,0,0,0,0,0,-1.000000000,-1.000000000,-1.000000000,-1.000000000,0,0,0,-1.000000000,none,0,0,0,-1,-1,0,-1.000000000,-1.000000000,0,0.000000000,0,0,0,0,-1,-1,-1,-1,0,-1.000000000,-1.000000000,0,-1.000000000,-1.000000000,-1.000000000,-1.000000000,-1.000000000,-1.000000000,0,1,1,11793,0,1,5191,0,193,0,11729,11729,0,0,0.574319661,1,0.574319661,0,193,20,704
79,1548339961.843660116,2,1,0,0.044111571,0.000000246,0.015543925,0.059655742,0.380595703,0.000000000,0,0,79,0,0,0,0,0,0,0,0,0,0,0,0,-1.000000000,-1.000000000,-1.000000000,-1.000000000,0,0,0,-1.000000000,none,0,0,0,-1,-1,0,-1.000000000,-1.000000000,0,0.000000000,0,0,0,0,-1,-1,-1,-1,0,-1.000000000,-1.000000000,0,-1.000000000,-1.000000000,-1.000000000,-1.000000000,-1.000000000,-1.000000000,0,1,1,12731,0,1,4804,1,147,5,12657,0,12657,0,0.619404316,1,0.578199870,1,147,13,1940
80,1548339961.877209902,2,1,0,0.031688068,0.000000064,0.013974440,0.045662572,0.382711589,0.000000000,0,0,80,0,0,0,0,0,0,0,0,0,0,0,0,-1.000000000,-1.000000000,-1.000000000,-1.000000000,0,0,0,-1.000000000,none,0,0,0,-1,-1,0,-1.000000000,-1.000000000,0,0.000000000,0,0,0,0,-1,-1,-1,-1,0,-1.000000000,-1.000000000,0,-1.000000000,-1.000000000,-1.000000000,-1.000000000,-1.000000000,-1.000000000,0,1,1,12546,0,1,6426,1,230,4,12493,0,12493,0,0.617288411,1,0.576617839,1,230,13,1958
81,1548339961.910739899,2,1,0,0.027688977,0.000000052,0.014890375,0.042579404,0.364850260,0.000000000,0,0,81,0,0,0,0,0,0,0,0,0,0,0,0,-1.000000000,-1.000000000,-1.000000000,-1.000000000,0,0,0,-1.000000000,none,0,0,0,-1,-1,0,-1.000000000,-1.000000000,0,0.000000000,0,0,0,0,-1,-1,-1,-1,0,-1.000000000,-1.000000000,0,-1.000000000,-1.000000000,-1.000000000,-1.000000000,-1.000000000,-1.000000000,0,1,1,15190,0,1,5732,1,224,3,15087,0,15087,0,0.635149717,1,0.586031901,1,224,13,1968
82,1548339961.944259882,2,1,0,0.031197917,0.000000062,0.014833212,0.046031191,0.349440104,0.000000000,0,0,82,0,0,0,0,0,0,0,0,0,0,0,0,-1.000000000,-1.000000000,-1.000000000,-1.000000000,0,0,0,-1.000000000,none,0,0,0,-1,-1,0,-1.000000000,-1.000000000,0,0.000000000,0,0,0,0,-1,-1,-1,-1,0,-1.000000000,-1.000000000,0,-1.000000000,-1.000000000,-1.000000000,-1.000000000,-1.000000000,-1.000000000,0,1,1,18085,0,1,8640,1,219,2,17911,0,17911,0,0.650559902,1,0.592249349,1,219,14,1925
83,1548339961.977780104,2,1,0,0.035464829,0.000000085,0.013438324,0.048903238,0.400384115,0.000000000,0,0,83,0,0,0,0,0,0,0,0,0,0,0,0,-1.000000000,-1.000000000,-1.000000000,-1.000000000,0,0,0,-1.000000000,none,0,0,0,-1,-1,0,-1.000000000,-1.000000000,0,0.000000000,0,0,0,0,-1,-1,-1,-1,0,-1.000000000,-1.000000000,0,-1.000000000,-1.000000000,-1.000000000,-1.000000000,-1.000000000,-1.000000000,0,1,1,10631,0,1,24581,1,209,1,10510,0,10510,0,0.599615872,1,0.565393880,1,209,13,1943
84,1548339962.011290073,2,1,0,0.033711056,0.000000135,0.011030034,0.044741225,0.408958333,0.000000000,0,0,84,0,0,0,0,0,0,0,0,0,0,0,0,-1.000000000,-1.000000000,-1.000000000,-1.000000000,0,0,0,-1.000000000,none,0,0,0,-1,-1,0,-1.000000000,-1.000000000,0,0.000000000,0,0,0,0,-1,-1,-1,-1,0,-1.000000000,-1.000000000,0,-1.000000000,-1.000000000,-1.000000000,-1.000000000,-1.000000000,-1.000000000,0,1,1,20772,0,1,13574,0,204,0,20655,20655,0,0,0.591041684,1,0.591041667,0,204,20,777
85,1548339962.044810057,2,1,0,0.030411075,0.000000173,0.014543298,0.044954546,0.333037109,0.000000000,0,0,85,0,0,0,0,0,0,0,0,0,0,0,0,-1.000000000,-1.000000000,-1.000000000,-1.000000000,0,0,0,-1.000000000,none,0,0,0,-1,-1,0,-1.000000000,-1.000000000,0,0.000000000,0,0,0,0,-1,-1,-1,-1,0,-1.000000000,-1.000000000,0,-1.000000000,-1.000000000,-1.000000000,-1.000000000,-1.000000000,-1.000000000,0,1,1,18335,0,1,13900,1,144,5,18216,0,18216,0,0.666962862,1,0.607646484,1,144,14,1943
86,1548339962.078310013,2,1,0,0.035468422,0.000000132,0.015063038,0.050531592,0.371861979,0.000000000,0,0,86,0,0,0,0,0,0,0,0,0,0,0,0,-1.000000000,-1.000000000,-1.000000000,-1.000000000,0,0,0,-1.000000000,none,0,0,0,-1,-1,0,-1.000000000,-1.000000000,0,0.000000000,0,0,0,0,-1,-1,-1,-1,0,-1.000000000,-1.000000000,0,-1.000000000,-1.000000000,-1.000000000,-1.000000000,-1.000000000,-1.000000000,0,1,1,9706,0,1,24990,1,212,4,9584,0,9584,0,0.628138006,1,0.596884766,1,212,13,1987
87,1548339962.111789942,2,1,0,0.036037844,0.000000144,0.013257075,0.049295063,0.327949219,0.000000000,0,0,87,0,0,0,0,0,0,0,0,0,0,0,0,-1.000000000,-1.000000000,-1.000000000,-1.000000000,0,0,0,-1.000000000,none,0,0,0,-1,-1,0,-1.000000000,-1.000000000,0,0.000000000,0,0,0,0,-1,-1,-1,-1,0,-1.000000000,-1.000000000,0,-1.000000000,-1.000000000,-1.000000000,-1.000000000,-1.000000000,-1.000000000,0,1,1,15971,0,1,17447,1,209,3,15808,0,15808,0,0.672050774,1,0.620579427,1,209,14,1960
88,1548339962.145299911,2,1,0,0.029238121,0.000000111,0.014142662,0.043380894,0.329729818,0.000000000,0,0,88,0,0,0,0,0,0,0,0,0,0,0,0,-1.000000000,-1.000000000,-1.000000000,-1.000000000,0,0,0,-1.000000000,none,0,0,0,-1,-1,0,-1.000000000,-1.000000000,0,0.000000000,0,0,0,0,-1,-1,-1,-1,0,-1.000000000,-1.000000000,0,-1.000000000,-1.000000000,-1.000000000,-1.000000000,-1.000000000,-1.000000000,0,1,1,10274,0,1,23563,1,203,2,10173,0,10173,0,0.670270205,1,0.637148438,1,203,14,1988
89,1548339962.178800106,2,1,0,0.035037298,0.000000311,0.013988300,0.049025909,0.330576172,0.000000000,0,0,89,0,0,0,0,0,0,0,0,0,0,0,0,-1.000000000,-1.000000000,-1.000000000,-1.000000000,0,0,0,-1.000000000,none,0,0,0,-1,-1,0,-1.000000000,-1.000000000,0,0.000000000,0,0,0,0,-1,-1,-1,-1,0,-1.000000000,-1.000000000,0,-1.000000000,-1.000000000,-1.000000000,-1.000000000,-1.000000000,-1.000000000,0,1,1,10510,0,1,23383,1,194,1,10415,0,10415,0,0.669423819,1,0.635507812,1,194,14,1986
90,1548339962.212320089,2,1,0,0.037372004,0.000000090,0.010825928,0.048198022,0.366497396,0.000000000,0,0,90,0,0,0,0,0,0,0,0,0,0,0,0,-1.000000000,-1.000000000,-1.000000000,-1.000000000,0,0,0,-1.000000000,none,0,0,0,-1,-1,0,-1.000000000,-1.000000000,0,0.000000000,0,0,0,0,-1,-1,-1,-1,0,-1.000000000,-1.000000000,0,-1.000000000,-1.000000000,-1.000000000,-1.000000000,-1.000000000,-1.000000000,0,1,1,11077,0,1,22605,0,188,0,10851,10851,0,0,0.633502603,1,0.633502604,0,188,20,918
91,1548339962.245850086,2,1,0,0.031303067,0.000000151,0.014497305,0.045800523,0.281767578,0.000000000,0,0,91,0,0,0,0,0,0,0,0,0,0,0,0,-1.000000000,-1.000000000,-1.000000000,-1.000000000,0,0,0,-1.000000000,none,0,0,0,-1,-1,0,-1.000000000,-1.000000000,0,0.000000000,0,0,0,0,-1,-1,-1,-1,0,-1.000000000,-1.000000000,0,-1.000000000,-1.000000000,-1.000000000,-1.000000000,-1.000000000,-1.000000000,0,1,1,14993,0,1,12550,1,140,5,14872,0,14872,0,0.718232393,1,0.669807943,1,140,15,1985
92,1548339962.279380083,2,1,0,0.034039334,0.000000259,0.013008712,0.047048305,0.376516927,0.000000000,0,0,92,0,0,0,0,0,0,0,0,0,0,0,0,-1.000000000,-1.000000000,-1.000000000,-1.000000000,0,0,0,-1.000000000,none,0,0,0,-1,-1,0,-1.000000000,-1.000000000,0,0.000000000,0,0,0,0,-1,-1,-1,-1,0,-1.000000000,-1.000000000,0,-1.000000000,-1.000000000,-1.000000000,-1.000000000,-1.000000000,-1.000000000,0,1,1,10455,0,1,29535,1,211,4,10259,0,10259,0,0.623483062,1,0.590032552,1,211,13,1991
93,1548339962.313060045,2,1,0,0.024776168,0.000000110,0.016603614,0.041379892,0.345279948,0.000000000,0,0,93,0,0,0,0,0,0,0,0,0,0,0,0,-1.000000000,-1.000000000,-1.000000000,-1.000000000,0,0,0,-1.000000000,none,0,0,0,-1,-1,0,-1.000000000,-1.000000000,0,0.000000000,0,0,0,0,-1,-1,-1,-1,0,-1.000000000,-1.000000000,0,-1.000000000,-1.000000000,-1.000000000,-1.000000000,-1.000000000,-1.000000000,0,1,1,13477,0,1,26036,1,200,3,13257,0,13257,0,0.654720068,1,0.611422526,1,200,14,1990
94,1548339962.346410036,2,1,0,0.026022012,0.000000056,0.013314881,0.039336949,0.332968750,0.000000000,0,0,94,0,0,0,0,0,0,0,0,0,0,0,0,-1.000000000,-1.000000000,-1.000000000,-1.000000000,0,0,0,-1.000000000,none,0,0,0,-1,-1,0,-1.000000000,-1.000000000,0,0.000000000,0,0,0,0,-1,-1,-1,-1,0,-1.000000000,-1.000000000,0,-1.000000000,-1.000000000,-1.000000000,-1.000000000,-1.000000000,-1.000000000,0,1,1,11952,0,1,24839,1,199,2,11782,0,11782,0,0.667031229,1,0.628649089,1,199,14,1997
95,1548339962.379889965,2,1,0,0.032349409,0.000000152,0.012911327,0.045260888,0.364134115,0.000000000,0,0,95,0,0,0,0,0,0,0,0,0,0,0,0,-1.000000000,-1.000000000,-1.000000000,-1.000000000,0,0,0,-1.000000000,none,0,0,0,-1,-1,0,-1.000000000,-1.000000000,0,0.000000000,0,0,0,0,-1,-1,-1,-1,0,-1.000000000,-1.000000000,0,-1.000000000,-1.000000000,-1.000000000,-1.000000000,-1.000000000,-1.000000000,0,1,1,12167,0,1,35378,1,176,1,11931,0,11931,0,0.635865867,1,0.597027995,1,176,13,2001
96,1548339962.413389921,2,1,0,0.029993891,0.000000170,0.010614509,0.040608570,0.383896484,0.000000000,0,0,96,0,0,0,0,0,0,0,0,0,0,0,0,-1.000000000,-1.000000000,-1.000000000,-1.000000000,0,0,0,-1.000000000,none,0,0,0,-1,-1,0,-1.000000000,-1.000000000,0,0.000000000,0,0,0,0,-1,-1,-1,-1,0,-1.000000000,-1.000000000,0,-1.000000000,-1.000000000,-1.000000000,-1.000000000,-1.000000000,-1.000000000,0,1,1,11329,0,1,30565,0,176,0,11184,11184,0,0,0.616103530,1,0.616103516,0,176,20,998
97,1548339962.446899891,2,1,0,0.032027877,0.000000163,0.009938771,0.041966811,0.401927083,0.000000000,0,0,97,0,0,0,0,0,0,0,0,0,0,0,0,-1.000000000,-1.000000000,-1.000000000,-1.000000000,0,0,0,-1.000000000,none,0,0,0,-1,-1,0,-1.000000000,-1.000000000,0,0.000000000,0,0,0,0,-1,-1,-1,-1,0,-1.000000000,-1.000000000,0,-1.000000000,-1.000000000,-1.000000000,-1.000000000,-1.000000000,-1.000000000,0,1,1,10992,0,1,31871,0,152,0,10780,10780,0,0,0.598072946,1,0.598072917,0,152,20,1039
98,1548339962.480469942,2,1,0,0.034242438,0.000000065,0.014055774,0.048298277,0.385826823,0.000000000,0,0,98,0,0,0,0,0,0,0,0,0,0,0,0,-1.000000000,-1.000000000,-1.000000000,-1.000000000,0,0,0,-1.000000000,none,0,0,0,-1,-1,0,-1.000000000,-1.000000000,0,0.000000000,0,0,0,0,-1,-1,-1,-1,0,-1.000000000,-1.000000000,0,-1.000000000,-1.000000000,-1.000000000,-1.000000000,-1.000000000,-1.000000000,0,1,1,9815,0,1,42051,1,131,5,9577,0,9577,0,0.614173174,1,0.582932943,1,131,13,2002
99,1548339962.514300108,2,1,0,0.036380644,0.000000056,0.014284434,0.050665134,0.348730469,0.000000000,0,0,99,0,0,0,0,0,0,0,0,0,0,0,0,-1.000000000,-1.000000000,-1.000000000,-1.000000000,0,0,0,-1.000000000,none,0,0,0,-1,-1,0,-1.000000000,-1.000000000,0,0.000000000,0,0,0,0,-1,-1,-1,-1,0,-1.000000000,-1.000000000,0,-1.000000000,-1.000000000,-1.000000000,-1.000000000,-1.000000000,-1.000000000,0,1,1,6001,0,1,8874,1,231,4,5936,0,5936,0,0.651269555,1,0.631946615,1,231,14,2002
100,1548339962.547820091,2,1,0,0.030177717,0.000000160,0.014125699,0.044303576,0.342031250,0.000000000,0,0,100,0,0,0,0,0,0,0,0,0,0,0,0,-1.000000000,-1.000000000,-1.000000000,-1.000000000,0,0,0,-1.000000000,none,0,0,0,-1,-1,0,-1.000000000,-1.000000000,0,0.000000000,0,0,0,0,-1,-1,-1,-1,0,-1.000000000,-1.000000000,0,-1.000000000,-1.000000000,-1.000000000,-1.000000000,-1.000000000,-1.000000000,0,1,1,5247,0,1,8344,1,205,3,5137,0,5137,0,0.657968760,1,0.641246745,1,205,14,2001
101,1548339962.581370115,2,1,0,0.033755588,0.000000176,0.013904307,0.047660071,0.363785807,0.000000000,0,0,101,0,0,0,0,0,0,0,0,0,0,0,0,-1.000000000,-1.000000000,-1.000000000,-1.000000000,0,0,0,-1.000000000,none,0,0,0,-1,-1,0,-1.000000000,-1.000000000,0,0.000000000,0,0,0,0,-1,-1,-1,-1,0,-1.000000000,-1.000000000,0,-1.000000000,-1.000000000,-1.000000000,-1.000000000,-1.000000000,-1.000000000,0,1,1,7376,0,1,11981,1,200,2,7283,0,7283,0,0.636214197,1,0.612500000,1,200,13,2007
102,1548339962.615000010,2,1,0,0.027200836,0.000000058,0.013381707,0.040582601,0.309322917,0.000000000,0,0,102,0,0,0,0,0,0,0,0,0,0,0,0,-1.000000000,-1.000000000,-1.000000000,-1.000000000,0,0,0,-1.000000000,none,0,0,0,-1,-1,0,-1.000000000,-1.000000000,0,0.000000000,0,0,0,0,-1,-1,-1,-1,0,-1.000000000,-1.000000000,0,-1.000000000,-1.000000000,-1.000000000,-1.000000000,-1.000000000,-1.000000000,0,1,1,9315,0,1,10109,1,199,1,9208,0,9208,0,0.690677106,1,0.660703125,1,199,14,2001
103,1548339962.648509979,2,1,0,0.033657842,0.000000048,0.010749767,0.044407657,0.380504557,0.000000000,0,0,103,0,0,0,0,0,0,0,0,0,0,0,0,-1.000000000,-1.000000000,-1.000000000,-1.000000000,0,0,0,-1.000000000,none,0,0,0,-1,-1,0,-1.000000000,-1.000000000,0,0.000000000,0,0,0,0,-1,-1,-1,-1,0,-1.000000000,-1.000000000,0,-1.000000000,-1.000000000,-1.000000000,-1.000000000,-1.000000000,-1.000000000,0,1,1,9883,0,1,13522,0,187,0,9585,9585,0,0,0.619495451,1,0.619495443,0,187,20,1114
104,1548339962.682029963,2,1,0,0.030911573,0.000000064,0.013371291,0.044282928,0.323447266,0.000000000,0,0,104,0,0,0,0,0,0,0,0,0,0,0,0,-1.000000000,-1.000000000,-1.000000000,-1.000000000,0,0,0,-1.000000000,none,0,0,0,-1,-1,0,-1.000000000,-1.000000000,0,0.000000000,0,0,0,0,-1,-1,-1,-1,0,-1.000000000,-1.000000000,0,-1.000000000,-1.000000000,-1.000000000,-1.000000000,-1.000000000,-1.000000000,0,1,1,11365,0,1,12573,1,143,5,11190,0,11190,0,0.676552713,1,0.640126953,1,143,14,2005
105,1548339962.715509892,2,1,0,0.031857831,0.000000080,0.013462054,0.045319965,0.302041016,0.000000000,0,0,105,0,0,0,0,0,0,0,0,0,0,0,0,-1.000000000,-1.000000000,-1.000000000,-1.000000000,0,0,0,-1.000000000,none,0,0,0,-1,-1,0,-1.000000000,-1.000000000,0,0.000000000,0,0,0,0,-1,-1,-1,-1,0,-1.000000000,-1.000000000,0,-1.000000000,-1.000000000,-1.000000000,-1.000000000,-1.000000000,-1.000000000,0,1,1,11086,0,1,13177,1,181,4,10913,0,10913,0,0.697959006,1,0.662425130,1,181,15,2002
106,1548339962.749020100,2,1,0,0.034852448,0.000000072,0.015425994,0.050278514,0.360367839,0.000000000,0,0,106,0,0,0,0,0,0,0,0,0,0,0,0,-1.000000000,-1.000000000,-1.000000000,-1.000000000,0,0,0,-1.000000000,none,0,0,0,-1,-1,0,-1.000000000,-1.000000000,0,0.000000000,0,0,0,0,-1,-1,-1,-1,0,-1.000000000,-1.000000000,0,-1.000000000,-1.000000000,-1.000000000,-1.000000000,-1.000000000,-1.000000000,0,1,1,8940,0,1,20267,1,165,3,8704,0,8704,0,0.639632165,1,0.611298828,1,165,14,2000
107,1548339962.782540083,2,1,0,0.029162404,0.000000253,0.014370687,0.043533344,0.386035156,0.000000000,0,0,107,0,0,0,0,0,0,0,0,0,0,0,0,-1.000000000,-1.000000000,-1.000000000,-1.000000000,0,0,0,-1.000000000,none,0,0,0,-1,-1,0,-1.000000000,-1.000000000,0,0.000000000,0,0,0,0,-1,-1,-1,-1,0,-1.000000000,-1.000000000,0,-1.000000000,-1.000000000,-1.000000000,-1.000000000,-1.000000000,-1.000000000,0,1,1,11109,0,1,29878,1,154,2,10931,0,10931,0,0.613964856,1,0.578378906,1,154,13,2001
108,1548339962.816020012,2,1,0,0.027204329,0.000000106,0.020504074,0.047708509,0.339788411,0.000000000,0,0,108,0,0,0,0,0,0,0,0,0,0,0,0,-1.000000000,-1.000000000,-1.000000000,-1.000000000,0,0,0,-1.000000000,none,0,0,0,-1,-1,0,-1.000000000,-1.000000000,0,0.000000000,0,0,0,0,-1,-1,-1,-1,0,-1.000000000,-1.000000000,0,-1.000000000,-1.000000000,-1.000000000,-1.000000000,-1.000000000,-1.000000000,0,1,1,10470,0,1,20693,1,155,1,10341,0,10341,0,0.660211563,1,0.626542969,1,155,14,2002
109,1548339962.849529982,2,1,0,0.024698586,0.000000139,0.009773413,0.034472138,0.411624349,0.000000000,0,0,109,0,0,0,0,0,0,0,0,0,0,0,0,-1.000000000,-1.000000000,-1.000000000,-1.000000000,0,0,0,-1.000000000,none,0,0,0,-1,-1,0,-1.000000000,-1.000000000,0,0.000000000,0,0,0,0,-1,-1,-1,-1,0,-1.000000000,-1.000000000,0,-1.000000000,-1.000000000,-1.000000000,-1.000000000,-1.000000000,-1.000000000,0,1,1,10309,0,1,24283,0,150,0,10146,10146,0,0,0.588375628,1,0.588375651,0,150,20,882
110,1548339962.883049965,2,1,0,0.036956214,0.000000249,0.013397155,0.050353618,0.373981120,0.000000000,0,0,110,0,0,0,0,0,0,0,0,0,0,0,0,-1.000000000,-1.000000000,-1.000000000,-1.000000000,0,0,0,-1.000000000,none,0,0,0,-1,-1,0,-1.000000000,-1.000000000,0,0.000000000,0,0,0,0,-1,-1,-1,-1,0,-1.000000000,-1.000000000,0,-1.000000000,-1.000000000,-1.000000000,-1.000000000,-1.000000000,-1.000000000,0,1,1,10582,0,1,23267,1,106,5,10487,0,10487,0,0.626018882,1,0.591826172,1,106,13,2001
111,1548339962.916559935,2,1,0,0.028738413,0.000000156,0.013484337,0.042222906,0.340312500,0.000000000,0,0,111,0,0,0,0,0,0,0,0,0,0,0,0,-1.000000000,-1.000000000,-1.000000000,-1.000000000,0,0,0,-1.000000000,none,0,0,0,-1,-1,0,-1.000000000,-1.000000000,0,0.000000000,0,0,0,0,-1,-1,-1,-1,0,-1.000000000,-1.000000000,0,-1.000000000,-1.000000000,-1.000000000,-1.000000000,-1.000000000,-1.000000000,0,1,1,13056,0,1,13825,1,209,4,12879,0,12879,0,0.659687519,1,0.617747396,1,209,14,2000
112,1548339962.950079918,2,1,0,0.025785873,0.000000074,0.013498913,0.039284860,0.320517578,0.000000000,0,0,112,0,0,0,0,0,0,0,0,0,0,0,0,-1.000000000,-1.000000000,-1.000000000,-1.000000000,0,0,0,-1.000000000,none,0,0,0,-1,-1,0,-1.000000000,-1.000000000,0,0.000000000,0,0,0,0,-1,-1,-1,-1,0,-1.000000000,-1.000000000,0,-1.000000000,-1.000000000,-1.000000000,-1.000000000,-1.000000000,-1.000000000,0,1,1,11391,0,1,12454,1,185,3,11169,0,11169,0,0.679482400,1,0.643111979,1,185,14,2002
113,1548339962.983520031,2,1,0,0.027990499,0.000000066,0.013982795,0.041973360,0.335690104,0.000000000,0,0,113,0,0,0,0,0,0,0,0,0,0,0,0,-1.000000000,-1.000000000,-1.000000000,-1.000000000,0,0,0,-1.000000000,none,0,0,0,-1,-1,0,-1.000000000,-1.000000000,0,0.000000000,0,0,0,0,-1,-1,-1,-1,0,-1.000000000,-1.000000000,0,-1.000000000,-1.000000000,-1.000000000,-1.000000000,-1.000000000,-1.000000000,0,1,1,12950,0,1,14282,1,181,2,12784,0,12784,0,0.664309919,1,0.622692057,1,181,14,2003
114,1548339963.017030001,2,1,0,0.028798129,0.000000148,0.014265322,0.043063599,0.338645833,0.000000000,0,0,114,0,0,0,0,0,0,0,0,0,0,0,0,-1.000000000,-1.000000000,-1.000000000,-1.000000000,0,0,0,-1.000000000,none,0,0,0,-1,-1,0,-1.000000000,-1.000000000,0,0.000000000,0,0,0,0,-1,-1,-1,-1,0,-1.000000000,-1.000000000,0,-1.000000000,-1.000000000,-1.000000000,-1.000000000,-1.000000000,-1.000000000,0,1,1,16189,0,1,12826,1,180,1,16022,0,16022,0,0.661354184,1,0.609166667,1,180,14,2003
115,1548339963.050509930,2,1,0,0.024895745,0.000000072,0.010646602,0.035542419,0.399160156,0.000000000,0,0,115,0,0,0,0,0,0,0,0,0,0,0,0,-1.000000000,-1.000000000,-1.000000000,-1.000000000,0,0,0,-1.000000000,none,0,0,0,-1,-1,0,-1.000000000,-1.000000000,0,0.000000000,0,0,0,0,-1,-1,-1,-1,0,-1.000000000,-1.000000000,0,-1.000000000,-1.000000000,-1.000000000,-1.000000000,-1.000000000,-1.000000000,0,1,1,15604,0,1,15631,0,184,0,15432,15432,0,0,0.600839853,1,0.600839844,0,184,20,812
116,1548339963.084019899,2,1,0,0.026940297,0.000000070,0.013462681,0.040403048,0.417845052,0.000000000,0,0,116,0,0,0,0,0,0,0,0,0,0,0,0,-1.000000000,-1.000000000,-1.000000000,-1.000000000,0,0,0,-1.000000000,none,0,0,0,-1,-1,0,-1.000000000,-1.000000000,0,0.000000000,0,0,0,0,-1,-1,-1,-1,0,-1.000000000,-1.000000000,0,-1.000000000,-1.000000000,-1.000000000,-1.000000000,-1.000000000,-1.000000000,0,1,1,16472,0,1,23893,1,134,5,16196,0,16196,0,0.582154930,1,0.529420573,1,134,12,1992
117,1548339963.117539883,2,1,0,0.034979809,0.000000139,0.013579555,0.048559503,0.387740885,0.000000000,0,0,117,0,0,0,0,0,0,0,0,0,0,0,0,-1.000000000,-1.000000000,-1.000000000,-1.000000000,0,0,0,-1.000000000,none,0,0,0,-1,-1,0,-1.000000000,-1.000000000,0,0.000000000,0,0,0,0,-1,-1,-1,-1,0,-1.000000000,-1.000000000,0,-1.000000000,-1.000000000,-1.000000000,-1.000000000,-1.000000000,-1.000000000,0,1,1,21752,0,1,18351,1,160,4,21521,0,21521,0,0.612259090,1,0.542180990,1,160,13,1996
118,1548339963.151060104,2,1,0,0.029221661,0.000000316,0.015912153,0.045134130,0.512535807,0.000000000,0,0,118,0,0,0,0,0,0,0,0,0,0,0,0,-1.000000000,-1.000000000,-1.000000000,-1.000000000,0,0,0,-1.000000000,none,0,0,0,-1,-1,0,-1.000000000,-1.000000000,0,0.000000000,0,0,0,0,-1,-1,-1,-1,0,-1.000000000,-1.000000000,0,-1.000000000,-1.000000000,-1.000000000,-1.000000000,-1.000000000,-1.000000000,0,1,1,12903,0,1,36782,1,152,3,12633,0,12633,0,0.487464190,1,0.446292318,1,152,11,2005
119,1548339963.184570074,2,1,0,0.025924040,0.000000058,0.015159973,0.041084071,0.527526042,0.000000000,0,0,119,0,0,0,0,0,0,0,0,0,0,0,0,-1.000000000,-1.000000000,-1.000000000,-1.000000000,0,0,0,-1.000000000,none,0,0,0,-1,-1,0,-1.000000000,-1.000000000,0,0.000000000,0,0,0,0,-1,-1,-1,-1,0,-1.000000000,-1.000000000,0,-1.000000000,-1.000000000,-1.000000000,-1.000000000,-1.000000000,-1.000000000,0,1,1,12984,0,1,34875,1,162,2,12714,0,12714,0,0.472473949,1,0.430976562,1,162,11,1994
120,1548339963.218090057,2,1,0,0.038022981,0.000000062,0.015190506,0.053213549,0.506337891,0.000000000,0,0,120,0,0,0,0,0,0,0,0,0,0,0,0,-1.000000000,-1.000000000,-1.000000000,-1.000000000,0,0,0,-1.000000000,none,0,0,0,-1,-1,0,-1.000000000,-1.000000000,0,0.000000000,0,0,0,0,-1,-1,-1,-1,0,-1.000000000,-1.000000000,0,-1.000000000,-1.000000000,-1.000000000,-1.000000000,-1.000000000,-1.000000000,0,1,1,16591,0,1,33951,1,156,1,16336,0,16336,0,0.493662119,1,0.440449219,1,156,11,1998
121,1548339963.251600027,2,1,0,0.035204611,0.000000086,0.008558613,0.043763310,0.535052083,0.000000000,0,0,121,0,0,0,0,0,0,0,0,0,0,0,0,-1.000000000,-1.000000000,-1.000000000,-1.000000000,0,0,0,-1.000000000,none,0,0,0,-1,-1,0,-1.000000000,-1.000000000,0,0.000000000,0,0,0,0,-1,-1,-1,-1,0,-1.000000000,-1.000000000,0,-1.000000000,-1.000000000,-1.000000000,-1.000000000,-1.000000000,-1.000000000,0,1,1,18931,0,1,21118,0,155,0,18729,18729,0,0,0.464947909,1,0.464947917,0,155,20,701
122,1548339963.285120010,2,1,0,0.033905470,0.000000162,0.015480058,0.049385690,0.490498047,0.000000000,0,0,122,0,0,0,0,0,0,0,0,0,0,0,0,-1.000000000,-1.000000000,-1.000000000,-1.000000000,0,0,0,-1.000000000,none,0,0,0,-1,-1,0,-1.000000000,-1.000000000,0,0.000000000,0,0,0,0,-1,-1,-1,-1,0,-1.000000000,-1.000000000,0,-1.000000000,-1.000000000,-1.000000000,-1.000000000,-1.000000000,-1.000000000,0,1,1,16291,0,1,25690,1,93,5,16059,0,16059,0,0.509501934,1,0.457171224,1,93,11,1998
123,1548339963.319010019,2,1,0,0.045288871,0.000000079,0.015179577,0.060468527,0.475621745,0.000000000,0,0,123,0,0,0,0,0,0,0,0,0,0,0,0,-1.000000000,-1.000000000,-1.000000000,-1.000000000,0,0,0,-1.000000000,none,0,0,0,-1,-1,0,-1.000000000,-1.000000000,0,0.000000000,0,0,0,0,-1,-1,-1,-1,0,-1.000000000,-1.000000000,0,-1.000000000,-1.000000000,-1.000000000,-1.000000000,-1.000000000,-1.000000000,0,1,1,16738,0,1,23031,1,372,4,16457,0,16457,0,0.524378240,1,0.470758464,1,372,11,2001
124,1548339963.352530003,2,1,0,0.038327434,0.000000153,0.016426710,0.054754297,0.452584635,0.000000000,0,0,124,0,0,0,0,0,0,0,0,0,0,0,0,-1.000000000,-1.000000000,-1.000000000,-1.000000000,0,0,0,-1.000000000,none,0,0,0,-1,-1,0,-1.000000000,-1.000000000,0,0.000000000,0,0,0,0,-1,-1,-1,-1,0,-1.000000000,-1.000000000,0,-1.000000000,-1.000000000,-1.000000000,-1.000000000,-1.000000000,-1.000000000,0,1,1,18482,0,1,18077,1,367,3,18147,0,18147,0,0.547415376,1,0.488317057,1,367,12,2001
125,1548339963.386039972,2,1,0,0.029851335,0.000000281,0.018166530,0.048018146,0.492900391,0.000000000,0,0,125,0,0,0,0,0,0,0,0,0,0,0,0,-1.000000000,-1.000000000,-1.000000000,-1.000000000,0,0,0,-1.000000000,none,0,0,0,-1,-1,0,-1.000000000,-1.000000000,0,0.000000000,0,0,0,0,-1,-1,-1,-1,0,-1.000000000,-1.000000000,0,-1.000000000,-1.000000000,-1.000000000,-1.000000000,-1.000000000,-1.000000000,0,1,1,25022,0,1,27377,1,364,2,24732,0,24732,0,0.507099628,1,0.426510417,1,364,11,2004
126,1548339963.419689894,2,1,0,0.027747503,0.000000058,0.016130151,0.043877712,0.440107422,0.000000000,0,0,126,0,0,0,0,0,0,0,0,0,0,0,0,-1.000000000,-1.000000000,-1.000000000,-1.000000000,0,0,0,-1.000000000,none,0,0,0,-1,-1,0,-1.000000000,-1.000000000,0,0.000000000,0,0,0,0,-1,-1,-1,-1,0,-1.000000000,-1.000000000,0,-1.000000000,-1.000000000,-1.000000000,-1.000000000,-1.000000000,-1.000000000,0,1,1,23377,0,1,21420,1,354,1,23049,0,23049,0,0.559892595,1,0.484843750,1,354,12,2002
127,1548339963.453200102,2,1,0,0.025873922,0.000000131,0.010273619,0.036147672,0.501982422,0.000000000,0,0,127,0,0,0,0,0,0,0,0,0,0,0,0,-1.000000000,-1.000000000,-1.000000000,-1.000000000,0,0,0,-1.000000000,none,0,0,0,-1,-1,0,-1.000000000,-1.000000000,0,0.000000000,0,0,0,0,-1,-1,-1,-1,0,-1.000000000,-1.000000000,0,-1.000000000,-1.000000000,-1.000000000,-1.000000000,-1.000000000,-1.000000000,0,1,1,26052,0,1,15956,0,340,0,25792,25792,0,0,0.498017579,1,0.498017578,0,340,20,667
128,1548339963.486720085,2,1,0,0.030244563,0.000000052,0.015655196,0.045899811,0.547500000,0.000000000,0,0,128,0,0,0,0,0,0,0,0,0,0,0,0,-1.000000000,-1.000000000,-1.000000000,-1.000000000,0,0,0,-1.000000000,none,0,0,0,-1,-1,0,-1.000000000,-1.000000000,0,0.000000000,0,0,0,0,-1,-1,-1,-1,0,-1.000000000,-1.000000000,0,-1.000000000,-1.000000000,-1.000000000,-1.000000000,-1.000000000,-1.000000000,0,1,1,24821,0,1,24758,0,236,0,24435,24435,0,0,0.452499986,1,0.452500000,0,236,20,634
129,1548339963.520230055,2,1,0,0.029827928,0.000000323,0.015010076,0.044838327,0.691168620,0.000000000,0,0,129,0,0,0,0,0,0,0,0,0,0,0,0,-1.000000000,-1.000000000,-1.000000000,-1.000000000,0,0,0,-1.000000000,none,0,0,0,-1,-1,0,-1.000000000,-1.000000000,0,0.000000000,0,0,0,0,-1,-1,-1,-1,0,-1.000000000,-1.000000000,0,-1.000000000,-1.000000000,-1.000000000,-1.000000000,-1.000000000,-1.000000000,0,1,1,35446,0,1,33518,0,265,0,34876,34876,0,0,0.308831394,1,0.308831380,0,265,20,466
130,1548339963.553750038,2,1,0,0.030398240,0.000000051,0.009240916,0.039639207,0.711966146,0.000000000,0,0,130,0,0,0,0,0,0,0,0,0,0,0,0,-1.000000000,-1.000000000,-1.000000000,-1.000000000,0,0,0,-1.000000000,none,0,0,0,-1,-1,0,-1.000000000,-1.000000000,0,0.000000000,0,0,0,0,-1,-1,-1,-1,0,-1.000000000,-1.000000000,0,-1.000000000,-1.000000000,-1.000000000,-1.000000000,-1.000000000,-1.000000000,0,1,1,31088,0,1,37861,0,214,0,30486,30486,0,0,0.288033843,1,0.288033854,0,214,20,428
131,1548339963.587140083,2,1,0,0.031679694,0.000000133,0.011440405,0.043120232,0.728053385,0.000000000,0,0,131,0,0,0,0,0,0,0,0,0,0,0,0,-1.000000000,-1.000000000,-1.000000000,-1.000000000,0,0,0,-1.000000000,none,0,0,0,-1,-1,0,-1.000000000,-1.000000000,0,0.000000000,0,0,0,0,-1,-1,-1,-1,0,-1.000000000,-1.000000000,0,-1.000000000,-1.000000000,-1.000000000,-1.000000000,-1.000000000,-1.000000000,0,1,1,26571,0,1,38276,0,161,0,25915,25915,0,0,0.271946609,1,0.271946615,0,161,20,358
132,1548339963.620650053,2,1,0,0.032039051,0.000000056,0.008412762,0.040451869,0.748378906,0.000000000,0,0,132,0,0,0,0,0,0,0,0,0,0,0,0,-1.000000000,-1.000000000,-1.000000000,-1.000000000,0,0,0,-1.000000000,none,0,0,0,-1,-1,0,-1.000000000,-1.000000000,0,0.000000000,0,0,0,0,-1,-1,-1,-1,0,-1.000000000,-1.000000000,0,-1.000000000,-1.000000000,-1.000000000,-1.000000000,-1.000000000,-1.000000000,0,1,1,18036,0,1,47249,0,162,0,17353,17353,0,0,0.251621097,1,0.251621094,0,162,20,315
133,1548339963.654020071,2,1,0,0.031443843,0.000000128,0.020263523,0.051707494,0.725211589,0.000000000,0,0,133,0,0,0,0,0,0,0,0,0,0,0,0,-1.000000000,-1.000000000,-1.000000000,-1.000000000,0,0,0,-1.000000000,none,0,0,0,-1,-1,0,-1.000000000,-1.000000000,0,0.000000000,0,0,0,0,-1,-1,-1,-1,0,-1.000000000,-1.000000000,0,-1.000000000,-1.000000000,-1.000000000,-1.000000000,-1.000000000,-1.000000000,0,1,1,19407,0,1,40468,1,117,5,18917,0,18917,0,0.274788409,1,0.212923177,1,117,7,1821
134,1548339963.687540054,2,1,0,0.027152820,0.000000148,0.018719081,0.045872049,0.680559896,0.000000000,0,0,134,0,0,0,0,0,0,0,0,0,0,0,0,-1.000000000,-1.000000000,-1.000000000,-1.000000000,0,0,0,-1.000000000,none,0,0,0,-1,-1,0,-1.000000000,-1.000000000,0,0.000000000,0,0,0,0,-1,-1,-1,-1,0,-1.000000000,-1.000000000,0,-1.000000000,-1.000000000,-1.000000000,-1.000000000,-1.000000000,-1.000000000,0,1,1,24359,0,1,31944,1,213,4,23877,0,23877,0,0.319440097,1,0.241656901,1,213,8,1690
135,1548339963.720979929,2,1,0,0.030888813,0.000000100,0.013537428,0.044426341,0.675758464,0.000000000,0,0,135,0,0,0,0,0,0,0,0,0,0,0,0,-1.000000000,-1.000000000,-1.000000000,-1.000000000,0,0,0,-1.000000000,none,0,0,0,-1,-1,0,-1.000000000,-1.000000000,0,0.000000000,0,0,0,0,-1,-1,-1,-1,0,-1.000000000,-1.000000000,0,-1.000000000,-1.000000000,-1.000000000,-1.000000000,-1.000000000,-1.000000000,0,1,1,29534,0,1,30959,1,428,3,28927,0,28927,0,0.324241549,1,0.230058594,1,428,8,1303
136,1548339963.754230022,2,1,0,0.037474049,0.000000048,0.025958094,0.063432191,0.699293620,0.000000000,0,0,136,0,0,0,0,0,0,0,0,0,0,0,0,-1.000000000,-1.000000000,-1.000000000,-1.000000000,0,0,0,-1.000000000,none,0,0,0,-1,-1,0,-1.000000000,-1.000000000,0,0.000000000,0,0,0,0,-1,-1,-1,-1,0,-1.000000000,-1.000000000,0,-1.000000000,-1.000000000,-1.000000000,-1.000000000,-1.000000000,-1.000000000,0,1,1,23699,0,1,37876,1,232,2,23026,0,23026,0,0.300706387,1,0.225742187,1,232,7,1662
137,1548339963.787729979,2,1,0,0.032542773,0.000000065,0.020440416,0.052983254,0.647893880,0.000000000,0,0,137,0,0,0,0,0,0,0,0,0,0,0,0,-1.000000000,-1.000000000,-1.000000000,-1.000000000,0,0,0,-1.000000000,none,0,0,0,-1,-1,0,-1.000000000,-1.000000000,0,0.000000000,0,0,0,0,-1,-1,-1,-1,0,-1.000000000,-1.000000000,0,-1.000000000,-1.000000000,-1.000000000,-1.000000000,-1.000000000,-1.000000000,0,1,1,34133,0,1,23288,1,344,1,33470,0,33470,0,0.352106124,1,0.243125000,1,344,8,1758
138,1548339963.821130037,2,1,0,0.052302761,0.000000115,0.010907754,0.063210630,0.783365885,0.000000000,0,0,138,0,0,0,0,0,0,0,0,0,0,0,0,-1.000000000,-1.000000000,-1.000000000,-1.000000000,0,0,0,-1.000000000,none,0,0,0,-1,-1,0,-1.000000000,-1.000000000,0,0.000000000,0,0,0,0,-1,-1,-1,-1,0,-1.000000000,-1.000000000,0,-1.000000000,-1.000000000,-1.000000000,-1.000000000,-1.000000000,-1.000000000,0,1,1,26654,0,1,41599,0,358,0,25998,25998,0,0,0.216634110,1,0.216634115,0,358,20,292
139,1548339963.854640007,2,1,0,0.038686828,0.000000096,0.020104553,0.058791477,0.674619141,0.000000000,0,0,139,0,0,0,0,0,0,0,0,0,0,0,0,-1.000000000,-1.000000000,-1.000000000,-1.000000000,0,0,0,-1.000000000,none,0,0,0,-1,-1,0,-1.000000000,-1.000000000,0,0.000000000,0,0,0,0,-1,-1,-1,-1,0,-1.000000000,-1.000000000,0,-1.000000000,-1.000000000,-1.000000000,-1.000000000,-1.000000000,-1.000000000,0,1,1,28674,0,1,35827,1,117,5,28096,0,28096,0,0.325380862,1,0.233909505,1,117,8,1941
140,1548339963.887989998,2,1,0,0.025484650,0.000000158,0.019069945,0.044554753,0.643570964,0.000000000,0,0,140,0,0,0,0,0,0,0,0,0,0,0,0,-1.000000000,-1.000000000,-1.000000000,-1.000000000,0,0,0,-1.000000000,none,0,0,0,-1,-1,0,-1.000000000,-1.000000000,0,0.000000000,0,0,0,0,-1,-1,-1,-1,0,-1.000000000,-1.000000000,0,-1.000000000,-1.000000000,-1.000000000,-1.000000000,-1.000000000,-1.000000000,0,1,1,31254,0,1,24974,1,303,4,30776,0,30776,0,0.356429040,1,0.256204427,1,303,8,1892
141,1548339963.921479940,2,1,0,0.030848410,0.000000134,0.016392350,0.047240894,0.665670573,0.000000000,0,0,141,0,0,0,0,0,0,0,0,0,0,0,0,-1.000000000,-1.000000000,-1.000000000,-1.000000000,0,0,0,-1.000000000,none,0,0,0,-1,-1,0,-1.000000000,-1.000000000,0,0.000000000,0,0,0,0,-1,-1,-1,-1,0,-1.000000000,-1.000000000,0,-1.000000000,-1.000000000,-1.000000000,-1.000000000,-1.000000000,-1.000000000,0,1,1,22945,0,1,31261,1,319,3,22509,0,22509,0,0.334329426,1,0.261012370,1,319,8,1838
142,1548339963.954989910,2,1,0,0.032867026,0.000000392,0.020688443,0.053555861,0.657991536,0.000000000,0,0,142,0,0,0,0,0,0,0,0,0,0,0,0,-1.000000000,-1.000000000,-1.000000000,-1.000000000,0,0,0,-1.000000000,none,0,0,0,-1,-1,0,-1.000000000,-1.000000000,0,0.000000000,0,0,0,0,-1,-1,-1,-1,0,-1.000000000,-1.000000000,0,-1.000000000,-1.000000000,-1.000000000,-1.000000000,-1.000000000,-1.000000000,0,1,1,22582,0,1,27660,1,275,2,22196,0,22196,0,0.342008471,1,0.269716797,1,275,8,1953
143,1548339963.988509893,2,1,0,0.040133344,0.000000158,0.022195614,0.062329116,0.634514974,0.000000000,0,0,143,0,0,0,0,0,0,0,0,0,0,0,0,-1.000000000,-1.000000000,-1.000000000,-1.000000000,0,0,0,-1.000000000,none,0,0,0,-1,-1,0,-1.000000000,-1.000000000,0,0.000000000,0,0,0,0,-1,-1,-1,-1,0,-1.000000000,-1.000000000,0,-1.000000000,-1.000000000,-1.000000000,-1.000000000,-1.000000000,-1.000000000,0,1,1,24407,0,1,15102,1,536,1,24060,0,24060,0,0.365485013,1,0.287161458,1,536,9,1958
144,1548339964.021990061,2,1,0,0.036763778,0.000000170,0.009866003,0.046629951,0.751175130,0.000000000,0,0,144,0,0,0,0,0,0,0,0,0,0,0,0,-1.000000000,-1.000000000,-1.000000000,-1.000000000,0,0,0,-1.000000000,none,0,0,0,-1,-1,0,-1.000000000,-1.000000000,0,0.000000000,0,0,0,0,-1,-1,-1,-1,0,-1.000000000,-1.000000000,0,-1.000000000,-1.000000000,-1.000000000,-1.000000000,-1.000000000,-1.000000000,0,1,1,11846,0,1,33435,0,533,0,11405,11405,0,0,0.248824865,1,0.248824870,0,533,20,319
145,1548339964.055500031,2,1,0,0.028933318,0.000000059,0.024682299,0.053615676,0.729274089,0.000000000,0,0,145,0,0,0,0,0,0,0,0,0,0,0,0,-1.000000000,-1.000000000,-1.000000000,-1.000000000,0,0,0,-1.000000000,none,0,0,0,-1,-1,0,-1.000000000,-1.000000000,0,0.000000000,0,0,0,0,-1,-1,-1,-1,0,-1.000000000,-1.000000000,0,-1.000000000,-1.000000000,-1.000000000,-1.000000000,-1.000000000,-1.000000000,0,1,1,15540,0,1,32664,0,158,0,15088,15088,0,0,0.270725906,1,0.270725911,0,158,20,426
146,1548339964.089010000,2,1,0,0.030506321,0.000000138,0.010359389,0.040865848,0.724658203,0.000000000,0,0,146,0,0,0,0,0,0,0,0,0,0,0,0,-1.000000000,-1.000000000,-1.000000000,-1.000000000,0,0,0,-1.000000000,none,0,0,0,-1,-1,0,-1.000000000,-1.000000000,0,0.000000000,0,0,0,0,-1,-1,-1,-1,0,-1.000000000,-1.000000000,0,-1.000000000,-1.000000000,-1.000000000,-1.000000000,-1.000000000,-1.000000000,0,1,1,23923,0,1,23704,0,190,0,23560,23560,0,0,0.275341809,1,0.275341797,0,190,20,375
147,1548339964.122519970,2,1,0,0.037956753,0.000000116,0.009468210,0.047425079,0.651305339,0.000000000,0,0,147,0,0,0,0,0,0,0,0,0,0,0,0,-1.000000000,-1.000000000,-1.000000000,-1.000000000,0,0,0,-1.000000000,none,0,0,0,-1,-1,0,-1.000000000,-1.000000000,0,0.000000000,0,0,0,0,-1,-1,-1,-1,0,-1.000000000,-1.000000000,0,-1.000000000,-1.000000000,-1.000000000,-1.000000000,-1.000000000,-1.000000000,0,1,1,32767,0,1,12804,0,171,0,32569,32569,0,0,0.348694652,1,0.348694661,0,171,20,417
148,1548339964.156039953,2,1,0,0.041912176,0.000000052,0.009742997,0.051655225,0.632438151,0.000000000,0,0,148,0,0,0,0,0,0,0,0,0,0,0,0,-1.000000000,-1.000000000,-1.000000000,-1.000000000,0,0,0,-1.000000000,none,0,0,0,-1,-1,0,-1.000000000,-1.000000000,0,0.000000000,0,0,0,0,-1,-1,-1,-1,0,-1.000000000,-1.000000000,0,-1.000000000,-1.000000000,-1.000000000,-1.000000000,-1.000000000,-1.000000000,0,1,1,23731,0,1,11486,0,192,0,23418,23418,0,0,0.367561847,1,0.367561849,0,192,20,434
149,1548339964.189559937,2,1,0,0.031843920,0.000000056,0.010231195,0.042075171,0.620429688,0.000000000,0,0,149,0,0,0,0,0,0,0,0,0,0,0,0,-1.000000000,-1.000000000,-1.000000000,-1.000000000,0,0,0,-1.000000000,none,0,0,0,-1,-1,0,-1.000000000,-1.000000000,0,0.000000000,0,0,0,0,-1,-1,-1,-1,0,-1.000000000,-1.000000000,0,-1.000000000,-1.000000000,-1.000000000,-1.000000000,-1.000000000,-1.000000000,0,1,1,22586,0,1,10663,0,204,0,22314,22314,0,0,0.379570305,1,0.379570313,0,204,20,444
150,1548339964.223069906,2,1,0,0.042935784,0.000000043,0.011975170,0.054910997,0.559303385,0.000000000,0,0,150,0,0,0,0,0,0,0,0,0,0,0,0,-1.000000000,-1.000000000,-1.000000000,-1.000000000,0,0,0,-1.000000000,none,0,0,0,-1,-1,0,-1.000000000,-1.000000000,0,0.000000000,0,0,0,0,-1,-1,-1,-1,0,-1.000000000,-1.000000000,0,-1.000000000,-1.000000000,-1.000000000,-1.000000000,-1.000000000,-1.000000000,0,1,1,20882,0,1,9056,0,210,0,20695,20695,0,0,0.440696627,1,0.440696615,0,210,20,584
151,1548339964.256589890,2,1,0,0.024111650,0.000000064,0.012911437,0.037023151,0.581656901,0.000000000,0,0,151,0,0,0,0,0,0,0,0,0,0,0,0,-1.000000000,-1.000000000,-1.000000000,-1.000000000,0,0,0,-1.000000000,none,0,0,0,-1,-1,0,-1.000000000,-1.000000000,0,0.000000000,0,0,0,0,-1,-1,-1,-1,0,-1.000000000,-1.000000000,0,-1.000000000,-1.000000000,-1.000000000,-1.000000000,-1.000000000,-1.000000000,0,1,1,19045,0,1,24013,0,252,0,18815,18815,0,0,0.418343097,1,0.418343099,0,252,20,606
152,1548339964.290149927,2,1,0,0.028427468,0.000000049,0.010465730,0.038893247,0.589567057,0.000000000,0,0,152,0,0,0,0,0,0,0,0,0,0,0,0,-1.000000000,-1.000000000,-1.000000000,-1.000000000,0,0,0,-1.000000000,none,0,0,0,-1,-1,0,-1.000000000,-1.000000000,0,0.000000000,0,0,0,0,-1,-1,-1,-1,0,-1.000000000,-1.000000000,0,-1.000000000,-1.000000000,-1.000000000,-1.000000000,-1.000000000,-1.000000000,0,1,1,23334,0,1,24436,0,243,0,23130,23130,0,0,0.410432935,1,0.410432943,0,243,20,592
153,1548339964.323770046,2,1,0,0.048240417,0.000000126,0.010915069,0.059155612,0.557539062,0.000000000,0,0,153,0,0,0,0,0,0,0,0,0,0,0,0,-1.000000000,-1.000000000,-1.000000000,-1.000000000,0,0,0,-1.000000000,none,0,0,0,-1,-1,0,-1.000000000,-1.000000000,0,0.000000000,0,0,0,0,-1,-1,-1,-1,0,-1.000000000,-1.000000000,0,-1.000000000,-1.000000000,-1.000000000,-1.000000000,-1.000000000,-1.000000000,0,1,1,22858,0,1,16675,0,292,0,22663,22663,0,0,0.442460924,1,0.442460937,0,292,20,571
154,1548339964.357520103,2,1,0,0.032296483,0.000000135,0.012335300,0.044631918,0.532600911,0.000000000,0,0,154,0,0,0,0,0,0,0,0,0,0,0,0,-1.000000000,-1.000000000,-1.000000000,-1.000000000,0,0,0,-1.000000000,none,0,0,0,-1,-1,0,-1.000000000,-1.000000000,0,0.000000000,0,0,0,0,-1,-1,-1,-1,0,-1.000000000,-1.000000000,0,-1.000000000,-1.000000000,-1.000000000,-1.000000000,-1.000000000,-1.000000000,0,1,1,23624,0,1,9697,0,267,0,23401,23401,0,0,0.467399091,1,0.467399089,0,267,20,612
155,1548339964.391180038,2,1,0,0.032244746,0.000000049,0.010630798,0.042875593,0.636796875,0.000000000,0,0,155,0,0,0,0,0,0,0,0,0,0,0,0,-1.000000000,-1.000000000,-1.000000000,-1.000000000,0,0,0,-1.000000000,none,0,0,0,-1,-1,0,-1.000000000,-1.000000000,0,0.000000000,0,0,0,0,-1,-1,-1,-1,0,-1.000000000,-1.000000000,0,-1.000000000,-1.000000000,-1.000000000,-1.000000000,-1.000000000,-1.000000000,0,1,1,18421,0,1,40047,0,273,0,18193,18193,0,0,0.363203138,1,0.363203125,0,273,20,594
156,1548339964.424710035,2,1,0,0.036725501,0.000000236,0.010089100,0.046814837,0.633004557,0.000000000,0,0,156,0,0,0,0,0,0,0,0,0,0,0,0,-1.000000000,-1.000000000,-1.000000000,-1.000000000,0,0,0,-1.000000000,none,0,0,0,-1,-1,0,-1.000000000,-1.000000000,0,0.000000000,0,0,0,0,-1,-1,-1,-1,0,-1.000000000,-1.000000000,0,-1.000000000,-1.000000000,-1.000000000,-1.000000000,-1.000000000,-1.000000000,0,1,1,18979,0,1,37877,0,241,0,18751,18751,0,0,0.366995454,1,0.366995443,0,241,20,623
157,1548339964.458240032,2,1,0,0.031705020,0.000000041,0.011076669,0.042781730,0.600872396,0.000000000,0,0,157,0,0,0,0,0,0,0,0,0,0,0,0,-1.000000000,-1.000000000,-1.000000000,-1.000000000,0,0,0,-1.000000000,none,0,0,0,-1,-1,0,-1.000000000,-1.000000000,0,0.000000000,0,0,0,0,-1,-1,-1,-1,0,-1.000000000,-1.000000000,0,-1.000000000,-1.000000000,-1.000000000,-1.000000000,-1.000000000,-1.000000000,0,1,1,19501,0,1,27485,0,269,0,19272,19272,0,0,0.399127603,1,0.399127604,0,269,20,643
158,1548339964.491750002,2,1,0,0.043932504,0.000000066,0.011951509,0.055884079,0.602187500,0.000000000,0,0,158,0,0,0,0,0,0,0,0,0,0,0,0,-1.000000000,-1.000000000,-1.000000000,-1.000000000,0,0,0,-1.000000000,none,0,0,0,-1,-1,0,-1.000000000,-1.000000000,0,0.000000000,0,0,0,0,-1,-1,-1,-1,0,-1.000000000,-1.000000000,0,-1.000000000,-1.000000000,-1.000000000,-1.000000000,-1.000000000,-1.000000000,0,1,1,18319,0,1,32690,0,257,0,18116,18116,0,0,0.397812486,1,0.397812500,0,257,20,634
159,1548339964.525269985,2,1,0,0.032316583,0.000000049,0.013115279,0.045431911,0.567747396,0.000000000,0,0,159,0,0,0,0,0,0,0,0,0,0,0,0,-1.000000000,-1.000000000,-1.000000000,-1.000000000,0,0,0,-1.000000000,none,0,0,0,-1,-1,0,-1.000000000,-1.000000000,0,0.000000000,0,0,0,0,-1,-1,-1,-1,0,-1.000000000,-1.000000000,0,-1.000000000,-1.000000000,-1.000000000,-1.000000000,-1.000000000,-1.000000000,0,1,1,19491,0,1,19942,0,239,0,19274,19274,0,0,0.432252616,1,0.432252604,0,239,20,645
160,1548339964.558789968,2,1,0,0.029593089,0.000000131,0.012683678,0.042276898,0.570335286,0.000000000,0,0,160,0,0,0,0,0,0,0,0,0,0,0,0,-1.000000000,-1.000000000,-1.000000000,-1.000000000,0,0,0,-1.000000000,none,0,0,0,-1,-1,0,-1.000000000,-1.000000000,0,0.000000000,0,0,0,0,-1,-1,-1,-1,0,-1.000000000,-1.000000000,0,-1.000000000,-1.000000000,-1.000000000,-1.000000000,-1.000000000,-1.000000000,0,1,1,21399,0,1,25417,0,317,0,21236,21236,0,0,0.429664701,1,0.429664714,0,317,20,663
161,1548339964.592319965,2,1,0,0.028404083,0.000000113,0.013043942,0.041448138,0.603372396,0.000000000,0,0,161,0,0,0,0,0,0,0,0,0,0,0,0,-1.000000000,-1.000000000,-1.000000000,-1.000000000,0,0,0,-1.000000000,none,0,0,0,-1,-1,0,-1.000000000,-1.000000000,0,0.000000000,0,0,0,0,-1,-1,-1,-1,0,-1.000000000,-1.000000000,0,-1.000000000,-1.000000000,-1.000000000,-1.000000000,-1.000000000,-1.000000000,0,1,1,17502,0,1,36841,0,300,0,17299,17299,0,0,0.396627605,1,0.396627604,0,300,20,689
162,1548339964.625839949,2,1,0,0.027892951,0.000000060,0.010538849,0.038431860,0.619479167,0.000000000,0,0,162,0,0,0,0,0,0,0,0,0,0,0,0,-1.000000000,-1.000000000,-1.000000000,-1.000000000,0,0,0,-1.000000000,none,0,0,0,-1,-1,0,-1.000000000,-1.000000000,0,0.000000000,0,0,0,0,-1,-1,-1,-1,0,-1.000000000,-1.000000000,0,-1.000000000,-1.000000000,-1.000000000,-1.000000000,-1.000000000,-1.000000000,0,1,1,21066,0,1,44652,0,290,0,20796,20796,0,0,0.380520821,1,0.380520833,0,290,20,658
163,1548339964.659359932,2,1,0,0.037729220,0.000000113,0.012030730,0.049760063,0.601979167,0.000000000,0,0,163,0,0,0,0,0,0,0,0,0,0,0,0,-1.000000000,-1.000000000,-1.000000000,-1.000000000,0,0,0,-1.000000000,none,0,0,0,-1,-1,0,-1.000000000,-1.000000000,0,0.000000000,0,0,0,0,-1,-1,-1,-1,0,-1.000000000,-1.000000000,0,-1.000000000,-1.000000000,-1.000000000,-1.000000000,-1.000000000,-1.000000000,0,1,1,20197,0,1,44635,0,301,0,19934,19934,0,0,0.398020834,1,0.398020833,0,301,20,669
164,1548339964.692879915,2,1,0,0.028111607,0.000000055,0.011347161,0.039458823,0.624059245,0.000000000,0,0,164,0,0,0,0,0,0,0,0,0,0,0,0,-1.000000000,-1.000000000,-1.000000000,-1.000000000,0,0,0,-1.000000000,none,0,0,0,-1,-1,0,-1.000000000,-1.000000000,0,0.000000000,0,0,0,0,-1,-1,-1,-1,0,-1.000000000,-1.000000000,0,-1.000000000,-1.000000000,-1.000000000,-1.000000000,-1.000000000,-1.000000000,0,1,1,20748,0,1,55796,0,294,0,20449,20449,0,0,0.375940770,1,0.375940755,0,294,20,654
165,1548339964.726439953,2,1,0,0.032802664,0.000000139,0.011222529,0.044025332,0.589010417,0.000000000,0,0,165,0,0,0,0,0,0,0,0,0,0,0,0,-1.000000000,-1.000000000,-1.000000000,-1.000000000,0,0,0,-1.000000000,none,0,0,0,-1,-1,0,-1.000000000,-1.000000000,0,0.000000000,0,0,0,0,-1,-1,-1,-1,0,-1.000000000,-1.000000000,0,-1.000000000,-1.000000000,-1.000000000,-1.000000000,-1.000000000,-1.000000000,0,1,1,23831,0,1,47263,0,274,0,23552,23552,0,0,0.410989583,1,0.410989583,0,274,20,645
166,1548339964.759949923,2,1,0,0.030655152,0.000000106,0.010699805,0.041355063,0.575351562,0.000000000,0,0,166,0,0,0,0,0,0,0,0,0,0,0,0,-1.000000000,-1.000000000,-1.000000000,-1.000000000,0,0,0,-1.000000000,none,0,0,0,-1,-1,0,-1.000000000,-1.000000000,0,0.000000000,0,0,0,0,-1,-1,-1,-1,0,-1.000000000,-1.000000000,0,-1.000000000,-1.000000000,-1.000000000,-1.000000000,-1.000000000,-1.000000000,0,1,1,25752,0,1,39938,0,276,0,25508,25508,0,0,0.424648434,1,0.424648437,0,276,20,656
167,1548339964.793430090,2,1,0,0.040868030,0.000000047,0.012624843,0.053492920,0.579527995,0.000000000,0,0,167,0,0,0,0,0,0,0,0,0,0,0,0,-1.000000000,-1.000000000,-1.000000000,-1.000000000,0,0,0,-1.000000000,none,0,0,0,-1,-1,0,-1.000000000,-1.000000000,0,0.000000000,0,0,0,0,-1,-1,-1,-1,0,-1.000000000,-1.000000000,0,-1.000000000,-1.000000000,-1.000000000,-1.000000000,-1.000000000,-1.000000000,0,1,1,28240,0,1,33363,0,287,0,27956,27956,0,0,0.420471996,1,0.420472005,0,287,20,617
168,1548339964.826950073,2,1,0,0.036466056,0.000000143,0.012721015,0.049187214,0.638580729,0.000000000,0,0,168,0,0,0,0,0,0,0,0,0,0,0,0,-1.000000000,-1.000000000,-1.000000000,-1.000000000,0,0,0,-1.000000000,none,0,0,0,-1,-1,0,-1.000000000,-1.000000000,0,0.000000000,0,0,0,0,-1,-1,-1,-1,0,-1.000000000,-1.000000000,0,-1.000000000,-1.000000000,-1.000000000,-1.000000000,-1.000000000,-1.000000000,0,1,1,25750,0,1,51521,0,264,0,25451,25451,0,0,0.361419261,1,0.361419271,0,264,20,611
169,1548339964.860500097,2,1,0,0.037647770,0.000000178,0.014724930,0.052372878,0.610455729,0.000000000,0,0,169,0,0,0,0,0,0,0,0,0,0,0,0,-1.000000000,-1.000000000,-1.000000000,-1.000000000,0,0,0,-1.000000000,none,0,0,0,-1,-1,0,-1.000000000,-1.000000000,0,0.000000000,0,0,0,0,-1,-1,-1,-1,0,-1.000000000,-1.000000000,0,-1.000000000,-1.000000000,-1.000000000,-1.000000000,-1.000000000,-1.000000000,0,1,1,24176,0,1,46445,0,257,0,23907,23907,0,0,0.389544278,1,0.389544271,0,257,20,600
170,1548339964.893980026,2,1,0,0.031941411,0.000000125,0.011837642,0.043779178,0.622093099,0.000000000,0,0,170,0,0,0,0,0,0,0,0,0,0,0,0,-1.000000000,-1.000000000,-1.000000000,-1.000000000,0,0,0,-1.000000000,none,0,0,0,-1,-1,0,-1.000000000,-1.000000000,0,0.000000000,0,0,0,0,-1,-1,-1,-1,0,-1.000000000,-1.000000000,0,-1.000000000,-1.000000000,-1.000000000,-1.000000000,-1.000000000,-1.000000000,0,1,1,31007,0,1,41742,0,248,0,30640,30640,0,0,0.377906889,1,0.377906901,0,248,20,600
171,1548339964.927479982,2,1,0,0.033014798,0.000000048,0.012328447,0.045343293,0.640458984,0.000000000,0,0,171,0,0,0,0,0,0,0,0,0,0,0,0,-1.000000000,-1.000000000,-1.000000000,-1.000000000,0,0,0,-1.000000000,none,0,0,0,-1,-1,0,-1.000000000,-1.000000000,0,0.000000000,0,0,0,0,-1,-1,-1,-1,0,-1.000000000,-1.000000000,0,-1.000000000,-1.000000000,-1.000000000,-1.000000000,-1.000000000,-1.000000000,0,1,1,23458,0,1,40927,0,227,0,23103,23103,0,0,0.359541029,1,0.359541016,0,227,20,612
172,1548339964.960789919,2,1,0,0.028194182,0.000000389,0.018413602,0.046608173,0.636012370,0.000000000,0,0,172,0,0,0,0,0,0,0,0,0,0,0,0,-1.000000000,-1.000000000,-1.000000000,-1.000000000,0,0,0,-1.000000000,none,0,0,0,-1,-1,0,-1.000000000,-1.000000000,0,0.000000000,0,0,0,0,-1,-1,-1,-1,0,-1.000000000,-1.000000000,0,-1.000000000,-1.000000000,-1.000000000,-1.000000000,-1.000000000,-1.000000000,0,1,1,30907,0,1,29003,0,225,0,30579,30579,0,0,0.363987625,1,0.363987630,0,225,20,540
173,1548339964.994119883,2,1,0,0.028835173,0.000000135,0.010782898,0.039618206,0.638255208,0.000000000,0,0,173,0,0,0,0,0,0,0,0,0,0,0,0,-1.000000000,-1.000000000,-1.000000000,-1.000000000,0,0,0,-1.000000000,none,0,0,0,-1,-1,0,-1.000000000,-1.000000000,0,0.000000000,0,0,0,0,-1,-1,-1,-1,0,-1.000000000,-1.000000000,0,-1.000000000,-1.000000000,-1.000000000,-1.000000000,-1.000000000,-1.000000000,0,1,1,31053,0,1,32938,0,179,0,30759,30759,0,0,0.361744791,1,0.361744792,0,179,20,533
174,1548339965.027630091,2,1,0,0.045434147,0.000000053,0.010238300,0.055672500,0.651389974,0.000000000,0,0,174,0,0,0,0,0,0,0,0,0,0,0,0,-1.000000000,-1.000000000,-1.000000000,-1.000000000,0,0,0,-1.000000000,none,0,0,0,-1,-1,0,-1.000000000,-1.000000000,0,0.000000000,0,0,0,0,-1,-1,-1,-1,0,-1.000000000,-1.000000000,0,-1.000000000,-1.000000000,-1.000000000,-1.000000000,-1.000000000,-1.000000000,0,1,1,36390,0,1,28283,0,189,0,35894,35894,0,0,0.348610014,1,0.348610026,0,189,20,541
175,1548339965.061219931,2,1,0,0.037167690,0.000000112,0.011310521,0.048478323,0.626145833,0.000000000,0,0,175,0,0,0,0,0,0,0,0,0,0,0,0,-1.000000000,-1.000000000,-1.000000000,-1.000000000,0,0,0,-1.000000000,none,0,0,0,-1,-1,0,-1.000000000,-1.000000000,0,0.000000000,0,0,0,0,-1,-1,-1,-1,0,-1.000000000,-1.000000000,0,-1.000000000,-1.000000000,-1.000000000,-1.000000000,-1.000000000,-1.000000000,0,1,1,33106,0,1,26580,0,219,0,32550,32550,0,0,0.373854160,1,0.373854167,0,219,20,536
176,1548339965.094739914,2,1,0,0.045416540,0.000000054,0.023121695,0.068538289,0.648883464,0.000000000,0,0,176,0,0,0,0,0,0,0,0,0,0,0,0,-1.000000000,-1.000000000,-1.000000000,-1.000000000,0,0,0,-1.000000000,none,0,0,0,-1,-1,0,-1.000000000,-1.000000000,0,0.000000000,0,0,0,0,-1,-1,-1,-1,0,-1.000000000,-1.000000000,0,-1.000000000,-1.000000000,-1.000000000,-1.000000000,-1.000000000,-1.000000000,0,1,1,32832,0,1,33101,0,212,0,32403,32403,0,0,0.351116538,1,0.351116536,0,212,20,496
177,1548339965.128180027,2,1,0,0.039391940,0.000000059,0.011214342,0.050606341,0.624697266,0.000000000,0,0,177,0,0,0,0,0,0,0,0,0,0,0,0,-1.000000000,-1.000000000,-1.000000000,-1.000000000,0,0,0,-1.000000000,none,0,0,0,-1,-1,0,-1.000000000,-1.000000000,0,0.000000000,0,0,0,0,-1,-1,-1,-1,0,-1.000000000,-1.000000000,0,-1.000000000,-1.000000000,-1.000000000,-1.000000000,-1.000000000,-1.000000000,0,1,1,38179,0,1,26350,0,204,0,37730,37730,0,0,0.375302732,1,0.375302734,0,204,20,463
178,1548339965.161520004,2,1,0,0.030563185,0.000000049,0.009080625,0.039643859,0.655449219,0.000000000,0,0,178,0,0,0,0,0,0,0,0,0,0,0,0,-1.000000000,-1.000000000,-1.000000000,-1.000000000,0,0,0,-1.000000000,none,0,0,0,-1,-1,0,-1.000000000,-1.000000000,0,0.000000000,0,0,0,0,-1,-1,-1,-1,0,-1.000000000,-1.000000000,0,-1.000000000,-1.000000000,-1.000000000,-1.000000000,-1.000000000,-1.000000000,0,1,1,31100,0,1,43878,0,181,0,30639,30639,0,0,0.344550788,1,0.344550781,0,181,20,413
179,1548339965.195039988,2,1,0,0.041966792,0.000000245,0.019253586,0.061220623,0.706051432,0.000000000,0,0,179,0,0,0,0,0,0,0,0,0,0,0,0,-1.000000000,-1.000000000,-1.000000000,-1.000000000,0,0,0,-1.000000000,none,0,0,0,-1,-1,0,-1.000000000,-1.000000000,0,0.000000000,0,0,0,0,-1,-1,-1,-1,0,-1.000000000,-1.000000000,0,-1.000000000,-1.000000000,-1.000000000,-1.000000000,-1.000000000,-1.000000000,0,1,1,27636,0,1,59817,0,156,0,27111,27111,0,0,0.293948561,1,0.293948568,0,156,20,376
180,1548339965.228559971,2,1,0,0.032726826,0.000000061,0.027963151,0.060690038,0.678421224,0.000000000,0,0,180,0,0,0,0,0,0,0,0,0,0,0,0,-1.000000000,-1.000000000,-1.000000000,-1.000000000,0,0,0,-1.000000000,none,0,0,0,-1,-1,0,-1.000000000,-1.000000000,0,0.000000000,0,0,0,0,-1,-1,-1,-1,0,-1.000000000,-1.000000000,0,-1.000000000,-1.000000000,-1.000000000,-1.000000000,-1.000000000,-1.000000000,0,1,1,32329,0,1,51133,0,154,0,31842,31842,0,0,0.321578771,1,0.321578776,0,154,20,384
181,1548339965.262059927,2,1,0,0.034595435,0.000000060,0.010449036,0.045044531,0.686549479,0.000000000,0,0,181,0,0,0,0,0,0,0,0,0,0,0,0,-1.000000000,-1.000000000,-1.000000000,-1.000000000,0,0,0,-1.000000000,none,0,0,0,-1,-1,0,-1.000000000,-1.000000000,0,0.000000000,0,0,0,0,-1,-1,-1,-1,0,-1.000000000,-1.000000000,0,-1.000000000,-1.000000000,-1.000000000,-1.000000000,-1.000000000,-1.000000000,0,1,1,34725,0,1,44358,0,170,0,34323,34323,0,0,0.313450515,1,0.313450521,0,170,20,392
182,1548339965.295389891,2,1,0,0.034977208,0.000000151,0.009232497,0.044209856,0.691116536,0.000000000,0,0,182,0,0,0,0,0,0,0,0,0,0,0,0,-1.000000000,-1.000000000,-1.000000000,-1.000000000,0,0,0,-1.000000000,none,0,0,0,-1,-1,0,-1.000000000,-1.000000000,0,0.000000000,0,0,0,0,-1,-1,-1,-1,0,-1.000000000,-1.000000000,0,-1.000000000,-1.000000000,-1.000000000,-1.000000000,-1.000000000,-1.000000000,0,1,1,34165,0,1,47983,0,158,0,33764,33764,0,0,0.308883458,1,0.308883464,0,158,20,361
183,1548339965.328789949,2,1,0,0.028428284,0.000000142,0.030792861,0.059221287,0.600836589,0.000000000,0,0,183,0,0,0,0,0,0,0,0,0,0,0,0,-1.000000000,-1.000000000,-1.000000000,-1.000000000,0,0,0,-1.000000000,none,0,0,0,-1,-1,0,-1.000000000,-1.000000000,0,0.000000000,0,0,0,0,-1,-1,-1,-1,0,-1.000000000,-1.000000000,0,-1.000000000,-1.000000000,-1.000000000,-1.000000000,-1.000000000,-1.000000000,0,1,1,33263,0,1,53019,1,129,5,32774,0,32774,0,0.399163425,1,0.292434896,1,129,9,1931
184,1548339965.362299919,2,1,0,0.025819100,0.000000134,0.014257223,0.040076457,0.639485677,0.000000000,0,0,184,0,0,0,0,0,0,0,0,0,0,0,0,-1.000000000,-1.000000000,-1.000000000,-1.000000000,0,0,0,-1.000000000,none,0,0,0,-1,-1,0,-1.000000000,-1.000000000,0,0.000000000,0,0,0,0,-1,-1,-1,-1,0,-1.000000000,-1.000000000,0,-1.000000000,-1.000000000,-1.000000000,-1.000000000,-1.000000000,-1.000000000,0,1,1,37231,0,1,56995,1,247,4,36782,0,36782,0,0.360514313,1,0.240179036,1,247,8,1869
185,1548339965.395819902,2,1,0,0.028314143,0.000000100,0.014779709,0.043093952,0.620123698,0.000000000,0,0,185,0,0,0,0,0,0,0,0,0,0,0,0,-1.000000000,-1.000000000,-1.000000000,-1.000000000,0,0,0,-1.000000000,none,0,0,0,-1,-1,0,-1.000000000,-1.000000000,0,0.000000000,0,0,0,0,-1,-1,-1,-1,0,-1.000000000,-1.000000000,0,-1.000000000,-1.000000000,-1.000000000,-1.000000000,-1.000000000,-1.000000000,0,1,1,34934,0,1,55327,1,205,3,34384,0,34384,0,0.379876316,1,0.267819010,1,205,9,1905
186,1548339965.429899931,2,1,0,0.034839261,0.000000067,0.015511300,0.050350628,0.600797526,0.000000000,0,0,186,0,0,0,0,0,0,0,0,0,0,0,0,-1.000000000,-1.000000000,-1.000000000,-1.000000000,0,0,0,-1.000000000,none,0,0,0,-1,-1,0,-1.000000000,-1.000000000,0,0.000000000,0,0,0,0,-1,-1,-1,-1,0,-1.000000000,-1.000000000,0,-1.000000000,-1.000000000,-1.000000000,-1.000000000,-1.000000000,-1.000000000,0,1,1,38056,0,1,51332,1,210,2,37710,0,37710,0,0.399202466,1,0.276416016,1,210,9,1897
187,1548339965.463409901,2,1,0,0.039723664,0.000000062,0.014978827,0.054702553,0.646227214,0.000000000,0,0,187,0,0,0,0,0,0,0,0,0,0,0,0,-1.000000000,-1.000000000,-1.000000000,-1.000000000,0,0,0,-1.000000000,none,0,0,0,-1,-1,0,-1.000000000,-1.000000000,0,0.000000000,0,0,0,0,-1,-1,-1,-1,0,-1.000000000,-1.000000000,0,-1.000000000,-1.000000000,-1.000000000,-1.000000000,-1.000000000,-1.000000000,0,1,1,30678,0,1,62406,1,202,1,30321,0,30321,0,0.353772789,1,0.255048828,1,202,8,1715
188,1548339965.496929884,2,1,0,0.037193668,0.000000064,0.019949697,0.057143429,0.650055339,0.000000000,0,0,188,0,0,0,0,0,0,0,0,0,0,0,0,-1.000000000,-1.000000000,-1.000000000,-1.000000000,0,0,0,-1.000000000,none,0,0,0,-1,-1,0,-1.000000000,-1.000000000,0,0.000000000,0,0,0,0,-1,-1,-1,-1,0,-1.000000000,-1.000000000,0,-1.000000000,-1.000000000,-1.000000000,-1.000000000,-1.000000000,-1.000000000,0,1,1,27420,0,1,65112,1,148,5,27004,0,27004,0,0.349944651,1,0.261946615,1,148,8,1653
189,1548339965.530070066,2,1,0,0.039016252,0.000000073,0.015944943,0.054961268,0.637200521,0.000000000,0,0,189,0,0,0,0,0,0,0,0,0,0,0,0,-1.000000000,-1.000000000,-1.000000000,-1.000000000,0,0,0,-1.000000000,none,0,0,0,-1,-1,0,-1.000000000,-1.000000000,0,0.000000000,0,0,0,0,-1,-1,-1,-1,0,-1.000000000,-1.000000000,0,-1.000000000,-1.000000000,-1.000000000,-1.000000000,-1.000000000,-1.000000000,0,1,1,33322,0,1,57298,1,579,4,32708,0,32708,0,0.362799466,1,0.256305339,1,579,9,1555
190,1548339965.563590050,2,1,0,0.024988037,0.000000162,0.015656379,0.040644578,0.662213542,0.000000000,0,0,190,0,0,0,0,0,0,0,0,0,0,0,0,-1.000000000,-1.000000000,-1.000000000,-1.000000000,0,0,0,-1.000000000,none,0,0,0,-1,-1,0,-1.000000000,-1.000000000,0,0.000000000,0,0,0,0,-1,-1,-1,-1,0,-1.000000000,-1.000000000,0,-1.000000000,-1.000000000,-1.000000000,-1.000000000,-1.000000000,-1.000000000,0,1,1,27820,0,1,63684,1,446,3,27277,0,27277,0,0.337786466,1,0.248795573,1,446,8,1405
191,1548339965.597100019,2,1,0,0.038829540,0.000000060,0.015952604,0.054782204,0.659641927,0.000000000,0,0,191,0,0,0,0,0,0,0,0,0,0,0,0,-1.000000000,-1.000000000,-1.000000000,-1.000000000,0,0,0,-1.000000000,none,0,0,0,-1,-1,0,-1.000000000,-1.000000000,0,0.000000000,0,0,0,0,-1,-1,-1,-1,0,-1.000000000,-1.000000000,0,-1.000000000,-1.000000000,-1.000000000,-1.000000000,-1.000000000,-1.000000000,0,1,1,26416,0,1,64820,1,351,2,25790,0,25790,0,0.340358078,1,0.256357422,1,351,8,1554
192,1548339965.631059885,2,1,0,0.031150603,0.000000061,0.014980656,0.046131320,0.663538411,0.000000000,0,0,192,0,0,0,0,0,0,0,0,0,0,0,0,-1.000000000,-1.000000000,-1.000000000,-1.000000000,0,0,0,-1.000000000,none,0,0,0,-1,-1,0,-1.000000000,-1.000000000,0,0.000000000,0,0,0,0,-1,-1,-1,-1,0,-1.000000000,-1.000000000,0,-1.000000000,-1.000000000,-1.000000000,-1.000000000,-1.000000000,-1.000000000,0,1,1,23561,0,1,64548,1,314,1,22986,0,22986,0,0.336461574,1,0.261552734,1,314,8,1732
193,1548339965.664580107,2,1,0,0.039672783,0.000000160,0.008777959,0.048450902,0.725208333,0.000000000,0,0,193,0,0,0,0,0,0,0,0,0,0,0,0,-1.000000000,-1.000000000,-1.000000000,-1.000000000,0,0,0,-1.000000000,none,0,0,0,-1,-1,0,-1.000000000,-1.000000000,0,0.000000000,0,0,0,0,-1,-1,-1,-1,0,-1.000000000,-1.000000000,0,-1.000000000,-1.000000000,-1.000000000,-1.000000000,-1.000000000,-1.000000000,0,1,1,24639,0,1,60941,0,290,0,24121,24121,0,0,0.274791658,1,0.274791667,0,290,20,399
194,1548339965.698090076,2,1,0,0.038092201,0.000000128,0.017209979,0.055302308,0.609453125,0.000000000,0,0,194,0,0,0,0,0,0,0,0,0,0,0,0,-1.000000000,-1.000000000,-1.000000000,-1.000000000,0,0,0,-1.000000000,none,0,0,0,-1,-1,0,-1.000000000,-1.000000000,0,0.000000000,0,0,0,0,-1,-1,-1,-1,0,-1.000000000,-1.000000000,0,-1.000000000,-1.000000000,-1.000000000,-1.000000000,-1.000000000,-1.000000000,0,1,1,24512,0,1,48795,1,77,5,24121,0,24121,0,0.390546888,1,0.311979167,1,77,9,1977
195,1548339965.731590033,2,1,0,0.029717755,0.000000178,0.020096708,0.049814641,0.613977865,0.000000000,0,0,195,0,0,0,0,0,0,0,0,0,0,0,0,-1.000000000,-1.000000000,-1.000000000,-1.000000000,0,0,0,-1.000000000,none,0,0,0,-1,-1,0,-1.000000000,-1.000000000,0,0.000000000,0,0,0,0,-1,-1,-1,-1,0,-1.000000000,-1.000000000,0,-1.000000000,-1.000000000,-1.000000000,-1.000000000,-1.000000000,-1.000000000,0,1,1,15961,0,1,54384,1,339,4,15669,0,15669,0,0.386022121,1,0.334925130,1,339,9,1999
196,1548339965.765110016,2,1,0,0.035066078,0.000000069,0.017617796,0.052683943,0.600406901,0.000000000,0,0,196,0,0,0,0,0,0,0,0,0,0,0,0,-1.000000000,-1.000000000,-1.000000000,-1.000000000,0,0,0,-1.000000000,none,0,0,0,-1,-1,0,-1.000000000,-1.000000000,0,0.000000000,0,0,0,0,-1,-1,-1,-1,0,-1.000000000,-1.000000000,0,-1.000000000,-1.000000000,-1.000000000,-1.000000000,-1.000000000,-1.000000000,0,1,1,14487,0,1,53312,1,333,3,14171,0,14171,0,0.399593085,1,0.353356120,1,333,9,2000
197,1548339965.798640013,2,1,0,0.043935977,0.000000062,0.016621413,0.060557452,0.554625651,0.000000000,0,0,197,0,0,0,0,0,0,0,0,0,0,0,0,-1.000000000,-1.000000000,-1.000000000,-1.000000000,0,0,0,-1.000000000,none,0,0,0,-1,-1,0,-1.000000000,-1.000000000,0,0.000000000,0,0,0,0,-1,-1,-1,-1,0,-1.000000000,-1.000000000,0,-1.000000000,-1.000000000,-1.000000000,-1.000000000,-1.000000000,-1.000000000,0,1,1,12894,0,1,46466,1,353,2,12685,0,12685,0,0.445374340,1,0.404062500,1,353,10,2000
198,1548339965.832159996,2,1,0,0.037578411,0.000000125,0.016322266,0.053900802,0.527724609,0.000000000,0,0,198,0,0,0,0,0,0,0,0,0,0,0,0,-1.000000000,-1.000000000,-1.000000000,-1.000000000,0,0,0,-1.000000000,none,0,0,0,-1,-1,0,-1.000000000,-1.000000000,0,0.000000000,0,0,0,0,-1,-1,-1,-1,0,-1.000000000,-1.000000000,0,-1.000000000,-1.000000000,-1.000000000,-1.000000000,-1.000000000,-1.000000000,0,1,1,10112,0,1,43193,1,353,1,9905,0,9905,0,0.472275376,1,0.440022786,1,353,11,2000
199,1548339965.865679979,2,1,0,0.026716076,0.000000049,0.012020653,0.038736778,0.501829427,0.000000000,0,0,199,0,0,0,0,0,0,0,0,0,0,0,0,-1.000000000,-1.000000000,-1.000000000,-1.000000000,0,0,0,-1.000000000,none,0,0,0,-1,-1,0,-1.000000000,-1.000000000,0,0.000000000,0,0,0,0,-1,-1,-1,-1,0,-1.000000000,-1.000000000,0,-1.000000000,-1.000000000,-1.000000000,-1.000000000,-1.000000000,-1.000000000,0,1,1,15160,0,1,30788,0,363,0,14960,14960,0,0,0.498170584,1,0.498170573,0,363,20,880
200,1548339965.899189949,2,1,0,0.037700619,0.000000059,0.011189370,0.048890048,0.508492839,0.000000000,0,0,200,0,0,0,0,0,0,0,0,0,0,0,0,-1.000000000,-1.000000000,-1.000000000,-1.000000000,0,0,0,-1.000000000,none,0,0,0,-1,-1,0,-1.000000000,-1.000000000,0,0.000000000,0,0,0,0,-1,-1,-1,-1,0,-1.000000000,-1.000000000,0,-1.000000000,-1.000000000,-1.000000000,-1.000000000,-1.000000000,-1.000000000,0,1,1,12339,0,1,43853,0,233,0,12159,12159,0,0,0.491507173,1,0.491507161,0,233,20,874
201,1548339965.932709932,2,1,0,0.031838899,0.000000160,0.012985344,0.044824403,0.475973307,0.000000000,0,0,201,0,0,0,0,0,0,0,0,0,0,0,0,-1.000000000,-1.000000000,-1.000000000,-1.000000000,0,0,0,-1.000000000,none,0,0,0,-1,-1,0,-1.000000000,-1.000000000,0,0.000000000,0,0,0,0,-1,-1,-1,-1,0,-1.000000000,-1.000000000,0,-1.000000000,-1.000000000,-1.000000000,-1.000000000,-1.000000000,-1.000000000,0,1,1,14042,0,1,34903,0,208,0,13830,13830,0,0,0.524026692,1,0.524026693,0,208,20,972
202,1548339965.966340065,2,1,0,0.026347278,0.000000047,0.012432389,0.038779714,0.430289714,0.000000000,0,0,202,0,0,0,0,0,0,0,0,0,0,0,0,-1.000000000,-1.000000000,-1.000000000,-1.000000000,0,0,0,-1.000000000,none,0,0,0,-1,-1,0,-1.000000000,-1.000000000,0,0.000000000,0,0,0,0,-1,-1,-1,-1,0,-1.000000000,-1.000000000,0,-1.000000000,-1.000000000,-1.000000000,-1.000000000,-1.000000000,-1.000000000,0,1,1,15728,0,1,26031,0,232,0,15478,15478,0,0,0.569710314,1,0.569710286,0,232,20,956
203,1548339965.999969959,2,1,0,0.037775361,0.000000468,0.012744102,0.050519931,0.430423177,0.000000000,0,0,203,0,0,0,0,0,0,0,0,0,0,0,0,-1.000000000,-1.000000000,-1.000000000,-1.000000000,0,0,0,-1.000000000,none,0,0,0,-1,-1,0,-1.000000000,-1.000000000,0,0.000000000,0,0,0,0,-1,-1,-1,-1,0,-1.000000000,-1.000000000,0,-1.000000000,-1.000000000,-1.000000000,-1.000000000,-1.000000000,-1.000000000,0,1,1,13586,0,1,40605,0,243,0,13405,13405,0,0,0.569576800,1,0.569576823,0,243,20,975
204,1548339966.033489943,2,1,0,0.034827433,0.000000084,0.011400719,0.046228236,0.413326823,0.000000000,0,0,204,0,0,0,0,0,0,0,0,0,0,0,0,-1.000000000,-1.000000000,-1.000000000,-1.000000000,0,0,0,-1.000000000,none,0,0,0,-1,-1,0,-1.000000000,-1.000000000,0,0.000000000,0,0,0,0,-1,-1,-1,-1,0,-1.000000000,-1.000000000,0,-1.000000000,-1.000000000,-1.000000000,-1.000000000,-1.000000000,-1.000000000,0,1,1,10426,0,1,40980,0,259,0,10255,10255,0,0,0.586673200,1,0.586673177,0,259,20,1102
205,1548339966.066999912,2,1,0,0.034085307,0.000000139,0.012750631,0.046836077,0.395198568,0.000000000,0,0,205,0,0,0,0,0,0,0,0,0,0,0,0,-1.000000000,-1.000000000,-1.000000000,-1.000000000,0,0,0,-1.000000000,none,0,0,0,-1,-1,0,-1.000000000,-1.000000000,0,0.000000000,0,0,0,0,-1,-1,-1,-1,0,-1.000000000,-1.000000000,0,-1.000000000,-1.000000000,-1.000000000,-1.000000000,-1.000000000,-1.000000000,0,1,1,13981,0,1,36222,0,247,0,13766,13766,0,0,0.604801416,1,0.604801432,0,247,20,1016
206,1548339966.100519896,2,1,0,0.039370796,0.000000063,0.015181687,0.054552546,0.486988932,0.000000000,0,0,206,0,0,0,0,0,0,0,0,0,0,0,0,-1.000000000,-1.000000000,-1.000000000,-1.000000000,0,0,0,-1.000000000,none,0,0,0,-1,-1,0,-1.000000000,-1.000000000,0,0.000000000,0,0,0,0,-1,-1,-1,-1,0,-1.000000000,-1.000000000,0,-1.000000000,-1.000000000,-1.000000000,-1.000000000,-1.000000000,-1.000000000,0,1,1,9848,0,1,64382,0,273,0,9705,9705,0,0,0.513011038,1,0.513011068,0,273,20,1100
207,1548339966.134210110,2,1,0,0.030059440,0.000000257,0.012067941,0.042127638,0.469505208,0.000000000,0,0,207,0,0,0,0,0,0,0,0,0,0,0,0,-1.000000000,-1.000000000,-1.000000000,-1.000000000,0,0,0,-1.000000000,none,0,0,0,-1,-1,0,-1.000000000,-1.000000000,0,0.000000000,0,0,0,0,-1,-1,-1,-1,0,-1.000000000,-1.000000000,0,-1.000000000,-1.000000000,-1.000000000,-1.000000000,-1.000000000,-1.000000000,0,1,1,10589,0,1,60398,0,276,0,10368,10368,0,0,0.530494809,1,0.530494792,0,276,20,1021
208,1548339966.167730093,2,1,0,0.033170900,0.000000052,0.012392523,0.045563475,0.424274089,0.000000000,0,0,208,0,0,0,0,0,0,0,0,0,0,0,0,-1.000000000,-1.000000000,-1.000000000,-1.000000000,0,0,0,-1.000000000,none,0,0,0,-1,-1,0,-1.000000000,-1.000000000,0,0.000000000,0,0,0,0,-1,-1,-1,-1,0,-1.000000000,-1.000000000,0,-1.000000000,-1.000000000,-1.000000000,-1.000000000,-1.000000000,-1.000000000,0,1,1,10949,0,1,49873,0,260,0,10751,10751,0,0,0.575725913,1,0.575725911,0,260,20,1029
209,1548339966.201240063,2,1,0,0.038410149,0.000000139,0.012697287,0.051107575,0.428811849,0.000000000,0,0,209,0,0,0,0,0,0,0,0,0,0,0,0,-1.000000000,-1.000000000,-1.000000000,-1.000000000,0,0,0,-1.000000000,none,0,0,0,-1,-1,0,-1.000000000,-1.000000000,0,0.000000000,0,0,0,0,-1,-1,-1,-1,0,-1.000000000,-1.000000000,0,-1.000000000,-1.000000000,-1.000000000,-1.000000000,-1.000000000,-1.000000000,0,1,1,11991,0,1,50825,0,284,0,11770,11770,0,0,0.571188152,1,0.571188151,0,284,20,1113
210,1548339966.234810114,2,1,0,0.034980558,0.000000072,0.015062777,0.050043407,0.363212891,0.000000000,0,0,210,0,0,0,0,0,0,0,0,0,0,0,0,-1.000000000,-1.000000000,-1.000000000,-1.000000000,0,0,0,-1.000000000,none,0,0,0,-1,-1,0,-1.000000000,-1.000000000,0,0.000000000,0,0,0,0,-1,-1,-1,-1,0,-1.000000000,-1.000000000,0,-1.000000000,-1.000000000,-1.000000000,-1.000000000,-1.000000000,-1.000000000,0,1,1,10469,0,1,32408,0,290,0,10303,10303,0,0,0.636787117,1,0.636787109,0,290,20,1145
211,1548339966.268320084,2,1,0,0.026706162,0.000000147,0.013285030,0.039991339,0.391722005,0.000000000,0,0,211,0,0,0,0,0,0,0,0,0,0,0,0,-1.000000000,-1.000000000,-1.000000000,-1.000000000,0,0,0,-1.000000000,none,0,0,0,-1,-1,0,-1.000000000,-1.000000000,0,0.000000000,0,0,0,0,-1,-1,-1,-1,0,-1.000000000,-1.000000000,0,-1.000000000,-1.000000000,-1.000000000,-1.000000000,-1.000000000,-1.000000000,0,1,1,9356,0,1,41911,0,305,0,9080,9080,0,0,0.608277977,1,0.608277995,0,305,20,1114
212,1548339966.335309982,2,1,0,0.038116485,0.000000127,0.011908942,0.050025554,0.454192708,0.000000000,0,0,212,0,0,0,0,0,0,0,0,0,0,0,0,-1.000000000,-1.000000000,-1.000000000,-1.000000000,0,0,0,-1.000000000,none,0,0,0,-1,-1,0,-1.000000000,-1.000000000,0,0.000000000,0,0,0,0,-1,-1,-1,-1,0,-1.000000000,-1.000000000,0,-1.000000000,-1.000000000,-1.000000000,-1.000000000,-1.000000000,-1.000000000,0,1,1,8200,0,1,50797,0,304,0,7998,7998,0,0,0.545807302,1,0.545807292,0,304,20,1028
213,1548339966.368819952,2,1,0,0.026157266,0.000000054,0.012889870,0.039047190,0.352343750,0.000000000,0,0,213,0,0,0,0,0,0,0,0,0,0,0,0,-1.000000000,-1.000000000,-1.000000000,-1.000000000,0,0,0,-1.000000000,none,0,0,0,-1,-1,0,-1.000000000,-1.000000000,0,0.000000000,0,0,0,0,-1,-1,-1,-1,0,-1.000000000,-1.000000000,0,-1.000000000,-1.000000000,-1.000000000,-1.000000000,-1.000000000,-1.000000000,0,1,1,9569,0,1,27446,0,280,0,9420,9420,0,0,0.647656262,1,0.647656250,0,280,20,1064
214,1548339966.401730061,2,1,0,0.031216772,0.000000100,0.012342430,0.043559302,0.343655599,0.000000000,0,0,214,0,0,0,0,0,0,0,0,0,0,0,0,-1.000000000,-1.000000000,-1.000000000,-1.000000000,0,0,0,-1.000000000,none,0,0,0,-1,-1,0,-1.000000000,-1.000000000,0,0.000000000,0,0,0,0,-1,-1,-1,-1,0,-1.000000000,-1.000000000,0,-1.000000000,-1.000000000,-1.000000000,-1.000000000,-1.000000000,-1.000000000,0,1,1,9124,0,1,26203,0,282,0,8991,8991,0,0,0.656344414,1,0.656344401,0,282,20,941
215,1548339966.435240030,2,1,0,0.028399661,0.000000056,0.012632090,0.041031807,0.362516276,0.000000000,0,0,215,0,0,0,0,0,0,0,0,0,0,0,0,-1.000000000,-1.000000000,-1.000000000,-1.000000000,0,0,0,-1.000000000,none,0,0,0,-1,-1,0,-1.000000000,-1.000000000,0,0.000000000,0,0,0,0,-1,-1,-1,-1,0,-1.000000000,-1.000000000,0,-1.000000000,-1.000000000,-1.000000000,-1.000000000,-1.000000000,-1.000000000,0,1,1,7938,0,1,25971,0,245,0,7772,7772,0,0,0.637483716,1,0.637483724,0,245,20,944
216,1548339966.468739986,2,1,0,0.039921679,0.000000166,0.011509545,0.051431390,0.424602865,0.000000000,0,0,216,0,0,0,0,0,0,0,0,0,0,0,0,-1.000000000,-1.000000000,-1.000000000,-1.000000000,0,0,0,-1.000000000,none,0,0,0,-1,-1,0,-1.000000000,-1.000000000,0,0.000000000,0,0,0,0,-1,-1,-1,-1,0,-1.000000000,-1.000000000,0,-1.000000000,-1.000000000,-1.000000000,-1.000000000,-1.000000000,-1.000000000,0,1,1,6491,0,1,38164,0,222,0,6295,6295,0,0,0.575397134,1,0.575397135,0,222,20,944
217,1548339966.502259970,2,1,0,0.037462691,0.000000078,0.014279590,0.051742359,0.366647135,0.000000000,0,0,217,0,0,0,0,0,0,0,0,0,0,0,0,-1.000000000,-1.000000000,-1.000000000,-1.000000000,0,0,0,-1.000000000,none,0,0,0,-1,-1,0,-1.000000000,-1.000000000,0,0.000000000,0,0,0,0,-1,-1,-1,-1,0,-1.000000000,-1.000000000,0,-1.000000000,-1.000000000,-1.000000000,-1.000000000,-1.000000000,-1.000000000,0,1,1,5418,0,1,25806,0,227,0,5199,5199,0,0,0.633352876,1,0.633352865,0,227,20,906
218,1548339966.535789967,2,1,0,0.034095312,0.000000047,0.013514295,0.047609654,0.423522135,0.000000000,0,0,218,0,0,0,0,0,0,0,0,0,0,0,0,-1.000000000,-1.000000000,-1.000000000,-1.000000000,0,0,0,-1.000000000,none,0,0,0,-1,-1,0,-1.000000000,-1.000000000,0,0.000000000,0,0,0,0,-1,-1,-1,-1,0,-1.000000000,-1.000000000,0,-1.000000000,-1.000000000,-1.000000000,-1.000000000,-1.000000000,-1.000000000,0,1,1,7445,0,1,34164,0,198,0,7310,7310,0,0,0.576477885,1,0.576477865,0,198,20,858
219,1548339966.569299936,2,1,0,0.037982195,0.000000055,0.013185851,0.051168101,0.440953776,0.000000000,0,0,219,0,0,0,0,0,0,0,0,0,0,0,0,-1.000000000,-1.000000000,-1.000000000,-1.000000000,0,0,0,-1.000000000,none,0,0,0,-1,-1,0,-1.000000000,-1.000000000,0,0.000000000,0,0,0,0,-1,-1,-1,-1,0,-1.000000000,-1.000000000,0,-1.000000000,-1.000000000,-1.000000000,-1.000000000,-1.000000000,-1.000000000,0,1,1,9482,0,1,35917,0,330,0,9257,9257,0,0,0.559046209,1,0.559046224,0,330,20,836
220,1548339966.602819920,2,1,0,0.031351209,0.000000044,0.011542779,0.042894032,0.484013672,0.000000000,0,0,220,0,0,0,0,0,0,0,0,0,0,0,0,-1.000000000,-1.000000000,-1.000000000,-1.000000000,0,0,0,-1.000000000,none,0,0,0,-1,-1,0,-1.000000000,-1.000000000,0,0.000000000,0,0,0,0,-1,-1,-1,-1,0,-1.000000000,-1.000000000,0,-1.000000000,-1.000000000,-1.000000000,-1.000000000,-1.000000000,-1.000000000,0,1,1,8331,0,1,42609,0,314,0,8096,8096,0,0,0.515986323,1,0.515986328,0,314,20,747
221,1548339966.636329889,2,1,0,0.028212239,0.000000149,0.010598764,0.038811152,0.537750651,0.000000000,0,0,221,0,0,0,0,0,0,0,0,0,0,0,0,-1.000000000,-1.000000000,-1.000000000,-1.000000000,0,0,0,-1.000000000,none,0,0,0,-1,-1,0,-1.000000000,-1.000000000,0,0.000000000,0,0,0,0,-1,-1,-1,-1,0,-1.000000000,-1.000000000,0,-1.000000000,-1.000000000,-1.000000000,-1.000000000,-1.000000000,-1.000000000,0,1,1,12827,0,1,47840,0,271,0,12509,12509,0,0,0.462249339,1,0.462249349,0,271,20,758
222,1548339966.669840097,2,1,0,0.032374956,0.000000059,0.010852524,0.043227539,0.547382812,0.000000000,0,0,222,0,0,0,0,0,0,0,0,0,0,0,0,-1.000000000,-1.000000000,-1.000000000,-1.000000000,0,0,0,-1.000000000,none,0,0,0,-1,-1,0,-1.000000000,-1.000000000,0,0.000000000,0,0,0,0,-1,-1,-1,-1,0,-1.000000000,-1.000000000,0,-1.000000000,-1.000000000,-1.000000000,-1.000000000,-1.000000000,-1.000000000,0,1,1,13516,0,1,46716,0,287,0,13045,13045,0,0,0.452617198,1,0.452617188,0,287,20,719
223,1548339966.703340054,2,1,0,0.028440329,0.000000077,0.012127946,0.040568352,0.574010417,0.000000000,0,0,223,0,0,0,0,0,0,0,0,0,0,0,0,-1.000000000,-1.000000000,-1.000000000,-1.000000000,0,0,0,-1.000000000,none,0,0,0,-1,-1,0,-1.000000000,-1.000000000,0,0.000000000,0,0,0,0,-1,-1,-1,-1,0,-1.000000000,-1.000000000,0,-1.000000000,-1.000000000,-1.000000000,-1.000000000,-1.000000000,-1.000000000,0,1,1,6863,0,1,59717,0,248,0,6527,6527,0,0,0.425989598,1,0.425989583,0,248,20,615
224,1548339966.736860037,2,1,0,0.027703667,0.000000083,0.010776877,0.038480627,0.585309245,0.000000000,0,0,224,0,0,0,0,0,0,0,0,0,0,0,0,-1.000000000,-1.000000000,-1.000000000,-1.000000000,0,0,0,-1.000000000,none,0,0,0,-1,-1,0,-1.000000000,-1.000000000,0,0.000000000,0,0,0,0,-1,-1,-1,-1,0,-1.000000000,-1.000000000,0,-1.000000000,-1.000000000,-1.000000000,-1.000000000,-1.000000000,-1.000000000,0,1,1,16142,0,1,54259,0,208,0,15700,15700,0,0,0.414690763,1,0.414690755,0,208,20,567
225,1548339966.770380020,2,1,0,0.028807538,0.000000059,0.010392155,0.039199752,0.601995443,0.000000000,0,0,225,0,0,0,0,0,0,0,0,0,0,0,0,-1.000000000,-1.000000000,-1.000000000,-1.000000000,0,0,0,-1.000000000,none,0,0,0,-1,-1,0,-1.000000000,-1.000000000,0,0.000000000,0,0,0,0,-1,-1,-1,-1,0,-1.000000000,-1.000000000,0,-1.000000000,-1.000000000,-1.000000000,-1.000000000,-1.000000000,-1.000000000,0,1,1,17714,0,1,55993,0,183,0,17280,17280,0,0,0.398004562,1,0.398004557,0,183,20,554
226,1548339966.803889990,2,1,0,0.032208638,0.000000090,0.009007351,0.041216079,0.597050781,0.000000000,0,0,226,0,0,0,0,0,0,0,0,0,0,0,0,-1.000000000,-1.000000000,-1.000000000,-1.000000000,0,0,0,-1.000000000,none,0,0,0,-1,-1,0,-1.000000000,-1.000000000,0,0.000000000,0,0,0,0,-1,-1,-1,-1,0,-1.000000000,-1.000000000,0,-1.000000000,-1.000000000,-1.000000000,-1.000000000,-1.000000000,-1.000000000,0,1,1,14040,0,1,60638,0,238,0,13610,13610,0,0,0.402949214,1,0.402949219,0,238,20,453
227,1548339966.837409973,2,1,0,0.027360249,0.000000044,0.010249206,0.037609499,0.632050781,0.000000000,0,0,227,0,0,0,0,0,0,0,0,0,0,0,0,-1.000000000,-1.000000000,-1.000000000,-1.000000000,0,0,0,-1.000000000,none,0,0,0,-1,-1,0,-1.000000000,-1.000000000,0,0.000000000,0,0,0,0,-1,-1,-1,-1,0,-1.000000000,-1.000000000,0,-1.000000000,-1.000000000,-1.000000000,-1.000000000,-1.000000000,-1.000000000,0,1,1,14096,0,1,64900,0,171,0,13663,13663,0,0,0.367949218,1,0.367949219,0,171,20,557
228,1548339966.870919943,2,1,0,0.035655704,0.000000156,0.010216635,0.045872495,0.611272786,0.000000000,0,0,228,0,0,0,0,0,0,0,0,0,0,0,0,-1.000000000,-1.000000000,-1.000000000,-1.000000000,0,0,0,-1.000000000,none,0,0,0,-1,-1,0,-1.000000000,-1.000000000,0,0.000000000,0,0,0,0,-1,-1,-1,-1,0,-1.000000000,-1.000000000,0,-1.000000000,-1.000000000,-1.000000000,-1.000000000,-1.000000000,-1.000000000,0,1,1,15415,0,1,58702,0,190,0,15054,15054,0,0,0.388727218,1,0.388727214,0,190,20,595
229,1548339966.904429913,2,1,0,0.033384694,0.000000116,0.010128016,0.043512826,0.527093099,0.000000000,0,0,229,0,0,0,0,0,0,0,0,0,0,0,0,-1.000000000,-1.000000000,-1.000000000,-1.000000000,0,0,0,-1.000000000,none,0,0,0,-1,-1,0,-1.000000000,-1.000000000,0,0.000000000,0,0,0,0,-1,-1,-1,-1,0,-1.000000000,-1.000000000,0,-1.000000000,-1.000000000,-1.000000000,-1.000000000,-1.000000000,-1.000000000,0,1,1,8785,0,1,45574,0,193,0,8529,8529,0,0,0.472906888,1,0.472906901,0,193,20,737
230,1548339966.937939882,2,1,0,0.033999743,0.000000061,0.009993757,0.043993561,0.576998698,0.000000000,0,0,230,0,0,0,0,0,0,0,0,0,0,0,0,-1.000000000,-1.000000000,-1.000000000,-1.000000000,0,0,0,-1.000000000,none,0,0,0,-1,-1,0,-1.000000000,-1.000000000,0,0.000000000,0,0,0,0,-1,-1,-1,-1,0,-1.000000000,-1.000000000,0,-1.000000000,-1.000000000,-1.000000000,-1.000000000,-1.000000000,-1.000000000,0,1,1,12499,0,1,50939,0,173,0,12197,12197,0,0,0.423001289,1,0.423001302,0,173,20,752
231,1548339966.971440077,2,1,0,0.027305843,0.000000125,0.012220182,0.039526150,0.530413411,0.000000000,0,0,231,0,0,0,0,0,0,0,0,0,0,0,0,-1.000000000,-1.000000000,-1.000000000,-1.000000000,0,0,0,-1.000000000,none,0,0,0,-1,-1,0,-1.000000000,-1.000000000,0,0.000000000,0,0,0,0,-1,-1,-1,-1,0,-1.000000000,-1.000000000,0,-1.000000000,-1.000000000,-1.000000000,-1.000000000,-1.000000000,-1.000000000,0,1,1,8366,0,1,42282,0,201,0,8170,8170,0,0,0.469586581,1,0.469586589,0,201,20,838
232,1548339967.004960060,2,1,0,0.026635729,0.000000078,0.010382471,0.037018278,0.528102214,0.000000000,0,0,232,0,0,0,0,0,0,0,0,0,0,0,0,-1.000000000,-1.000000000,-1.000000000,-1.000000000,0,0,0,-1.000000000,none,0,0,0,-1,-1,0,-1.000000000,-1.000000000,0,0.000000000,0,0,0,0,-1,-1,-1,-1,0,-1.000000000,-1.000000000,0,-1.000000000,-1.000000000,-1.000000000,-1.000000000,-1.000000000,-1.000000000,0,1,1,9029,0,1,38291,0,216,0,8830,8830,0,0,0.471897781,1,0.471897786,0,216,20,827
233,1548339967.071990013,2,1,0,0.039665226,0.000000069,0.012170735,0.051836030,0.548678385,0.000000000,0,0,233,0,0,0,0,0,0,0,0,0,0,0,0,-1.000000000,-1.000000000,-1.000000000,-1.000000000,0,0,0,-1.000000000,none,0,0,0,-1,-1,0,-1.000000000,-1.000000000,0,0.000000000,0,0,0,0,-1,-1,-1,-1,0,-1.000000000,-1.000000000,0,-1.000000000,-1.000000000,-1.000000000,-1.000000000,-1.000000000,-1.000000000,0,1,1,9182,0,1,54917,0,217,0,8907,8907,0,0,0.451321602,1,0.451321615,0,217,20,868
234,1548339967.105449915,2,1,0,0.028144060,0.000000126,0.011834636,0.039978822,0.491328125,0.000000000,0,0,234,0,0,0,0,0,0,0,0,0,0,0,0,-1.000000000,-1.000000000,-1.000000000,-1.000000000,0,0,0,-1.000000000,none,0,0,0,-1,-1,0,-1.000000000,-1.000000000,0,0.000000000,0,0,0,0,-1,-1,-1,-1,0,-1.000000000,-1.000000000,0,-1.000000000,-1.000000000,-1.000000000,-1.000000000,-1.000000000,-1.000000000,0,1,1,9659,0,1,29727,0,214,0,9438,9438,0,0,0.508671880,1,0.508671875,0,214,20,859
235,1548339967.138910055,2,1,0,0.028935037,0.000000155,0.011098406,0.040033598,0.510950521,0.000000000,0,0,235,0,0,0,0,0,0,0,0,0,0,0,0,-1.000000000,-1.000000000,-1.000000000,-1.000000000,0,0,0,-1.000000000,none,0,0,0,-1,-1,0,-1.000000000,-1.000000000,0,0.000000000,0,0,0,0,-1,-1,-1,-1,0,-1.000000000,-1.000000000,0,-1.000000000,-1.000000000,-1.000000000,-1.000000000,-1.000000000,-1.000000000,0,1,1,11731,0,1,36090,0,196,0,11524,11524,0,0,0.489049464,1,0.489049479,0,196,20,848
236,1548339967.172359943,2,1,0,0.028225269,0.000000433,0.020595632,0.048821334,0.499938151,0.000000000,0,0,236,0,0,0,0,0,0,0,0,0,0,0,0,-1.000000000,-1.000000000,-1.000000000,-1.000000000,0,0,0,-1.000000000,none,0,0,0,-1,-1,0,-1.000000000,-1.000000000,0,0.000000000,0,0,0,0,-1,-1,-1,-1,0,-1.000000000,-1.000000000,0,-1.000000000,-1.000000000,-1.000000000,-1.000000000,-1.000000000,-1.000000000,0,1,1,11888,0,1,36050,0,177,0,11595,11595,0,0,0.500061870,1,0.500061849,0,177,20,834
237,1548339967.205869913,2,1,0,0.031750474,0.000000119,0.011010560,0.042761153,0.503297526,0.000000000,0,0,237,0,0,0,0,0,0,0,0,0,0,0,0,-1.000000000,-1.000000000,-1.000000000,-1.000000000,0,0,0,-1.000000000,none,0,0,0,-1,-1,0,-1.000000000,-1.000000000,0,0.000000000,0,0,0,0,-1,-1,-1,-1,0,-1.000000000,-1.000000000,0,-1.000000000,-1.000000000,-1.000000000,-1.000000000,-1.000000000,-1.000000000,0,1,1,13575,0,1,33376,0,289,0,13302,13302,0,0,0.496702462,1,0.496702474,0,289,20,841
238,1548339967.239360094,2,1,0,0.028564744,0.000000043,0.011360853,0.039925640,0.476080729,0.000000000,0,0,238,0,0,0,0,0,0,0,0,0,0,0,0,-1.000000000,-1.000000000,-1.000000000,-1.000000000,0,0,0,-1.000000000,none,0,0,0,-1,-1,0,-1.000000000,-1.000000000,0,0.000000000,0,0,0,0,-1,-1,-1,-1,0,-1.000000000,-1.000000000,0,-1.000000000,-1.000000000,-1.000000000,-1.000000000,-1.000000000,-1.000000000,0,1,1,12321,0,1,25811,0,263,0,12126,12126,0,0,0.523919284,1,0.523919271,0,263,20,884
239,1548339967.272880077,2,1,0,0.037991095,0.000000056,0.012423839,0.050414990,0.469404297,0.000000000,0,0,239,0,0,0,0,0,0,0,0,0,0,0,0,-1.000000000,-1.000000000,-1.000000000,-1.000000000,0,0,0,-1.000000000,none,0,0,0,-1,-1,0,-1.000000000,-1.000000000,0,0.000000000,0,0,0,0,-1,-1,-1,-1,0,-1.000000000,-1.000000000,0,-1.000000000,-1.000000000,-1.000000000,-1.000000000,-1.000000000,-1.000000000,0,1,1,11383,0,1,29363,0,268,0,11181,11181,0,0,0.530595720,1,0.530595703,0,268,20,901
240,1548339967.306380033,2,1,0,0.037375383,0.000000220,0.010925940,0.048301543,0.505781250,0.000000000,0,0,240,0,0,0,0,0,0,0,0,0,0,0,0,-1.000000000,-1.000000000,-1.000000000,-1.000000000,0,0,0,-1.000000000,none,0,0,0,-1,-1,0,-1.000000000,-1.000000000,0,0.000000000,0,0,0,0,-1,-1,-1,-1,0,-1.000000000,-1.000000000,0,-1.000000000,-1.000000000,-1.000000000,-1.000000000,-1.000000000,-1.000000000,0,1,1,13516,0,1,38471,0,267,0,13321,13321,0,0,0.494218737,1,0.494218750,0,267,20,810
241,1548339967.339900017,2,1,0,0.039106899,0.000000060,0.012532954,0.051639913,0.479547526,0.000000000,0,0,241,0,0,0,0,0,0,0,0,0,0,0,0,-1.000000000,-1.000000000,-1.000000000,-1.000000000,0,0,0,-1.000000000,none,0,0,0,-1,-1,0,-1.000000000,-1.000000000,0,0.000000000,0,0,0,0,-1,-1,-1,-1,0,-1.000000000,-1.000000000,0,-1.000000000,-1.000000000,-1.000000000,-1.000000000,-1.000000000,-1.000000000,0,1,1,13158,0,1,30559,0,260,0,12908,12908,0,0,0.520452499,1,0.520452474,0,260,20,856
242,1548339967.373409986,2,1,0,0.029357607,0.000000061,0.011439509,0.040797177,0.473919271,0.000000000,0,0,242,0,0,0,0,0,0,0,0,0,0,0,0,-1.000000000,-1.000000000,-1.000000000,-1.000000000,0,0,0,-1.000000000,none,0,0,0,-1,-1,0,-1.000000000,-1.000000000,0,0.000000000,0,0,0,0,-1,-1,-1,-1,0,-1.000000000,-1.000000000,0,-1.000000000,-1.000000000,-1.000000000,-1.000000000,-1.000000000,-1.000000000,0,1,1,11606,0,1,28454,0,274,0,11366,11366,0,0,0.526080728,1,0.526080729,0,274,20,902
243,1548339967.406929970,2,1,0,0.041553719,0.000000132,0.011643132,0.053196983,0.394837240,0.000000000,0,0,243,0,0,0,0,0,0,0,0,0,0,0,0,-1.000000000,-1.000000000,-1.000000000,-1.000000000,0,0,0,-1.000000000,none,0,0,0,-1,-1,0,-1.000000000,-1.000000000,0,0.000000000,0,0,0,0,-1,-1,-1,-1,0,-1.000000000,-1.000000000,0,-1.000000000,-1.000000000,-1.000000000,-1.000000000,-1.000000000,-1.000000000,0,1,1,19352,0,1,14725,0,247,0,19182,19182,0,0,0.605162740,1,0.605162760,0,247,20,900
244,1548339967.440449953,2,1,0,0.036695200,0.000000048,0.011189737,0.047884985,0.397467448,0.000000000,0,0,244,0,0,0,0,0,0,0,0,0,0,0,0,-1.000000000,-1.000000000,-1.000000000,-1.000000000,0,0,0,-1.000000000,none,0,0,0,-1,-1,0,-1.000000000,-1.000000000,0,0.000000000,0,0,0,0,-1,-1,-1,-1,0,-1.000000000,-1.000000000,0,-1.000000000,-1.000000000,-1.000000000,-1.000000000,-1.000000000,-1.000000000,0,1,1,18187,0,1,16573,0,246,0,18041,18041,0,0,0.602532566,1,0.602532552,0,246,20,928
245,1548339967.473969936,2,1,0,0.032840627,0.000000140,0.011764502,0.044605269,0.366152344,0.000000000,0,0,245,0,0,0,0,0,0,0,0,0,0,0,0,-1.000000000,-1.000000000,-1.000000000,-1.000000000,0,0,0,-1.000000000,none,0,0,0,-1,-1,0,-1.000000000,-1.000000000,0,0.000000000,0,0,0,0,-1,-1,-1,-1,0,-1.000000000,-1.000000000,0,-1.000000000,-1.000000000,-1.000000000,-1.000000000,-1.000000000,-1.000000000,0,1,1,21197,0,1,14824,0,248,0,21033,21033,0,0,0.633847654,1,0.633847656,0,248,20,913
246,1548339967.507519960,2,1,0,0.025973135,0.000000112,0.013182270,0.039155517,0.355491536,0.000000000,0,0,246,0,0,0,0,0,0,0,0,0,0,0,0,-1.000000000,-1.000000000,-1.000000000,-1.000000000,0,0,0,-1.000000000,none,0,0,0,-1,-1,0,-1.000000000,-1.000000000,0,0.000000000,0,0,0,0,-1,-1,-1,-1,0,-1.000000000,-1.000000000,0,-1.000000000,-1.000000000,-1.000000000,-1.000000000,-1.000000000,-1.000000000,0,1,1,21008,0,1,15787,0,243,0,20861,20861,0,0,0.644508481,1,0.644508464,0,243,20,948
247,1548339967.541029930,2,1,0,0.031540639,0.000000156,0.011975099,0.043515894,0.313642578,0.000000000,0,0,247,0,0,0,0,0,0,0,0,0,0,0,0,-1.000000000,-1.000000000,-1.000000000,-1.000000000,0,0,0,-1.000000000,none,0,0,0,-1,-1,0,-1.000000000,-1.000000000,0,0.000000000,0,0,0,0,-1,-1,-1,-1,0,-1.000000000,-1.000000000,0,-1.000000000,-1.000000000,-1.000000000,-1.000000000,-1.000000000,-1.000000000,0,1,1,16663,0,1,11854,0,256,0,16554,16554,0,0,0.686357439,1,0.686357422,0,256,20,1117
248,1548339967.574739933,2,1,0,0.033171987,0.000000044,0.011571423,0.044743454,0.364319661,0.000000000,0,0,248,0,0,0,0,0,0,0,0,0,0,0,0,-1.000000000,-1.000000000,-1.000000000,-1.000000000,0,0,0,-1.000000000,none,0,0,0,-1,-1,0,-1.000000000,-1.000000000,0,0.000000000,0,0,0,0,-1,-1,-1,-1,0,-1.000000000,-1.000000000,0,-1.000000000,-1.000000000,-1.000000000,-1.000000000,-1.000000000,-1.000000000,0,1,1,21293,0,1,11665,0,248,0,21194,21194,0,0,0.635680318,1,0.635680339,0,248,20,980
249,1548339967.608330011,2,1,0,0.024398839,0.000000048,0.012224168,0.036623055,0.321673177,0.000000000,0,0,249,0,0,0,0,0,0,0,0,0,0,0,0,-1.000000000,-1.000000000,-1.000000000,-1.000000000,0,0,0,-1.000000000,none,0,0,0,-1,-1,0,-1.000000000,-1.000000000,0,0.000000000,0,0,0,0,-1,-1,-1,-1,0,-1.000000000,-1.000000000,0,-1.000000000,-1.000000000,-1.000000000,-1.000000000,-1.000000000,-1.000000000,0,1,1,21318,0,1,10363,0,251,0,21226,21226,0,0,0.678326845,1,0.678326823,0,251,20,1025
250,1548339967.641839981,2,1,0,0.029867239,0.000000052,0.013195586,0.043062877,0.337646484,0.000000000,0,0,250,0,0,0,0,0,0,0,0,0,0,0,0,-1.000000000,-1.000000000,-1.000000000,-1.000000000,0,0,0,-1.000000000,none,0,0,0,-1,-1,0,-1.000000000,-1.000000000,0,0.000000000,0,0,0,0,-1,-1,-1,-1,0,-1.000000000,-1.000000000,0,-1.000000000,-1.000000000,-1.000000000,-1.000000000,-1.000000000,-1.000000000,0,1,1,15548,0,1,11192,0,218,0,15470,15470,0,0,0.662353516,1,0.662353516,0,218,20,1028
251,1548339967.675359964,2,1,0,0.033387252,0.000000055,0.012287431,0.045674738,0.342779948,0.000000000,0,0,251,0,0,0,0,0,0,0,0,0,0,0,0,-1.000000000,-1.000000000,-1.000000000,-1.000000000,0,0,0,-1.000000000,none,0,0,0,-1,-1,0,-1.000000000,-1.000000000,0,0.000000000,0,0,0,0,-1,-1,-1,-1,0,-1.000000000,-1.000000000,0,-1.000000000,-1.000000000,-1.000000000,-1.000000000,-1.000000000,-1.000000000,0,1,1,16893,0,1,12009,0,207,0,16808,16808,0,0,0.657220066,1,0.657220052,0,207,20,1052
252,1548339967.708899975,2,1,0,0.025698051,0.000000089,0.021766289,0.047464429,0.300944010,0.000000000,0,0,252,0,0,0,0,0,0,0,0,0,0,0,0,-1.000000000,-1.000000000,-1.000000000,-1.000000000,0,0,0,-1.000000000,none,0,0,0,-1,-1,0,-1.000000000,-1.000000000,0,0.000000000,0,0,0,0,-1,-1,-1,-1,0,-1.000000000,-1.000000000,0,-1.000000000,-1.000000000,-1.000000000,-1.000000000,-1.000000000,-1.000000000,0,1,1,17753,0,1,8565,0,378,0,17712,17712,0,0,0.699055970,1,0.699055990,0,378,20,1090
253,1548339967.742460012,2,1,0,0.026043684,0.000000115,0.012724200,0.038767999,0.336516927,0.000000000,0,0,253,0,0,0,0,0,0,0,0,0,0,0,0,-1.000000000,-1.000000000,-1.000000000,-1.000000000,0,0,0,-1.000000000,none,0,0,0,-1,-1,0,-1.000000000,-1.000000000,0,0.000000000,0,0,0,0,-1,-1,-1,-1,0,-1.000000000,-1.000000000,0,-1.000000000,-1.000000000,-1.000000000,-1.000000000,-1.000000000,-1.000000000,0,1,1,18335,0,1,10808,0,374,0,18258,18258,0,0,0.663483083,1,0.663483073,0,374,20,1054
254,1548339967.776099920,2,1,0,0.025565143,0.000000107,0.012253565,0.037818815,0.324794922,0.000000000,0,0,254,0,0,0,0,0,0,0,0,0,0,0,0,-1.000000000,-1.000000000,-1.000000000,-1.000000000,0,0,0,-1.000000000,none,0,0,0,-1,-1,0,-1.000000000,-1.000000000,0,0.000000000,0,0,0,0,-1,-1,-1,-1,0,-1.000000000,-1.000000000,0,-1.000000000,-1.000000000,-1.000000000,-1.000000000,-1.000000000,-1.000000000,0,1,1,19087,0,1,9154,0,387,0,19005,19005,0,0,0.675205052,1,0.675205078,0,387,20,1130
255,1548339967.809609890,2,1,0,0.029681161,0.000000053,0.013292250,0.042973464,0.324755859,0.000000000,0,0,255,0,0,0,0,0,0,0,0,0,0,0,0,-1.000000000,-1.000000000,-1.000000000,-1.000000000,0,0,0,-1.000000000,none,0,0,0,-1,-1,0,-1.000000000,-1.000000000,0,0.000000000,0,0,0,0,-1,-1,-1,-1,0,-1.000000000,-1.000000000,0,-1.000000000,-1.000000000,-1.000000000,-1.000000000,-1.000000000,-1.000000000,0,1,1,19083,0,1,8995,0,378,0,18958,18958,0,0,0.675244153,1,0.675244141,0,378,20,1097
256,1548339967.843009949,2,1,0,0.040213206,0.000000234,0.015421885,0.055635325,0.345039062,0.000000000,0,0,256,0,0,0,0,0,0,0,0,0,0,0,0,-1.000000000,-1.000000000,-1.000000000,-1.000000000,0,0,0,-1.000000000,none,0,0,0,-1,-1,0,-1.000000000,-1.000000000,0,0.000000000,0,0,0,0,-1,-1,-1,-1,0,-1.000000000,-1.000000000,0,-1.000000000,-1.000000000,-1.000000000,-1.000000000,-1.000000000,-1.000000000,0,1,1,23032,0,1,7786,0,362,0,22933,22933,0,0,0.654960930,1,0.654960937,0,362,20,1091
257,1548339967.876519918,2,1,0,0.034512793,0.000000053,0.014202463,0.048715309,0.380231120,0.000000000,0,0,257,0,0,0,0,0,0,0,0,0,0,0,0,-1.000000000,-1.000000000,-1.000000000,-1.000000000,0,0,0,-1.000000000,none,0,0,0,-1,-1,0,-1.000000000,-1.000000000,0,0.000000000,0,0,0,0,-1,-1,-1,-1,0,-1.000000000,-1.000000000,0,-1.000000000,-1.000000000,-1.000000000,-1.000000000,-1.000000000,-1.000000000,0,1,1,14662,0,1,15085,0,341,0,14561,14561,0,0,0.619768858,1,0.619768880,0,341,20,1077
258,1548339967.910039902,2,1,0,0.024856980,0.000000059,0.017395624,0.042252663,0.383600260,0.000000000,0,0,258,0,0,0,0,0,0,0,0,0,0,0,0,-1.000000000,-1.000000000,-1.000000000,-1.000000000,0,0,0,-1.000000000,none,0,0,0,-1,-1,0,-1.000000000,-1.000000000,0,0.000000000,0,0,0,0,-1,-1,-1,-1,0,-1.000000000,-1.000000000,0,-1.000000000,-1.000000000,-1.000000000,-1.000000000,-1.000000000,-1.000000000,0,1,1,18857,0,1,12641,0,318,0,18784,18784,0,0,0.616399765,1,0.616399740,0,318,20,1128
259,1548339967.943690062,2,1,0,0.024356836,0.000000219,0.014165301,0.038522356,0.334700521,0.000000000,0,0,259,0,0,0,0,0,0,0,0,0,0,0,0,-1.000000000,-1.000000000,-1.000000000,-1.000000000,0,0,0,-1.000000000,none,0,0,0,-1,-1,0,-1.000000000,-1.000000000,0,0.000000000,0,0,0,0,-1,-1,-1,-1,0,-1.000000000,-1.000000000,0,-1.000000000,-1.000000000,-1.000000000,-1.000000000,-1.000000000,-1.000000000,0,1,1,19841,0,1,8796,0,327,0,19742,19742,0,0,0.665299475,1,0.665299479,0,327,20,1105
260,1548339967.977250099,2,1,0,0.030224912,0.000000070,0.012520922,0.042745904,0.359534505,0.000000000,0,0,260,0,0,0,0,0,0,0,0,0,0,0,0,-1.000000000,-1.000000000,-1.000000000,-1.000000000,0,0,0,-1.000000000,none,0,0,0,-1,-1,0,-1.000000000,-1.000000000,0,0.000000000,0,0,0,0,-1,-1,-1,-1,0,-1.000000000,-1.000000000,0,-1.000000000,-1.000000000,-1.000000000,-1.000000000,-1.000000000,-1.000000000,0,1,1,19097,0,1,11623,0,339,0,18997,18997,0,0,0.640465498,1,0.640465495,0,339,20,1079
261,1548339968.010790110,2,1,0,0.032897865,0.000000161,0.014689431,0.047587457,0.350976562,0.000000000,0,0,261,0,0,0,0,0,0,0,0,0,0,0,0,-1.000000000,-1.000000000,-1.000000000,-1.000000000,0,0,0,-1.000000000,none,0,0,0,-1,-1,0,-1.000000000,-1.000000000,0,0.000000000,0,0,0,0,-1,-1,-1,-1,0,-1.000000000,-1.000000000,0,-1.000000000,-1.000000000,-1.000000000,-1.000000000,-1.000000000,-1.000000000,0,1,1,20185,0,1,9507,0,321,0,20116,20116,0,0,0.649023414,1,0.649023438,0,321,20,1092
262,1548339968.044329882,2,1,0,0.027802345,0.000000079,0.012111408,0.039913832,0.365074870,0.000000000,0,0,262,0,0,0,0,0,0,0,0,0,0,0,0,-1.000000000,-1.000000000,-1.000000000,-1.000000000,0,0,0,-1.000000000,none,0,0,0,-1,-1,0,-1.000000000,-1.000000000,0,0.000000000,0,0,0,0,-1,-1,-1,-1,0,-1.000000000,-1.000000000,0,-1.000000000,-1.000000000,-1.000000000,-1.000000000,-1.000000000,-1.000000000,0,1,1,17896,0,1,17700,0,322,0,17780,17780,0,0,0.634925127,1,0.634925130,0,322,20,1005
263,1548339968.077850103,2,1,0,0.034422946,0.000000136,0.021292297,0.055715379,0.417161458,0.000000000,0,0,263,0,0,0,0,0,0,0,0,0,0,0,0,-1.000000000,-1.000000000,-1.000000000,-1.000000000,0,0,0,-1.000000000,none,0,0,0,-1,-1,0,-1.000000000,-1.000000000,0,0.000000000,0,0,0,0,-1,-1,-1,-1,0,-1.000000000,-1.000000000,0,-1.000000000,-1.000000000,-1.000000000,-1.000000000,-1.000000000,-1.000000000,0,1,1,8960,0,1,21511,0,288,0,8857,8857,0,0,0.582838535,1,0.582838542,0,288,20,946
264,1548339968.111370087,2,1,0,0.029404751,0.000000183,0.012009482,0.041414416,0.443528646,0.000000000,0,0,264,0,0,0,0,0,0,0,0,0,0,0,0,-1.000000000,-1.000000000,-1.000000000,-1.000000000,0,0,0,-1.000000000,none,0,0,0,-1,-1,0,-1.000000000,-1.000000000,0,0.000000000,0,0,0,0,-1,-1,-1,-1,0,-1.000000000,-1.000000000,0,-1.000000000,-1.000000000,-1.000000000,-1.000000000,-1.000000000,-1.000000000,0,1,1,9668,0,1,17932,0,292,0,9614,9614,0,0,0.556471348,1,0.556471354,0,292,20,1040
265,1548339968.144900084,2,1,0,0.031103353,0.000000202,0.011828950,0.042932505,0.444195964,0.000000000,0,0,265,0,0,0,0,0,0,0,0,0,0,0,0,-1.000000000,-1.000000000,-1.000000000,-1.000000000,0,0,0,-1.000000000,none,0,0,0,-1,-1,0,-1.000000000,-1.000000000,0,0.000000000,0,0,0,0,-1,-1,-1,-1,0,-1.000000000,-1.000000000,0,-1.000000000,-1.000000000,-1.000000000,-1.000000000,-1.000000000,-1.000000000,0,1,1,9162,0,1,34699,0,299,0,9071,9071,0,0,0.555804014,1,0.555804036,0,299,20,980
266,1548339968.178440094,2,1,0,0.047272085,0.000000186,0.011103844,0.058376115,0.424742839,0.000000000,0,0,266,0,0,0,0,0,0,0,0,0,0,0,0,-1.000000000,-1.000000000,-1.000000000,-1.000000000,0,0,0,-1.000000000,none,0,0,0,-1,-1,0,-1.000000000,-1.000000000,0,0.000000000,0,0,0,0,-1,-1,-1,-1,0,-1.000000000,-1.000000000,0,-1.000000000,-1.000000000,-1.000000000,-1.000000000,-1.000000000,-1.000000000,0,1,1,8956,0,1,34578,0,273,0,8831,8831,0,0,0.575257182,1,0.575257161,0,273,20,870
267,1548339968.211930037,2,1,0,0.041219377,0.000000044,0.011334074,0.052553495,0.478727214,0.000000000,0,0,267,0,0,0,0,0,0,0,0,0,0,0,0,-1.000000000,-1.000000000,-1.000000000,-1.000000000,0,0,0,-1.000000000,none,0,0,0,-1,-1,0,-1.000000000,-1.000000000,0,0.000000000,0,0,0,0,-1,-1,-1,-1,0,-1.000000000,-1.000000000,0,-1.000000000,-1.000000000,-1.000000000,-1.000000000,-1.000000000,-1.000000000,0,1,1,5549,0,1,51081,0,256,0,5378,5378,0,0,0.521272779,1,0.521272786,0,256,20,977
268,1548339968.245450020,2,1,0,0.038915936,0.000000144,0.011628107,0.050544187,0.482207031,0.000000000,0,0,268,0,0,0,0,0,0,0,0,0,0,0,0,-1.000000000,-1.000000000,-1.000000000,-1.000000000,0,0,0,-1.000000000,none,0,0,0,-1,-1,0,-1.000000000,-1.000000000,0,0.000000000,0,0,0,0,-1,-1,-1,-1,0,-1.000000000,-1.000000000,0,-1.000000000,-1.000000000,-1.000000000,-1.000000000,-1.000000000,-1.000000000,0,1,1,6604,0,1,38248,0,306,0,6406,6406,0,0,0.517792940,1,0.517792969,0,306,20,1002
269,1548339968.278949976,2,1,0,0.035625051,0.000000059,0.012335666,0.047960776,0.470475260,0.000000000,0,0,269,0,0,0,0,0,0,0,0,0,0,0,0,-1.000000000,-1.000000000,-1.000000000,-1.000000000,0,0,0,-1.000000000,none,0,0,0,-1,-1,0,-1.000000000,-1.000000000,0,0.000000000,0,0,0,0,-1,-1,-1,-1,0,-1.000000000,-1.000000000,0,-1.000000000,-1.000000000,-1.000000000,-1.000000000,-1.000000000,-1.000000000,0,1,1,1079,0,1,39343,0,297,0,923,923,0,0,0.529524744,1,0.529524740,0,297,20,809
270,1548339968.312479973,2,1,0,0.036315710,0.000000062,0.011994065,0.048309837,0.484264323,0.000000000,0,0,270,0,0,0,0,0,0,0,0,0,0,0,0,-1.000000000,-1.000000000,-1.000000000,-1.000000000,0,0,0,-1.000000000,none,0,0,0,-1,-1,0,-1.000000000,-1.000000000,0,0.000000000,0,0,0,0,-1,-1,-1,-1,0,-1.000000000,-1.000000000,0,-1.000000000,-1.000000000,-1.000000000,-1.000000000,-1.000000000,-1.000000000,0,1,1,2804,0,1,45558,0,171,0,2639,2639,0,0,0.515735686,1,0.515735677,0,171,20,955
271,1548339968.346019983,2,1,0,0.038335434,0.000000148,0.011378795,0.049714377,0.495472005,0.000000000,0,0,271,0,0,0,0,0,0,0,0,0,0,0,0,-1.000000000,-1.000000000,-1.000000000,-1.000000000,0,0,0,-1.000000000,none,0,0,0,-1,-1,0,-1.000000000,-1.000000000,0,0.000000000,0,0,0,0,-1,-1,-1,-1,0,-1.000000000,-1.000000000,0,-1.000000000,-1.000000000,-1.000000000,-1.000000000,-1.000000000,-1.000000000,0,1,1,3606,0,1,44753,0,166,0,3455,3455,0,0,0.504527986,1,0.504527995,0,166,20,913
272,1548339968.379600048,2,1,0,0.033247297,0.000000058,0.014184529,0.047431884,0.534322917,0.000000000,0,0,272,0,0,0,0,0,0,0,0,0,0,0,0,-1.000000000,-1.000000000,-1.000000000,-1.000000000,0,0,0,-1.000000000,none,0,0,0,-1,-1,0,-1.000000000,-1.000000000,0,0.000000000,0,0,0,0,-1,-1,-1,-1,0,-1.000000000,-1.000000000,0,-1.000000000,-1.000000000,-1.000000000,-1.000000000,-1.000000000,-1.000000000,0,1,1,329,0,1,22776,0,256,0,291,291,0,0,0.465677083,1,0.465677083,0,256,20,890
273,1548339968.413209915,2,1,0,0.028302858,0.000000087,0.012389157,0.040692102,0.526852214,0.000000000,0,0,273,0,0,0,0,0,0,0,0,0,0,0,0,-1.000000000,-1.000000000,-1.000000000,-1.000000000,0,0,0,-1.000000000,none,0,0,0,-1,-1,0,-1.000000000,-1.000000000,0,0.000000000,0,0,0,0,-1,-1,-1,-1,0,-1.000000000,-1.000000000,0,-1.000000000,-1.000000000,-1.000000000,-1.000000000,-1.000000000,-1.000000000,0,1,1,1133,0,1,32276,0,205,0,1056,1056,0,0,0.473147780,1,0.473147786,0,205,20,1033
274,1548339968.446729898,2,1,0,0.030412031,0.000000251,0.012883831,0.043296113,0.589186198,0.000000000,0,0,274,0,0,0,0,0,0,0,0,0,0,0,0,-1.000000000,-1.000000000,-1.000000000,-1.000000000,0,0,0,-1.000000000,none,0,0,0,-1,-1,0,-1.000000000,-1.000000000,0,0.000000000,0,0,0,0,-1,-1,-1,-1,0,-1.000000000,-1.000000000,0,-1.000000000,-1.000000000,-1.000000000,-1.000000000,-1.000000000,-1.000000000,0,1,1,4713,0,1,34231,0,262,0,4536,4536,0,0,0.410813808,1,0.410813802,0,262,20,902
275,1548339968.480249882,2,1,0,0.033029958,0.000000136,0.012590937,0.045621031,0.617421875,0.000000000,0,0,275,0,0,0,0,0,0,0,0,0,0,0,0,-1.000000000,-1.000000000,-1.000000000,-1.000000000,0,0,0,-1.000000000,none,0,0,0,-1,-1,0,-1.000000000,-1.000000000,0,0.000000000,0,0,0,0,-1,-1,-1,-1,0,-1.000000000,-1.000000000,0,-1.000000000,-1.000000000,-1.000000000,-1.000000000,-1.000000000,-1.000000000,0,1,1,6642,0,1,48577,0,215,0,6323,6323,0,0,0.382578135,1,0.382578125,0,215,20,809
276,1548339968.513760090,2,1,0,0.041667000,0.000000048,0.011594785,0.053261833,0.636865234,0.000000000,0,0,276,0,0,0,0,0,0,0,0,0,0,0,0,-1.000000000,-1.000000000,-1.000000000,-1.000000000,0,0,0,-1.000000000,none,0,0,0,-1,-1,0,-1.000000000,-1.000000000,0,0.000000000,0,0,0,0,-1,-1,-1,-1,0,-1.000000000,-1.000000000,0,-1.000000000,-1.000000000,-1.000000000,-1.000000000,-1.000000000,-1.000000000,0,1,1,5407,0,1,40189,0,235,0,5118,5118,0,0,0.363134772,1,0.363134766,0,235,20,826
277,1548339968.547280073,2,1,0,0.035679890,0.000000049,0.012832935,0.048512874,0.627311198,0.000000000,0,0,277,0,0,0,0,0,0,0,0,0,0,0,0,-1.000000000,-1.000000000,-1.000000000,-1.000000000,0,0,0,-1.000000000,none,0,0,0,-1,-1,0,-1.000000000,-1.000000000,0,0.000000000,0,0,0,0,-1,-1,-1,-1,0,-1.000000000,-1.000000000,0,-1.000000000,-1.000000000,-1.000000000,-1.000000000,-1.000000000,-1.000000000,0,1,1,10015,0,1,29582,0,224,0,9598,9598,0,0,0.372688800,1,0.372688802,0,224,20,889
278,1548339968.580790043,2,1,0,0.032223401,0.000000051,0.011640728,0.043864180,0.694348958,0.000000000,0,0,278,0,0,0,0,0,0,0,0,0,0,0,0,-1.000000000,-1.000000000,-1.000000000,-1.000000000,0,0,0,-1.000000000,none,0,0,0,-1,-1,0,-1.000000000,-1.000000000,0,0.000000000,0,0,0,0,-1,-1,-1,-1,0,-1.000000000,-1.000000000,0,-1.000000000,-1.000000000,-1.000000000,-1.000000000,-1.000000000,-1.000000000,0,1,1,14126,0,1,38444,0,225,0,13824,13824,0,0,0.305651039,1,0.305651042,0,225,20,771
279,1548339968.614219904,2,1,0,0.031027985,0.000000043,0.011804878,0.042832906,0.686809896,0.000000000,0,0,279,0,0,0,0,0,0,0,0,0,0,0,0,-1.000000000,-1.000000000,-1.000000000,-1.000000000,0,0,0,-1.000000000,none,0,0,0,-1,-1,0,-1.000000000,-1.000000000,0,0.000000000,0,0,0,0,-1,-1,-1,-1,0,-1.000000000,-1.000000000,0,-1.000000000,-1.000000000,-1.000000000,-1.000000000,-1.000000000,-1.000000000,0,1,1,18128,0,1,36731,0,252,0,17801,17801,0,0,0.313190103,1,0.313190104,0,252,20,620
280,1548339968.647730112,2,1,0,0.034570131,0.000000052,0.011073579,0.045643762,0.748561198,0.000000000,0,0,280,0,0,0,0,0,0,0,0,0,0,0,0,-1.000000000,-1.000000000,-1.000000000,-1.000000000,0,0,0,-1.000000000,none,0,0,0,-1,-1,0,-1.000000000,-1.000000000,0,0.000000000,0,0,0,0,-1,-1,-1,-1,0,-1.000000000,-1.000000000,0,-1.000000000,-1.000000000,-1.000000000,-1.000000000,-1.000000000,-1.000000000,0,1,1,14139,0,1,62056,0,215,0,13706,13706,0,0,0.251438797,1,0.251438802,0,215,20,499
281,1548339968.681180000,2,1,0,0.031380176,0.000000238,0.010985691,0.042366105,0.799645182,0.000000000,0,0,281,0,0,0,0,0,0,0,0,0,0,0,0,-1.000000000,-1.000000000,-1.000000000,-1.000000000,0,0,0,-1.000000000,none,0,0,0,-1,-1,0,-1.000000000,-1.000000000,0,0.000000000,0,0,0,0,-1,-1,-1,-1,0,-1.000000000,-1.000000000,0,-1.000000000,-1.000000000,-1.000000000,-1.000000000,-1.000000000,-1.000000000,0,1,1,21334,0,1,57580,0,199,0,20673,20673,0,0,0.200354815,1,0.200354818,0,199,20,324
282,1548339968.714760065,2,1,0,0.035142290,0.000000144,0.010538585,0.045681019,0.756028646,0.000000000,0,0,282,0,0,0,0,0,0,0,0,0,0,0,0,-1.000000000,-1.000000000,-1.000000000,-1.000000000,0,0,0,-1.000000000,none,0,0,0,-1,-1,0,-1.000000000,-1.000000000,0,0.000000000,0,0,0,0,-1,-1,-1,-1,0,-1.000000000,-1.000000000,0,-1.000000000,-1.000000000,-1.000000000,-1.000000000,-1.000000000,-1.000000000,0,1,1,11812,0,1,63533,1,129,5,11202,0,11202,0,0.243971348,1,0.207506510,1,129,7,809
283,1548339968.748209953,2,1,0,0.035033470,0.000000159,0.030869294,0.065902923,0.778769531,0.000000000,0,0,283,0,0,0,0,0,0,0,0,0,0,0,0,-1.000000000,-1.000000000,-1.000000000,-1.000000000,0,0,0,-1.000000000,none,0,0,0,-1,-1,0,-1.000000000,-1.000000000,0,0.000000000,0,0,0,0,-1,-1,-1,-1,0,-1.000000000,-1.000000000,0,-1.000000000,-1.000000000,-1.000000000,-1.000000000,-1.000000000,-1.000000000,0,1,1,9260,0,1,48887,1,148,5,8819,0,8819,0,0.221230462,1,0.192522786,1,148,7,739
284,1548339968.781729937,2,1,0,0.027522433,0.000000069,0.010933528,0.038456030,0.730445964,0.000000000,0,0,284,0,0,0,0,0,0,0,0,0,0,0,0,-1.000000000,-1.000000000,-1.000000000,-1.000000000,0,0,0,-1.000000000,none,0,0,0,-1,-1,0,-1.000000000,-1.000000000,0,0.000000000,0,0,0,0,-1,-1,-1,-1,0,-1.000000000,-1.000000000,0,-1.000000000,-1.000000000,-1.000000000,-1.000000000,-1.000000000,-1.000000000,0,1,1,20875,0,1,53921,1,123,5,20252,0,20252,0,0.269554049,1,0.203629557,1,123,7,1066
285,1548339968.815239906,2,1,0,0.028972892,0.000000063,0.010703385,0.039676340,0.777425130,0.000000000,0,0,285,0,0,0,0,0,0,0,0,0,0,0,0,-1.000000000,-1.000000000,-1.000000000,-1.000000000,0,0,0,-1.000000000,none,0,0,0,-1,-1,0,-1.000000000,-1.000000000,0,0.000000000,0,0,0,0,-1,-1,-1,-1,0,-1.000000000,-1.000000000,0,-1.000000000,-1.000000000,-1.000000000,-1.000000000,-1.000000000,-1.000000000,0,1,1,3177,0,1,55953,1,134,5,2847,0,2847,0,0.222574875,1,0.213281250,1,134,7,856
286,1548339968.848740101,2,1,0,0.030110214,0.000000060,0.022202630,0.052312904,0.723828125,0.000000000,0,0,286,0,0,0,0,0,0,0,0,0,0,0,0,-1.000000000,-1.000000000,-1.000000000,-1.000000000,0,0,0,-1.000000000,none,0,0,0,-1,-1,0,-1.000000000,-1.000000000,0,0.000000000,0,0,0,0,-1,-1,-1,-1,0,-1.000000000,-1.000000000,0,-1.000000000,-1.000000000,-1.000000000,-1.000000000,-1.000000000,-1.000000000,0,1,1,3343,0,1,20818,1,119,5,3068,0,3068,0,0.276171863,1,0.266181641,1,119,7,1253
287,1548339968.882090092,2,1,0,0.033659677,0.000000107,0.014178229,0.047838013,0.684166667,0.000000000,0,0,287,0,0,0,0,0,0,0,0,0,0,0,0,-1.000000000,-1.000000000,-1.000000000,-1.000000000,0,0,0,-1.000000000,none,0,0,0,-1,-1,0,-1.000000000,-1.000000000,0,0.000000000,0,0,0,0,-1,-1,-1,-1,0,-1.000000000,-1.000000000,0,-1.000000000,-1.000000000,-1.000000000,-1.000000000,-1.000000000,-1.000000000,0,1,1,12717,0,1,38882,1,379,4,12282,0,12282,0,0.315833330,1,0.275826823,1,379,8,1312
288,1548339968.915590048,2,1,0,0.035505988,0.000000129,0.012881268,0.048387385,0.695263672,0.000000000,0,0,288,0,0,0,0,0,0,0,0,0,0,0,0,-1.000000000,-1.000000000,-1.000000000,-1.000000000,0,0,0,-1.000000000,none,0,0,0,-1,-1,0,-1.000000000,-1.000000000,0,0.000000000,0,0,0,0,-1,-1,-1,-1,0,-1.000000000,-1.000000000,0,-1.000000000,-1.000000000,-1.000000000,-1.000000000,-1.000000000,-1.000000000,0,1,1,7799,0,1,48530,1,374,3,7500,0,7500,0,0.304736316,1,0.280244141,1,374,7,1213
289,1548339968.949100018,2,1,0,0.038523411,0.000000215,0.014474876,0.052998502,0.705452474,0.000000000,0,0,289,0,0,0,0,0,0,0,0,0,0,0,0,-1.000000000,-1.000000000,-1.000000000,-1.000000000,0,0,0,-1.000000000,none,0,0,0,-1,-1,0,-1.000000000,-1.000000000,0,0.000000000,0,0,0,0,-1,-1,-1,-1,0,-1.000000000,-1.000000000,0,-1.000000000,-1.000000000,-1.000000000,-1.000000000,-1.000000000,-1.000000000,0,1,1,19397,0,1,48994,1,316,2,18854,0,18854,0,0.294547528,1,0.233151042,1,316,7,1425
290,1548339968.982609987,2,1,0,0.028245287,0.000000183,0.012802665,0.041048135,0.719482422,0.000000000,0,0,290,0,0,0,0,0,0,0,0,0,0,0,0,-1.000000000,-1.000000000,-1.000000000,-1.000000000,0,0,0,-1.000000000,none,0,0,0,-1,-1,0,-1.000000000,-1.000000000,0,0.000000000,0,0,0,0,-1,-1,-1,-1,0,-1.000000000,-1.000000000,0,-1.000000000,-1.000000000,-1.000000000,-1.000000000,-1.000000000,-1.000000000,0,1,1,8824,0,1,59458,1,325,1,8315,0,8315,0,0.280517578,1,0.253359375,1,325,7,1195
291,1548339969.016129971,2,1,0,0.030052602,0.000000220,0.009442083,0.039494905,0.717320964,0.000000000,0,0,291,0,0,0,0,0,0,0,0,0,0,0,0,-1.000000000,-1.000000000,-1.000000000,-1.000000000,0,0,0,-1.000000000,none,0,0,0,-1,-1,0,-1.000000000,-1.000000000,0,0.000000000,0,0,0,0,-1,-1,-1,-1,0,-1.000000000,-1.000000000,0,-1.000000000,-1.000000000,-1.000000000,-1.000000000,-1.000000000,-1.000000000,0,1,1,12978,0,1,48754,0,299,0,12563,12563,0,0,0.282679051,1,0.282679036,0,299,20,324
292,1548339969.049649954,2,1,0,0.041287970,0.000000102,0.013878665,0.055166737,0.702932943,0.000000000,0,0,292,0,0,0,0,0,0,0,0,0,0,0,0,-1.000000000,-1.000000000,-1.000000000,-1.000000000,0,0,0,-1.000000000,none,0,0,0,-1,-1,0,-1.000000000,-1.000000000,0,0.000000000,0,0,0,0,-1,-1,-1,-1,0,-1.000000000,-1.000000000,0,-1.000000000,-1.000000000,-1.000000000,-1.000000000,-1.000000000,-1.000000000,0,1,1,4645,0,1,44795,1,126,5,4317,0,4317,0,0.297067046,1,0.282991536,1,126,7,1379
293,1548339969.083169937,2,1,0,0.044233583,0.000000147,0.014094403,0.058328133,0.678531901,0.000000000,0,0,293,0,0,0,0,0,0,0,0,0,0,0,0,-1.000000000,-1.000000000,-1.000000000,-1.000000000,0,0,0,-1.000000000,none,0,0,0,-1,-1,0,-1.000000000,-1.000000000,0,0.000000000,0,0,0,0,-1,-1,-1,-1,0,-1.000000000,-1.000000000,0,-1.000000000,-1.000000000,-1.000000000,-1.000000000,-1.000000000,-1.000000000,0,1,1,10846,0,1,40882,1,298,4,10496,0,10496,0,0.321468085,1,0.287242839,1,298,8,1585
294,1548339969.116699934,2,1,0,0.033157783,0.000000135,0.013979367,0.047137285,0.674182943,0.000000000,0,0,294,0,0,0,0,0,0,0,0,0,0,0,0,-1.000000000,-1.000000000,-1.000000000,-1.000000000,0,0,0,-1.000000000,none,0,0,0,-1,-1,0,-1.000000000,-1.000000000,0,0.000000000,0,0,0,0,-1,-1,-1,-1,0,-1.000000000,-1.000000000,0,-1.000000000,-1.000000000,-1.000000000,-1.000000000,-1.000000000,-1.000000000,0,1,1,7225,0,1,38243,1,321,3,6835,0,6835,0,0.325817049,1,0.303541667,1,321,8,1487
295,1548339969.150219917,2,1,0,0.034556029,0.000000059,0.013682492,0.048238580,0.726692708,0.000000000,0,0,295,0,0,0,0,0,0,0,0,0,0,0,0,-1.000000000,-1.000000000,-1.000000000,-1.000000000,0,0,0,-1.000000000,none,0,0,0,-1,-1,0,-1.000000000,-1.000000000,0,0.000000000,0,0,0,0,-1,-1,-1,-1,0,-1.000000000,-1.000000000,0,-1.000000000,-1.000000000,-1.000000000,-1.000000000,-1.000000000,-1.000000000,0,1,1,5153,0,1,43344,1,281,2,4918,0,4918,0,0.273307294,1,0.257268880,1,281,7,1360
296,1548339969.183739901,2,1,0,0.031668738,0.000000199,0.016242705,0.047911642,0.708528646,0.000000000,0,0,296,0,0,0,0,0,0,0,0,0,0,0,0,-1.000000000,-1.000000000,-1.000000000,-1.000000000,0,0,0,-1.000000000,none,0,0,0,-1,-1,0,-1.000000000,-1.000000000,0,0.000000000,0,0,0,0,-1,-1,-1,-1,0,-1.000000000,-1.000000000,0,-1.000000000,-1.000000000,-1.000000000,-1.000000000,-1.000000000,-1.000000000,0,1,1,4391,0,1,32966,1,142,5,4134,0,4134,0,0.291471362,1,0.277998047,1,142,7,1556
297,1548339969.217259884,2,1,0,0.034493402,0.000000140,0.016128127,0.050621669,0.672968750,0.000000000,0,0,297,0,0,0,0,0,0,0,0,0,0,0,0,-1.000000000,-1.000000000,-1.000000000,-1.000000000,0,0,0,-1.000000000,none,0,0,0,-1,-1,0,-1.000000000,-1.000000000,0,0.000000000,0,0,0,0,-1,-1,-1,-1,0,-1.000000000,-1.000000000,0,-1.000000000,-1.000000000,-1.000000000,-1.000000000,-1.000000000,-1.000000000,0,1,1,7581,0,1,22892,1,333,4,7325,0,7325,0,0.327031255,1,0.303183594,1,333,8,1538
298,1548339969.250780106,2,1,0,0.043465714,0.000000092,0.013622035,0.057087841,0.647014974,0.000000000,0,0,298,0,0,0,0,0,0,0,0,0,0,0,0,-1.000000000,-1.000000000,-1.000000000,-1.000000000,0,0,0,-1.000000000,none,0,0,0,-1,-1,0,-1.000000000,-1.000000000,0,0.000000000,0,0,0,0,-1,-1,-1,-1,0,-1.000000000,-1.000000000,0,-1.000000000,-1.000000000,-1.000000000,-1.000000000,-1.000000000,-1.000000000,0,1,1,16008,0,1,18577,1,357,3,15919,0,15919,0,0.352985024,1,0.301165365,1,357,8,1262
299,1548339969.284300089,2,1,0,0.050547293,0.000000137,0.014986141,0.065533571,0.711123047,0.000000000,0,0,299,0,0,0,0,0,0,0,0,0,0,0,0,-1.000000000,-1.000000000,-1.000000000,-1.000000000,0,0,0,-1.000000000,none,0,0,0,-1,-1,0,-1.000000000,-1.000000000,0,0.000000000,0,0,0,0,-1,-1,-1,-1,0,-1.000000000,-1.000000000,0,-1.000000000,-1.000000000,-1.000000000,-1.000000000,-1.000000000,-1.000000000,0,1,1,9866,0,1,38602,1,301,2,9674,0,9674,0,0.288876951,1,0.257369792,1,301,7,1338
