frame,timestamp,tracking_state,pose_valid,lost,mask_seconds,motion_prior_seconds,tracking_seconds,compute_seconds,dynamic_ratio,motion_foreground_fraction,prior_valid,prior_raw_valid,prior_source_frame,prior_shuffle_lag_frames,prior_gate_bypassed,prior_candidate,prior_consensus_pass,direct_validation_valid,direct_validation_pass,prior_common_support_pass,prior_would_use,prior_used,oracle_valid,oracle_prefers_dynamic,oracle_applied,oracle_static_translation_error_m,oracle_dynamic_translation_error_m,oracle_static_rotation_error_rad,oracle_dynamic_rotation_error_rad,shadow_translation_active,shadow_translation_applied,shadow_translation_remaining,shadow_translation_innovation_m,shadow_translation_stop_reason,shadow_translation_factor_injected,posterior_valid,posterior_pass,posterior_static_inliers,posterior_dynamic_inliers,posterior_common_support,posterior_static_score,posterior_dynamic_score,velocity_neutralized,prior_information,prior_objects_observed,prior_objects_used,prior_feature_tracks,prior_inlier_tracks,prior_static_matches,prior_dynamic_matches,prior_static_inliers,prior_dynamic_inliers,prior_common_support,prior_static_common_score,prior_dynamic_common_score,direct_common_support,direct_static_depth_score,direct_dynamic_depth_score,direct_static_photometric_score,direct_dynamic_photometric_score,direct_static_combined_score,direct_dynamic_combined_score,trajectory_carried_forward,mask_pose_predicted,temporal_refinement_applied,temporal_recovered_static_pixels,temporal_added_dynamic_pixels,temporal_flow_guard_valid,temporal_flow_guard_rejected_pixels,temporal_recovery_risk_active,temporal_recovery_risk_previous_inliers,temporal_recovery_risk_hold_remaining,tracking_recovery_candidate_pixels,tracking_recovery_blocked_pixels,tracking_recovery_audit_pixels,tracking_recovery_mapping_leak_pixels,static_mask_ratio,mapping_weight_present,mapping_static_ratio,adaptive_feature_active,adaptive_feature_previous_inliers,adaptive_fast_threshold,extracted_features
0,1548265882.499629974,2,1,0,0.008239204,0.000000056,0.012913723,0.021152983,0.181048177,0.000000000,0,0,0,0,0,0,0,0,0,0,0,0,0,0,0,-1.000000000,-1.000000000,-1.000000000,-1.000000000,0,0,0,-1.000000000,none,0,0,0,-1,-1,0,-1.000000000,-1.000000000,0,0.000000000,0,0,0,0,-1,-1,-1,-1,0,-1.000000000,-1.000000000,0,-1.000000000,-1.000000000,-1.000000000,-1.000000000,-1.000000000,-1.000000000,0,0,0,0,0,0,0,0,-1,0,0,0,0,0,0.818951845,1,0.818951823,0,-1,20,1472
1,1548265882.533149958,2,1,0,0.016311547,0.000000124,0.020338805,0.036650476,0.366832682,0.000000000,0,0,1,0,0,0,0,0,0,0,0,0,0,0,0,-1.000000000,-1.000000000,-1.000000000,-1.000000000,0,0,0,-1.000000000,none,0,0,0,-1,-1,0,-1.000000000,-1.000000000,0,0.000000000,0,0,0,0,-1,-1,-1,-1,0,-1.000000000,-1.000000000,0,-1.000000000,-1.000000000,-1.000000000,-1.000000000,-1.000000000,-1.000000000,0,0,0,0,0,1,0,0,0,0,0,0,0,0,0.633167326,1,0.633167318,0,0,20,1484
2,1548265882.566560030,2,1,0,0.018025585,0.000000138,0.015726194,0.033751917,0.462604167,0.000000000,0,0,2,0,0,0,0,0,0,0,0,0,0,0,0,-1.000000000,-1.000000000,-1.000000000,-1.000000000,0,0,0,-1.000000000,none,0,0,0,-1,-1,0,-1.000000000,-1.000000000,0,0.000000000,0,0,0,0,-1,-1,-1,-1,0,-1.000000000,-1.000000000,0,-1.000000000,-1.000000000,-1.000000000,-1.000000000,-1.000000000,-1.000000000,0,1,0,0,0,1,0,0,597,0,0,0,0,0,0.537395835,1,0.537395833,0,597,20,1223
3,1548265882.600029945,2,1,0,0.017083078,0.000000120,0.017442465,0.034525663,0.392626953,0.000000000,0,0,3,0,0,0,0,0,0,0,0,0,0,0,0,-1.000000000,-1.000000000,-1.000000000,-1.000000000,0,0,0,-1.000000000,none,0,0,0,-1,-1,0,-1.000000000,-1.000000000,0,0.000000000,0,0,0,0,-1,-1,-1,-1,0,-1.000000000,-1.000000000,0,-1.000000000,-1.000000000,-1.000000000,-1.000000000,-1.000000000,-1.000000000,0,1,0,0,0,1,0,0,338,0,0,0,0,0,0.607373059,1,0.607373047,0,338,20,1443
4,1548265882.633440018,2,1,0,0.017732104,0.000000126,0.016590457,0.034322687,0.313763021,0.000000000,0,0,4,0,0,0,0,0,0,0,0,0,0,0,0,-1.000000000,-1.000000000,-1.000000000,-1.000000000,0,0,0,-1.000000000,none,0,0,0,-1,-1,0,-1.000000000,-1.000000000,0,0.000000000,0,0,0,0,-1,-1,-1,-1,0,-1.000000000,-1.000000000,0,-1.000000000,-1.000000000,-1.000000000,-1.000000000,-1.000000000,-1.000000000,0,1,0,0,0,1,0,0,625,0,0,0,0,0,0.686236978,1,0.686236979,0,625,20,1459
5,1548265882.665210009,2,1,0,0.021511079,0.000000082,0.015666795,0.037177956,0.372962240,0.000000000,0,0,5,0,0,0,0,0,0,0,0,0,0,0,0,-1.000000000,-1.000000000,-1.000000000,-1.000000000,0,0,0,-1.000000000,none,0,0,0,-1,-1,0,-1.000000000,-1.000000000,0,0.000000000,0,0,0,0,-1,-1,-1,-1,0,-1.000000000,-1.000000000,0,-1.000000000,-1.000000000,-1.000000000,-1.000000000,-1.000000000,-1.000000000,0,1,0,0,0,1,0,0,573,0,0,0,0,0,0.627037764,1,0.627037760,0,573,20,1457
6,1548265882.698669910,2,1,0,0.021611763,0.000000236,0.015686356,0.037298355,0.431806641,0.000000000,0,0,6,0,0,0,0,0,0,0,0,0,0,0,0,-1.000000000,-1.000000000,-1.000000000,-1.000000000,0,0,0,-1.000000000,none,0,0,0,-1,-1,0,-1.000000000,-1.000000000,0,0.000000000,0,0,0,0,-1,-1,-1,-1,0,-1.000000000,-1.000000000,0,-1.000000000,-1.000000000,-1.000000000,-1.000000000,-1.000000000,-1.000000000,0,1,0,0,0,1,0,0,539,0,0,0,0,0,0.568193376,1,0.568193359,0,539,20,1253
7,1548265882.732180119,2,1,0,0.020008332,0.000000066,0.018071507,0.038079905,0.322587891,0.000000000,0,0,7,0,0,0,0,0,0,0,0,0,0,0,0,-1.000000000,-1.000000000,-1.000000000,-1.000000000,0,0,0,-1.000000000,none,0,0,0,-1,-1,0,-1.000000000,-1.000000000,0,0.000000000,0,0,0,0,-1,-1,-1,-1,0,-1.000000000,-1.000000000,0,-1.000000000,-1.000000000,-1.000000000,-1.000000000,-1.000000000,-1.000000000,0,1,0,0,0,1,0,0,525,0,0,0,0,0,0.677412093,1,0.677412109,0,525,20,1526
8,1548265882.765670061,2,1,0,0.017307931,0.000000110,0.014970191,0.032278232,0.289560547,0.000000000,0,0,8,0,0,0,0,0,0,0,0,0,0,0,0,-1.000000000,-1.000000000,-1.000000000,-1.000000000,0,0,0,-1.000000000,none,0,0,0,-1,-1,0,-1.000000000,-1.000000000,0,0.000000000,0,0,0,0,-1,-1,-1,-1,0,-1.000000000,-1.000000000,0,-1.000000000,-1.000000000,-1.000000000,-1.000000000,-1.000000000,-1.000000000,0,1,0,0,0,1,0,0,637,0,0,0,0,0,0.710439444,1,0.710439453,0,637,20,1516
9,1548265882.799210072,2,1,0,0.016068234,0.000000108,0.015487535,0.031555877,0.280566406,0.000000000,0,0,9,0,0,0,0,0,0,0,0,0,0,0,0,-1.000000000,-1.000000000,-1.000000000,-1.000000000,0,0,0,-1.000000000,none,0,0,0,-1,-1,0,-1.000000000,-1.000000000,0,0.000000000,0,0,0,0,-1,-1,-1,-1,0,-1.000000000,-1.000000000,0,-1.000000000,-1.000000000,-1.000000000,-1.000000000,-1.000000000,-1.000000000,0,1,0,0,0,1,0,0,634,0,0,0,0,0,0.719433606,1,0.719433594,0,634,20,1455
10,1548265882.832700014,2,1,0,0.014681155,0.000000123,0.019633495,0.034314773,0.278125000,0.000000000,0,0,10,0,0,0,0,0,0,0,0,0,0,0,0,-1.000000000,-1.000000000,-1.000000000,-1.000000000,0,0,0,-1.000000000,none,0,0,0,-1,-1,0,-1.000000000,-1.000000000,0,0.000000000,0,0,0,0,-1,-1,-1,-1,0,-1.000000000,-1.000000000,0,-1.000000000,-1.000000000,-1.000000000,-1.000000000,-1.000000000,-1.000000000,0,1,0,0,0,1,0,0,580,0,0,0,0,0,0.721875012,1,0.721875000,0,580,20,1573
11,1548265882.866179943,2,1,0,0.013106413,0.000000119,0.018646073,0.031752605,0.212718099,0.000000000,0,0,11,0,0,0,0,0,0,0,0,0,0,0,0,-1.000000000,-1.000000000,-1.000000000,-1.000000000,0,0,0,-1.000000000,none,0,0,0,-1,-1,0,-1.000000000,-1.000000000,0,0.000000000,0,0,0,0,-1,-1,-1,-1,0,-1.000000000,-1.000000000,0,-1.000000000,-1.000000000,-1.000000000,-1.000000000,-1.000000000,-1.000000000,0,1,0,0,0,1,0,0,739,0,0,0,0,0,0.787281930,1,0.787281901,0,739,20,1596
12,1548265882.899699926,2,1,0,0.019668635,0.000000053,0.018050597,0.037719285,0.268245443,0.000000000,0,0,12,0,0,0,0,0,0,0,0,0,0,0,0,-1.000000000,-1.000000000,-1.000000000,-1.000000000,0,0,0,-1.000000000,none,0,0,0,-1,-1,0,-1.000000000,-1.000000000,0,0.000000000,0,0,0,0,-1,-1,-1,-1,0,-1.000000000,-1.000000000,0,-1.000000000,-1.000000000,-1.000000000,-1.000000000,-1.000000000,-1.000000000,0,1,0,0,0,1,0,0,711,0,0,0,0,0,0.731754541,1,0.731754557,0,711,20,1601
13,1548265882.933209896,2,1,0,0.016011037,0.000000107,0.015130280,0.031141424,0.283089193,0.000000000,0,0,13,0,0,0,0,0,0,0,0,0,0,0,0,-1.000000000,-1.000000000,-1.000000000,-1.000000000,0,0,0,-1.000000000,none,0,0,0,-1,-1,0,-1.000000000,-1.000000000,0,0.000000000,0,0,0,0,-1,-1,-1,-1,0,-1.000000000,-1.000000000,0,-1.000000000,-1.000000000,-1.000000000,-1.000000000,-1.000000000,-1.000000000,0,1,0,0,0,1,0,0,677,0,0,0,0,0,0.716910779,1,0.716910807,0,677,20,1574
14,1548265882.966730118,2,1,0,0.014034653,0.000000119,0.015052232,0.029087004,0.288447266,0.000000000,0,0,14,0,0,0,0,0,0,0,0,0,0,0,0,-1.000000000,-1.000000000,-1.000000000,-1.000000000,0,0,0,-1.000000000,none,0,0,0,-1,-1,0,-1.000000000,-1.000000000,0,0.000000000,0,0,0,0,-1,-1,-1,-1,0,-1.000000000,-1.000000000,0,-1.000000000,-1.000000000,-1.000000000,-1.000000000,-1.000000000,-1.000000000,0,1,0,0,0,1,0,0,655,0,0,0,0,0,0.711552739,1,0.711552734,0,655,20,1594
15,1548265883.000250101,2,1,0,0.014918689,0.000000182,0.014868240,0.029787111,0.294016927,0.000000000,0,0,15,0,0,0,0,0,0,0,0,0,0,0,0,-1.000000000,-1.000000000,-1.000000000,-1.000000000,0,0,0,-1.000000000,none,0,0,0,-1,-1,0,-1.000000000,-1.000000000,0,0.000000000,0,0,0,0,-1,-1,-1,-1,0,-1.000000000,-1.000000000,0,-1.000000000,-1.000000000,-1.000000000,-1.000000000,-1.000000000,-1.000000000,0,1,0,0,0,1,0,0,669,0,0,0,0,0,0.705983102,1,0.705983073,0,669,20,1558
16,1548265883.033799887,2,1,0,0.015863331,0.000000137,0.015961494,0.031824962,0.279560547,0.000000000,0,0,16,0,0,0,0,0,0,0,0,0,0,0,0,-1.000000000,-1.000000000,-1.000000000,-1.000000000,0,0,0,-1.000000000,none,0,0,0,-1,-1,0,-1.000000000,-1.000000000,0,0.000000000,0,0,0,0,-1,-1,-1,-1,0,-1.000000000,-1.000000000,0,-1.000000000,-1.000000000,-1.000000000,-1.000000000,-1.000000000,-1.000000000,0,1,0,0,0,1,0,0,653,0,0,0,0,0,0.720439434,1,0.720439453,0,653,20,1569
17,1548265883.067339897,2,1,0,0.013900332,0.000000106,0.017029645,0.030930083,0.211891276,0.000000000,0,0,17,0,0,0,0,0,0,0,0,0,0,0,0,-1.000000000,-1.000000000,-1.000000000,-1.000000000,0,0,0,-1.000000000,none,0,0,0,-1,-1,0,-1.000000000,-1.000000000,0,0.000000000,0,0,0,0,-1,-1,-1,-1,0,-1.000000000,-1.000000000,0,-1.000000000,-1.000000000,-1.000000000,-1.000000000,-1.000000000,-1.000000000,0,1,0,0,0,1,0,0,649,0,0,0,0,0,0.788108706,1,0.788108724,0,649,20,1577
18,1548265883.100860119,2,1,0,0.013542864,0.000000263,0.017832785,0.031375912,0.290377604,0.000000000,0,0,18,0,0,0,0,0,0,0,0,0,0,0,0,-1.000000000,-1.000000000,-1.000000000,-1.000000000,0,0,0,-1.000000000,none,0,0,0,-1,-1,0,-1.000000000,-1.000000000,0,0.000000000,0,0,0,0,-1,-1,-1,-1,0,-1.000000000,-1.000000000,0,-1.000000000,-1.000000000,-1.000000000,-1.000000000,-1.000000000,-1.000000000,0,1,0,0,0,1,0,0,649,0,0,0,0,0,0.709622383,1,0.709622396,0,649,20,1572
19,1548265883.134399891,2,1,0,0.012665769,0.000000140,0.016949997,0.029615906,0.180751953,0.000000000,0,0,19,0,0,0,0,0,0,0,0,0,0,0,0,-1.000000000,-1.000000000,-1.000000000,-1.000000000,0,0,0,-1.000000000,none,0,0,0,-1,-1,0,-1.000000000,-1.000000000,0,0.000000000,0,0,0,0,-1,-1,-1,-1,0,-1.000000000,-1.000000000,0,-1.000000000,-1.000000000,-1.000000000,-1.000000000,-1.000000000,-1.000000000,0,1,0,0,0,1,0,0,673,0,0,0,0,0,0.819248021,1,0.819248047,0,673,20,1581
20,1548265883.167910099,2,1,0,0.014372289,0.000000167,0.017094688,0.031467144,0.310351563,0.000000000,0,0,20,0,0,0,0,0,0,0,0,0,0,0,0,-1.000000000,-1.000000000,-1.000000000,-1.000000000,0,0,0,-1.000000000,none,0,0,0,-1,-1,0,-1.000000000,-1.000000000,0,0.000000000,0,0,0,0,-1,-1,-1,-1,0,-1.000000000,-1.000000000,0,-1.000000000,-1.000000000,-1.000000000,-1.000000000,-1.000000000,-1.000000000,0,1,0,0,0,1,0,0,644,0,0,0,0,0,0.689648449,1,0.689648438,0,644,20,1552
21,1548265883.201430082,2,1,0,0.014179578,0.000000129,0.017068407,0.031248114,0.201158854,0.000000000,0,0,21,0,0,0,0,0,0,0,0,0,0,0,0,-1.000000000,-1.000000000,-1.000000000,-1.000000000,0,0,0,-1.000000000,none,0,0,0,-1,-1,0,-1.000000000,-1.000000000,0,0.000000000,0,0,0,0,-1,-1,-1,-1,0,-1.000000000,-1.000000000,0,-1.000000000,-1.000000000,-1.000000000,-1.000000000,-1.000000000,-1.000000000,0,1,0,0,0,1,0,0,639,0,0,0,0,0,0.798841119,1,0.798841146,0,639,20,1564
22,1548265883.234950066,2,1,0,0.016070084,0.000000132,0.017199106,0.033269322,0.237945964,0.000000000,0,0,22,0,0,0,0,0,0,0,0,0,0,0,0,-1.000000000,-1.000000000,-1.000000000,-1.000000000,0,0,0,-1.000000000,none,0,0,0,-1,-1,0,-1.000000000,-1.000000000,0,0.000000000,0,0,0,0,-1,-1,-1,-1,0,-1.000000000,-1.000000000,0,-1.000000000,-1.000000000,-1.000000000,-1.000000000,-1.000000000,-1.000000000,0,1,0,0,0,1,0,0,612,0,0,0,0,0,0.762054026,1,0.762054036,0,612,20,1528
23,1548265883.268460035,2,1,0,0.016936602,0.000000057,0.015050018,0.031986677,0.226529948,0.000000000,0,0,23,0,0,0,0,0,0,0,0,0,0,0,0,-1.000000000,-1.000000000,-1.000000000,-1.000000000,0,0,0,-1.000000000,none,0,0,0,-1,-1,0,-1.000000000,-1.000000000,0,0.000000000,0,0,0,0,-1,-1,-1,-1,0,-1.000000000,-1.000000000,0,-1.000000000,-1.000000000,-1.000000000,-1.000000000,-1.000000000,-1.000000000,0,1,0,0,0,1,0,0,571,0,0,0,0,0,0.773470044,1,0.773470052,0,571,20,1469
24,1548265883.301800013,2,1,0,0.015801186,0.000000067,0.017056942,0.032858195,0.264755859,0.000000000,0,0,24,0,0,0,0,0,0,0,0,0,0,0,0,-1.000000000,-1.000000000,-1.000000000,-1.000000000,0,0,0,-1.000000000,none,0,0,0,-1,-1,0,-1.000000000,-1.000000000,0,0.000000000,0,0,0,0,-1,-1,-1,-1,0,-1.000000000,-1.000000000,0,-1.000000000,-1.000000000,-1.000000000,-1.000000000,-1.000000000,-1.000000000,0,1,0,0,0,1,0,0,558,0,0,0,0,0,0.735244155,1,0.735244141,0,558,20,1448
25,1548265883.335309982,2,1,0,0.014481010,0.000000111,0.015924353,0.030405474,0.265950521,0.000000000,0,0,25,0,0,0,0,0,0,0,0,0,0,0,0,-1.000000000,-1.000000000,-1.000000000,-1.000000000,0,0,0,-1.000000000,none,0,0,0,-1,-1,0,-1.000000000,-1.000000000,0,0.000000000,0,0,0,0,-1,-1,-1,-1,0,-1.000000000,-1.000000000,0,-1.000000000,-1.000000000,-1.000000000,-1.000000000,-1.000000000,-1.000000000,0,1,0,0,0,1,0,0,499,0,0,0,0,0,0.734049499,1,0.734049479,0,499,20,1425
26,1548265883.368829966,2,1,0,0.015207516,0.000000133,0.015226693,0.030434342,0.271188151,0.000000000,0,0,26,0,0,0,0,0,0,0,0,0,0,0,0,-1.000000000,-1.000000000,-1.000000000,-1.000000000,0,0,0,-1.000000000,none,0,0,0,-1,-1,0,-1.000000000,-1.000000000,0,0.000000000,0,0,0,0,-1,-1,-1,-1,0,-1.000000000,-1.000000000,0,-1.000000000,-1.000000000,-1.000000000,-1.000000000,-1.000000000,-1.000000000,0,1,0,0,0,1,0,0,705,0,0,0,0,0,0.728811860,1,0.728811849,0,705,20,1328
27,1548265883.402280092,2,1,0,0.013477073,0.000000108,0.013971463,0.027448644,0.370032552,0.000000000,0,0,27,0,0,0,0,0,0,0,0,0,0,0,0,-1.000000000,-1.000000000,-1.000000000,-1.000000000,0,0,0,-1.000000000,none,0,0,0,-1,-1,0,-1.000000000,-1.000000000,0,0.000000000,0,0,0,0,-1,-1,-1,-1,0,-1.000000000,-1.000000000,0,-1.000000000,-1.000000000,-1.000000000,-1.000000000,-1.000000000,-1.000000000,0,1,0,0,0,1,0,0,646,0,0,0,0,0,0.629967451,1,0.629967448,0,646,20,1314
28,1548265883.435790062,2,1,0,0.021433863,0.000000058,0.018962416,0.040396337,0.254505208,0.000000000,0,0,28,0,0,0,0,0,0,0,0,0,0,0,0,-1.000000000,-1.000000000,-1.000000000,-1.000000000,0,0,0,-1.000000000,none,0,0,0,-1,-1,0,-1.000000000,-1.000000000,0,0.000000000,0,0,0,0,-1,-1,-1,-1,0,-1.000000000,-1.000000000,0,-1.000000000,-1.000000000,-1.000000000,-1.000000000,-1.000000000,-1.000000000,0,1,0,0,0,1,0,0,601,0,0,0,0,0,0.745494783,1,0.745494792,0,601,20,1296
29,1548265883.469300032,2,1,0,0.017789505,0.000000043,0.016019484,0.033809032,0.321523438,0.000000000,0,0,29,0,0,0,0,0,0,0,0,0,0,0,0,-1.000000000,-1.000000000,-1.000000000,-1.000000000,0,0,0,-1.000000000,none,0,0,0,-1,-1,0,-1.000000000,-1.000000000,0,0.000000000,0,0,0,0,-1,-1,-1,-1,0,-1.000000000,-1.000000000,0,-1.000000000,-1.000000000,-1.000000000,-1.000000000,-1.000000000,-1.000000000,0,1,0,0,0,1,0,0,565,0,0,0,0,0,0.678476572,1,0.678476562,0,565,20,1231
30,1548265883.502820015,2,1,0,0.017856605,0.000000145,0.021547518,0.039404268,0.331809896,0.000000000,0,0,30,0,0,0,0,0,0,0,0,0,0,0,0,-1.000000000,-1.000000000,-1.000000000,-1.000000000,0,0,0,-1.000000000,none,0,0,0,-1,-1,0,-1.000000000,-1.000000000,0,0.000000000,0,0,0,0,-1,-1,-1,-1,0,-1.000000000,-1.000000000,0,-1.000000000,-1.000000000,-1.000000000,-1.000000000,-1.000000000,-1.000000000,0,1,0,0,0,1,0,0,497,0,0,0,0,0,0.668190122,1,0.668190104,0,497,20,1260
31,1548265883.536329985,2,1,0,0.018915261,0.000000300,0.017466276,0.036381837,0.308115234,0.000000000,0,0,31,0,0,0,0,0,0,0,0,0,0,0,0,-1.000000000,-1.000000000,-1.000000000,-1.000000000,0,0,0,-1.000000000,none,0,0,0,-1,-1,0,-1.000000000,-1.000000000,0,0.000000000,0,0,0,0,-1,-1,-1,-1,0,-1.000000000,-1.000000000,0,-1.000000000,-1.000000000,-1.000000000,-1.000000000,-1.000000000,-1.000000000,0,1,0,0,0,1,0,0,559,0,0,0,0,0,0.691884756,1,0.691884766,0,559,20,1158
32,1548265883.569819927,2,1,0,0.038243766,0.000000076,0.017959622,0.056203464,0.376464844,0.000000000,0,0,32,0,0,0,0,0,0,0,0,0,0,0,0,-1.000000000,-1.000000000,-1.000000000,-1.000000000,0,0,0,-1.000000000,none,0,0,0,-1,-1,0,-1.000000000,-1.000000000,0,0.000000000,0,0,0,0,-1,-1,-1,-1,0,-1.000000000,-1.000000000,0,-1.000000000,-1.000000000,-1.000000000,-1.000000000,-1.000000000,-1.000000000,0,1,0,0,0,1,0,0,500,0,0,0,0,0,0.623535156,1,0.623535156,0,500,20,1159
33,1548265883.603339911,2,1,0,0.021861537,0.000000123,0.019333219,0.041194879,0.347451172,0.000000000,0,0,33,0,0,0,0,0,0,0,0,0,0,0,0,-1.000000000,-1.000000000,-1.000000000,-1.000000000,0,0,0,-1.000000000,none,0,0,0,-1,-1,0,-1.000000000,-1.000000000,0,0.000000000,0,0,0,0,-1,-1,-1,-1,0,-1.000000000,-1.000000000,0,-1.000000000,-1.000000000,-1.000000000,-1.000000000,-1.000000000,-1.000000000,0,1,0,0,0,1,0,0,408,0,0,0,0,0,0.652548850,1,0.652548828,0,408,20,1152
34,1548265883.636850119,2,1,0,0.020814698,0.000000113,0.012346861,0.033161672,0.348668620,0.000000000,0,0,34,0,0,0,0,0,0,0,0,0,0,0,0,-1.000000000,-1.000000000,-1.000000000,-1.000000000,0,0,0,-1.000000000,none,0,0,0,-1,-1,0,-1.000000000,-1.000000000,0,0.000000000,0,0,0,0,-1,-1,-1,-1,0,-1.000000000,-1.000000000,0,-1.000000000,-1.000000000,-1.000000000,-1.000000000,-1.000000000,-1.000000000,0,1,0,0,0,1,0,0,529,0,0,0,0,0,0.651331365,1,0.651331380,0,529,20,1162
35,1548265883.670370102,2,1,0,0.018675939,0.000000125,0.013371665,0.032047729,0.357324219,0.000000000,0,0,35,0,0,0,0,0,0,0,0,0,0,0,0,-1.000000000,-1.000000000,-1.000000000,-1.000000000,0,0,0,-1.000000000,none,0,0,0,-1,-1,0,-1.000000000,-1.000000000,0,0.000000000,0,0,0,0,-1,-1,-1,-1,0,-1.000000000,-1.000000000,0,-1.000000000,-1.000000000,-1.000000000,-1.000000000,-1.000000000,-1.000000000,0,1,0,0,0,1,0,0,428,0,0,0,0,0,0.642675757,1,0.642675781,0,428,20,1188
36,1548265883.703910112,2,1,0,0.030422134,0.000000138,0.019528016,0.049950288,0.377737630,0.000000000,0,0,36,0,0,0,0,0,0,0,0,0,0,0,0,-1.000000000,-1.000000000,-1.000000000,-1.000000000,0,0,0,-1.000000000,none,0,0,0,-1,-1,0,-1.000000000,-1.000000000,0,0.000000000,0,0,0,0,-1,-1,-1,-1,0,-1.000000000,-1.000000000,0,-1.000000000,-1.000000000,-1.000000000,-1.000000000,-1.000000000,-1.000000000,0,1,0,0,0,1,0,0,456,0,0,0,0,0,0.622262359,1,0.622262370,0,456,20,1160
37,1548265883.737430096,2,1,0,0.030683083,0.000000309,0.012617471,0.043300863,0.429781901,0.000000000,0,0,37,0,0,0,0,0,0,0,0,0,0,0,0,-1.000000000,-1.000000000,-1.000000000,-1.000000000,0,0,0,-1.000000000,none,0,0,0,-1,-1,0,-1.000000000,-1.000000000,0,0.000000000,0,0,0,0,-1,-1,-1,-1,0,-1.000000000,-1.000000000,0,-1.000000000,-1.000000000,-1.000000000,-1.000000000,-1.000000000,-1.000000000,0,1,0,0,0,1,0,0,420,0,0,0,0,0,0.570218086,1,0.570218099,0,420,20,1001
38,1548265883.770950079,2,1,0,0.032716221,0.000000111,0.015549354,0.048265686,0.359736328,0.000000000,0,0,38,0,0,0,0,0,0,0,0,0,0,0,0,-1.000000000,-1.000000000,-1.000000000,-1.000000000,0,0,0,-1.000000000,none,0,0,0,-1,-1,0,-1.000000000,-1.000000000,0,0.000000000,0,0,0,0,-1,-1,-1,-1,0,-1.000000000,-1.000000000,0,-1.000000000,-1.000000000,-1.000000000,-1.000000000,-1.000000000,-1.000000000,0,1,0,0,0,1,0,0,290,0,0,0,0,0,0.640263677,1,0.640263672,0,290,20,1182
39,1548265883.804529905,2,1,0,0.039750305,0.000000111,0.012695214,0.052445630,0.352916667,0.000000000,0,0,39,0,0,0,0,0,0,0,0,0,0,0,0,-1.000000000,-1.000000000,-1.000000000,-1.000000000,0,0,0,-1.000000000,none,0,0,0,-1,-1,0,-1.000000000,-1.000000000,0,0.000000000,0,0,0,0,-1,-1,-1,-1,0,-1.000000000,-1.000000000,0,-1.000000000,-1.000000000,-1.000000000,-1.000000000,-1.000000000,-1.000000000,0,1,1,7533,0,1,20647,0,420,0,7281,7281,0,0,0.647083342,1,0.647083333,0,420,20,1153
40,1548265883.838180065,2,1,0,0.036613877,0.000000076,0.013974507,0.050588460,0.316767578,0.000000000,0,0,40,0,0,0,0,0,0,0,0,0,0,0,0,-1.000000000,-1.000000000,-1.000000000,-1.000000000,0,0,0,-1.000000000,none,0,0,0,-1,-1,0,-1.000000000,-1.000000000,0,0.000000000,0,0,0,0,-1,-1,-1,-1,0,-1.000000000,-1.000000000,0,-1.000000000,-1.000000000,-1.000000000,-1.000000000,-1.000000000,-1.000000000,0,1,1,7749,0,1,21930,0,380,0,7532,7532,0,0,0.683232427,1,0.683232422,0,380,20,1248
41,1548265883.871939898,2,1,0,0.032251737,0.000000121,0.014370735,0.046622593,0.300227865,0.000000000,0,0,41,0,0,0,0,0,0,0,0,0,0,0,0,-1.000000000,-1.000000000,-1.000000000,-1.000000000,0,0,0,-1.000000000,none,0,0,0,-1,-1,0,-1.000000000,-1.000000000,0,0.000000000,0,0,0,0,-1,-1,-1,-1,0,-1.000000000,-1.000000000,0,-1.000000000,-1.000000000,-1.000000000,-1.000000000,-1.000000000,-1.000000000,0,1,1,7266,0,1,15386,0,440,0,6989,6989,0,0,0.699772120,1,0.699772135,0,440,20,1265
42,1548265883.905459881,2,1,0,0.026010411,0.000000195,0.013873299,0.039883905,0.283723958,0.000000000,0,0,42,0,0,0,0,0,0,0,0,0,0,0,0,-1.000000000,-1.000000000,-1.000000000,-1.000000000,0,0,0,-1.000000000,none,0,0,0,-1,-1,0,-1.000000000,-1.000000000,0,0.000000000,0,0,0,0,-1,-1,-1,-1,0,-1.000000000,-1.000000000,0,-1.000000000,-1.000000000,-1.000000000,-1.000000000,-1.000000000,-1.000000000,0,1,1,6710,0,1,18605,0,450,0,6485,6485,0,0,0.716276050,1,0.716276042,0,450,20,1280
43,1548265883.938999891,2,1,0,0.031762723,0.000000132,0.013851692,0.045614547,0.269632161,0.000000000,0,0,43,0,0,0,0,0,0,0,0,0,0,0,0,-1.000000000,-1.000000000,-1.000000000,-1.000000000,0,0,0,-1.000000000,none,0,0,0,-1,-1,0,-1.000000000,-1.000000000,0,0.000000000,0,0,0,0,-1,-1,-1,-1,0,-1.000000000,-1.000000000,0,-1.000000000,-1.000000000,-1.000000000,-1.000000000,-1.000000000,-1.000000000,0,1,1,6899,0,1,16611,0,425,0,6726,6726,0,0,0.730367839,1,0.730367839,0,425,20,1309
44,1548265883.972510099,2,1,0,0.027418108,0.000000142,0.013641293,0.041059543,0.366598307,0.000000000,0,0,44,0,0,0,0,0,0,0,0,0,0,0,0,-1.000000000,-1.000000000,-1.000000000,-1.000000000,0,0,0,-1.000000000,none,0,0,0,-1,-1,0,-1.000000000,-1.000000000,0,0.000000000,0,0,0,0,-1,-1,-1,-1,0,-1.000000000,-1.000000000,0,-1.000000000,-1.000000000,-1.000000000,-1.000000000,-1.000000000,-1.000000000,0,1,1,6791,0,1,33821,0,403,0,6666,6666,0,0,0.633401692,1,0.633401693,0,403,20,1192
45,1548265884.006030083,2,1,0,0.029438381,0.000000185,0.014744674,0.044183240,0.323802083,0.000000000,0,0,45,0,0,0,0,0,0,0,0,0,0,0,0,-1.000000000,-1.000000000,-1.000000000,-1.000000000,0,0,0,-1.000000000,none,0,0,0,-1,-1,0,-1.000000000,-1.000000000,0,0.000000000,0,0,0,0,-1,-1,-1,-1,0,-1.000000000,-1.000000000,0,-1.000000000,-1.000000000,-1.000000000,-1.000000000,-1.000000000,-1.000000000,0,1,1,1611,0,1,30408,0,340,0,1544,1544,0,0,0.676197946,1,0.676197917,0,340,20,1381
46,1548265884.039550066,2,1,0,0.028298964,0.000000144,0.015344183,0.043643291,0.225221354,0.000000000,0,0,46,0,0,0,0,0,0,0,0,0,0,0,0,-1.000000000,-1.000000000,-1.000000000,-1.000000000,0,0,0,-1.000000000,none,0,0,0,-1,-1,0,-1.000000000,-1.000000000,0,0.000000000,0,0,0,0,-1,-1,-1,-1,0,-1.000000000,-1.000000000,0,-1.000000000,-1.000000000,-1.000000000,-1.000000000,-1.000000000,-1.000000000,0,1,1,4811,0,1,11762,0,391,0,4666,4666,0,0,0.774778664,1,0.774778646,0,391,20,1435
47,1548265884.073060036,2,1,0,0.026431744,0.000000130,0.015743837,0.042175711,0.286399740,0.000000000,0,0,47,0,0,0,0,0,0,0,0,0,0,0,0,-1.000000000,-1.000000000,-1.000000000,-1.000000000,0,0,0,-1.000000000,none,0,0,0,-1,-1,0,-1.000000000,-1.000000000,0,0.000000000,0,0,0,0,-1,-1,-1,-1,0,-1.000000000,-1.000000000,0,-1.000000000,-1.000000000,-1.000000000,-1.000000000,-1.000000000,-1.000000000,0,1,1,2886,0,1,21122,0,393,0,2759,2759,0,0,0.713600278,1,0.713600260,0,393,20,1413
48,1548265884.106580019,2,1,0,0.028827946,0.000000052,0.013918986,0.042746984,0.315348307,0.000000000,0,0,48,0,0,0,0,0,0,0,0,0,0,0,0,-1.000000000,-1.000000000,-1.000000000,-1.000000000,0,0,0,-1.000000000,none,0,0,0,-1,-1,0,-1.000000000,-1.000000000,0,0.000000000,0,0,0,0,-1,-1,-1,-1,0,-1.000000000,-1.000000000,0,-1.000000000,-1.000000000,-1.000000000,-1.000000000,-1.000000000,-1.000000000,0,1,1,2334,0,1,25036,0,370,0,2157,2157,0,0,0.684651673,1,0.684651693,0,370,20,1450
49,1548265884.140089989,2,1,0,0.024555742,0.000000053,0.012312536,0.036868331,0.231373698,0.000000000,0,0,49,0,0,0,0,0,0,0,0,0,0,0,0,-1.000000000,-1.000000000,-1.000000000,-1.000000000,0,0,0,-1.000000000,none,0,0,0,-1,-1,0,-1.000000000,-1.000000000,0,0.000000000,0,0,0,0,-1,-1,-1,-1,0,-1.000000000,-1.000000000,0,-1.000000000,-1.000000000,-1.000000000,-1.000000000,-1.000000000,-1.000000000,0,1,1,3422,0,1,12088,0,329,0,3244,3244,0,0,0.768626273,1,0.768626302,0,329,20,1287
50,1548265884.173589945,2,1,0,0.029717638,0.000000183,0.015178389,0.044896210,0.277451172,0.000000000,0,0,50,0,0,0,0,0,0,0,0,0,0,0,0,-1.000000000,-1.000000000,-1.000000000,-1.000000000,0,0,0,-1.000000000,none,0,0,0,-1,-1,0,-1.000000000,-1.000000000,0,0.000000000,0,0,0,0,-1,-1,-1,-1,0,-1.000000000,-1.000000000,0,-1.000000000,-1.000000000,-1.000000000,-1.000000000,-1.000000000,-1.000000000,0,1,1,3843,0,1,20706,0,311,0,3740,3740,0,0,0.722548842,1,0.722548828,0,311,20,1446
51,1548265884.206969976,2,1,0,0.026947313,0.000000138,0.013867382,0.040814833,0.204847005,0.000000000,0,0,51,0,0,0,0,0,0,0,0,0,0,0,0,-1.000000000,-1.000000000,-1.000000000,-1.000000000,0,0,0,-1.000000000,none,0,0,0,-1,-1,0,-1.000000000,-1.000000000,0,0.000000000,0,0,0,0,-1,-1,-1,-1,0,-1.000000000,-1.000000000,0,-1.000000000,-1.000000000,-1.000000000,-1.000000000,-1.000000000,-1.000000000,0,1,1,4787,0,1,10619,0,297,0,4622,4622,0,0,0.795153022,1,0.795152995,0,297,20,1492
52,1548265884.240469933,2,1,0,0.028589495,0.000000108,0.021502663,0.050092266,0.264163411,0.000000000,0,0,52,0,0,0,0,0,0,0,0,0,0,0,0,-1.000000000,-1.000000000,-1.000000000,-1.000000000,0,0,0,-1.000000000,none,0,0,0,-1,-1,0,-1.000000000,-1.000000000,0,0.000000000,0,0,0,0,-1,-1,-1,-1,0,-1.000000000,-1.000000000,0,-1.000000000,-1.000000000,-1.000000000,-1.000000000,-1.000000000,-1.000000000,0,1,1,7230,0,1,18486,0,323,0,7096,7096,0,0,0.735836565,1,0.735836589,0,323,20,1235
53,1548265884.273989916,2,1,0,0.028386386,0.000000146,0.013513246,0.041899778,0.351608073,0.000000000,0,0,53,0,0,0,0,0,0,0,0,0,0,0,0,-1.000000000,-1.000000000,-1.000000000,-1.000000000,0,0,0,-1.000000000,none,0,0,0,-1,-1,0,-1.000000000,-1.000000000,0,0.000000000,0,0,0,0,-1,-1,-1,-1,0,-1.000000000,-1.000000000,0,-1.000000000,-1.000000000,-1.000000000,-1.000000000,-1.000000000,-1.000000000,0,1,1,12066,0,1,28469,0,378,0,11767,11767,0,0,0.648391902,1,0.648391927,0,378,20,1217
54,1548265884.307480097,2,1,0,0.033160079,0.000000070,0.017699975,0.050860124,0.417070312,0.000000000,0,0,54,0,0,0,0,0,0,0,0,0,0,0,0,-1.000000000,-1.000000000,-1.000000000,-1.000000000,0,0,0,-1.000000000,none,0,0,0,-1,-1,0,-1.000000000,-1.000000000,0,0.000000000,0,0,0,0,-1,-1,-1,-1,0,-1.000000000,-1.000000000,0,-1.000000000,-1.000000000,-1.000000000,-1.000000000,-1.000000000,-1.000000000,0,1,1,19268,0,1,28681,0,311,0,18988,18988,0,0,0.582929671,1,0.582929687,0,311,20,1160
55,1548265884.340990067,2,1,0,0.029414789,0.000000145,0.013730955,0.043145889,0.360400391,0.000000000,0,0,55,0,0,0,0,0,0,0,0,0,0,0,0,-1.000000000,-1.000000000,-1.000000000,-1.000000000,0,0,0,-1.000000000,none,0,0,0,-1,-1,0,-1.000000000,-1.000000000,0,0.000000000,0,0,0,0,-1,-1,-1,-1,0,-1.000000000,-1.000000000,0,-1.000000000,-1.000000000,-1.000000000,-1.000000000,-1.000000000,-1.000000000,0,1,1,9340,0,1,29914,0,416,0,9038,9038,0,0,0.639599621,1,0.639599609,0,416,20,1064
56,1548265884.374510050,2,1,0,0.032273390,0.000000083,0.015168057,0.047441530,0.366868490,0.000000000,0,0,56,0,0,0,0,0,0,0,0,0,0,0,0,-1.000000000,-1.000000000,-1.000000000,-1.000000000,0,0,0,-1.000000000,none,0,0,0,-1,-1,0,-1.000000000,-1.000000000,0,0.000000000,0,0,0,0,-1,-1,-1,-1,0,-1.000000000,-1.000000000,0,-1.000000000,-1.000000000,-1.000000000,-1.000000000,-1.000000000,-1.000000000,0,1,1,11929,0,1,34971,0,334,0,11780,11780,0,0,0.633131504,1,0.633131510,0,334,20,1229
57,1548265884.408030033,2,1,0,0.046515911,0.000000278,0.013059826,0.059576015,0.364368490,0.000000000,0,0,57,0,0,0,0,0,0,0,0,0,0,0,0,-1.000000000,-1.000000000,-1.000000000,-1.000000000,0,0,0,-1.000000000,none,0,0,0,-1,-1,0,-1.000000000,-1.000000000,0,0.000000000,0,0,0,0,-1,-1,-1,-1,0,-1.000000000,-1.000000000,0,-1.000000000,-1.000000000,-1.000000000,-1.000000000,-1.000000000,-1.000000000,0,1,1,10831,0,1,32150,0,371,0,10711,10711,0,0,0.635631502,1,0.635631510,0,371,20,1046
58,1548265884.441190004,2,1,0,0.039969254,0.000000123,0.011974280,0.051943657,0.395253906,0.000000000,0,0,58,0,0,0,0,0,0,0,0,0,0,0,0,-1.000000000,-1.000000000,-1.000000000,-1.000000000,0,0,0,-1.000000000,none,0,0,0,-1,-1,0,-1.000000000,-1.000000000,0,0.000000000,0,0,0,0,-1,-1,-1,-1,0,-1.000000000,-1.000000000,0,-1.000000000,-1.000000000,-1.000000000,-1.000000000,-1.000000000,-1.000000000,0,1,1,10331,0,1,37469,0,377,0,10184,10184,0,0,0.604746103,1,0.604746094,0,377,20,1008
59,1548265884.474709988,2,1,0,0.028659605,0.000000094,0.013024276,0.041683975,0.394388021,0.000000000,0,0,59,0,0,0,0,0,0,0,0,0,0,0,0,-1.000000000,-1.000000000,-1.000000000,-1.000000000,0,0,0,-1.000000000,none,0,0,0,-1,-1,0,-1.000000000,-1.000000000,0,0.000000000,0,0,0,0,-1,-1,-1,-1,0,-1.000000000,-1.000000000,0,-1.000000000,-1.000000000,-1.000000000,-1.000000000,-1.000000000,-1.000000000,0,1,1,11625,0,1,36044,0,311,0,11349,11349,0,0,0.605611980,1,0.605611979,0,311,20,1077
60,1548265884.508229971,2,1,0,0.034108732,0.000000112,0.012716311,0.046825155,0.340986328,0.000000000,0,0,60,0,0,0,0,0,0,0,0,0,0,0,0,-1.000000000,-1.000000000,-1.000000000,-1.000000000,0,0,0,-1.000000000,none,0,0,0,-1,-1,0,-1.000000000,-1.000000000,0,0.000000000,0,0,0,0,-1,-1,-1,-1,0,-1.000000000,-1.000000000,0,-1.000000000,-1.000000000,-1.000000000,-1.000000000,-1.000000000,-1.000000000,0,1,1,13300,0,1,34051,0,334,0,13026,13026,0,0,0.659013689,1,0.659013672,0,334,20,969
61,1548265884.541970015,2,1,0,0.031478343,0.000000069,0.015829515,0.047307927,0.384202474,0.000000000,0,0,61,0,0,0,0,0,0,0,0,0,0,0,0,-1.000000000,-1.000000000,-1.000000000,-1.000000000,0,0,0,-1.000000000,none,0,0,0,-1,-1,0,-1.000000000,-1.000000000,0,0.000000000,0,0,0,0,-1,-1,-1,-1,0,-1.000000000,-1.000000000,0,-1.000000000,-1.000000000,-1.000000000,-1.000000000,-1.000000000,-1.000000000,0,1,1,11464,0,1,45231,0,285,0,11257,11257,0,0,0.615797520,1,0.615797526,0,285,20,965
62,1548265884.575609922,2,1,0,0.031277871,0.000000137,0.013697613,0.044975621,0.339218750,0.000000000,0,0,62,0,0,0,0,0,0,0,0,0,0,0,0,-1.000000000,-1.000000000,-1.000000000,-1.000000000,0,0,0,-1.000000000,none,0,0,0,-1,-1,0,-1.000000000,-1.000000000,0,0.000000000,0,0,0,0,-1,-1,-1,-1,0,-1.000000000,-1.000000000,0,-1.000000000,-1.000000000,-1.000000000,-1.000000000,-1.000000000,-1.000000000,0,1,1,13112,0,1,34229,0,296,0,12875,12875,0,0,0.660781264,1,0.660781250,0,296,20,1064
63,1548265884.609119892,2,1,0,0.033348709,0.000000129,0.011502719,0.044851557,0.367750651,0.000000000,0,0,63,0,0,0,0,0,0,0,0,0,0,0,0,-1.000000000,-1.000000000,-1.000000000,-1.000000000,0,0,0,-1.000000000,none,0,0,0,-1,-1,0,-1.000000000,-1.000000000,0,0.000000000,0,0,0,0,-1,-1,-1,-1,0,-1.000000000,-1.000000000,0,-1.000000000,-1.000000000,-1.000000000,-1.000000000,-1.000000000,-1.000000000,0,1,1,12523,0,1,38841,0,341,0,12126,12126,0,0,0.632249355,1,0.632249349,0,341,20,1043
64,1548265884.642640114,2,1,0,0.030647579,0.000000119,0.016286810,0.046934508,0.312083333,0.000000000,0,0,64,0,0,0,0,0,0,0,0,0,0,0,0,-1.000000000,-1.000000000,-1.000000000,-1.000000000,0,0,0,-1.000000000,none,0,0,0,-1,-1,0,-1.000000000,-1.000000000,0,0.000000000,0,0,0,0,-1,-1,-1,-1,0,-1.000000000,-1.000000000,0,-1.000000000,-1.000000000,-1.000000000,-1.000000000,-1.000000000,-1.000000000,0,1,1,12212,0,1,31637,0,307,0,11971,11971,0,0,0.687916696,1,0.687916667,0,307,20,1153
65,1548265884.676150084,2,1,0,0.028146711,0.000000063,0.011812999,0.039959773,0.348317057,0.000000000,0,0,65,0,0,0,0,0,0,0,0,0,0,0,0,-1.000000000,-1.000000000,-1.000000000,-1.000000000,0,0,0,-1.000000000,none,0,0,0,-1,-1,0,-1.000000000,-1.000000000,0,0.000000000,0,0,0,0,-1,-1,-1,-1,0,-1.000000000,-1.000000000,0,-1.000000000,-1.000000000,-1.000000000,-1.000000000,-1.000000000,-1.000000000,0,1,1,10687,0,1,36179,0,332,0,10486,10486,0,0,0.651682913,1,0.651682943,0,332,20,1070
66,1548265884.709670067,2,1,0,0.030590714,0.000000114,0.020870326,0.051461154,0.397141927,0.000000000,0,0,66,0,0,0,0,0,0,0,0,0,0,0,0,-1.000000000,-1.000000000,-1.000000000,-1.000000000,0,0,0,-1.000000000,none,0,0,0,-1,-1,0,-1.000000000,-1.000000000,0,0.000000000,0,0,0,0,-1,-1,-1,-1,0,-1.000000000,-1.000000000,0,-1.000000000,-1.000000000,-1.000000000,-1.000000000,-1.000000000,-1.000000000,0,1,1,11406,0,1,43990,0,287,0,11293,11293,0,0,0.602858067,1,0.602858073,0,287,20,1150
67,1548265884.743190050,2,1,0,0.031597798,0.000000223,0.013108489,0.044706510,0.335885417,0.000000000,0,0,67,0,0,0,0,0,0,0,0,0,0,0,0,-1.000000000,-1.000000000,-1.000000000,-1.000000000,0,0,0,-1.000000000,none,0,0,0,-1,-1,0,-1.000000000,-1.000000000,0,0.000000000,0,0,0,0,-1,-1,-1,-1,0,-1.000000000,-1.000000000,0,-1.000000000,-1.000000000,-1.000000000,-1.000000000,-1.000000000,-1.000000000,0,1,1,9775,0,1,41063,0,348,0,9655,9655,0,0,0.664114594,1,0.664114583,0,348,20,1242
68,1548265884.776700020,2,1,0,0.036077928,0.000000135,0.013549592,0.049627655,0.328619792,0.000000000,0,0,68,0,0,0,0,0,0,0,0,0,0,0,0,-1.000000000,-1.000000000,-1.000000000,-1.000000000,0,0,0,-1.000000000,none,0,0,0,-1,-1,0,-1.000000000,-1.000000000,0,0.000000000,0,0,0,0,-1,-1,-1,-1,0,-1.000000000,-1.000000000,0,-1.000000000,-1.000000000,-1.000000000,-1.000000000,-1.000000000,-1.000000000,0,1,1,8017,0,1,33353,0,379,0,7864,7864,0,0,0.671380222,1,0.671380208,0,379,20,1222
69,1548265884.810220003,2,1,0,0.034457057,0.000000044,0.012445984,0.046903085,0.355354818,0.000000000,0,0,69,0,0,0,0,0,0,0,0,0,0,0,0,-1.000000000,-1.000000000,-1.000000000,-1.000000000,0,0,0,-1.000000000,none,0,0,0,-1,-1,0,-1.000000000,-1.000000000,0,0.000000000,0,0,0,0,-1,-1,-1,-1,0,-1.000000000,-1.000000000,0,-1.000000000,-1.000000000,-1.000000000,-1.000000000,-1.000000000,-1.000000000,0,1,1,6154,0,1,38510,0,351,0,6028,6028,0,0,0.644645154,1,0.644645182,0,351,20,1232
70,1548265884.843709946,2,1,0,0.034312533,0.000000171,0.015080871,0.049393575,0.392109375,0.000000000,0,0,70,0,0,0,0,0,0,0,0,0,0,0,0,-1.000000000,-1.000000000,-1.000000000,-1.000000000,0,0,0,-1.000000000,none,0,0,0,-1,-1,0,-1.000000000,-1.000000000,0,0.000000000,0,0,0,0,-1,-1,-1,-1,0,-1.000000000,-1.000000000,0,-1.000000000,-1.000000000,-1.000000000,-1.000000000,-1.000000000,-1.000000000,0,1,1,4673,0,1,42872,0,304,0,4590,4590,0,0,0.607890606,1,0.607890625,0,304,20,1358
71,1548265884.877190113,2,1,0,0.031936320,0.000000084,0.013693403,0.045629807,0.310143229,0.000000000,0,0,71,0,0,0,0,0,0,0,0,0,0,0,0,-1.000000000,-1.000000000,-1.000000000,-1.000000000,0,0,0,-1.000000000,none,0,0,0,-1,-1,0,-1.000000000,-1.000000000,0,0.000000000,0,0,0,0,-1,-1,-1,-1,0,-1.000000000,-1.000000000,0,-1.000000000,-1.000000000,-1.000000000,-1.000000000,-1.000000000,-1.000000000,0,1,1,6283,0,1,29497,0,376,0,6195,6195,0,0,0.689856768,1,0.689856771,0,376,20,1400
72,1548265884.910640001,2,1,0,0.032476004,0.000000119,0.013607453,0.046083576,0.345719401,0.000000000,0,0,72,0,0,0,0,0,0,0,0,0,0,0,0,-1.000000000,-1.000000000,-1.000000000,-1.000000000,0,0,0,-1.000000000,none,0,0,0,-1,-1,0,-1.000000000,-1.000000000,0,0.000000000,0,0,0,0,-1,-1,-1,-1,0,-1.000000000,-1.000000000,0,-1.000000000,-1.000000000,-1.000000000,-1.000000000,-1.000000000,-1.000000000,0,1,1,6258,0,1,34335,0,364,0,6022,6022,0,0,0.654280603,1,0.654280599,0,364,20,1377
73,1548265884.944159985,2,1,0,0.028353830,0.000000097,0.013386257,0.041740184,0.307617188,0.000000000,0,0,73,0,0,0,0,0,0,0,0,0,0,0,0,-1.000000000,-1.000000000,-1.000000000,-1.000000000,0,0,0,-1.000000000,none,0,0,0,-1,-1,0,-1.000000000,-1.000000000,0,0.000000000,0,0,0,0,-1,-1,-1,-1,0,-1.000000000,-1.000000000,0,-1.000000000,-1.000000000,-1.000000000,-1.000000000,-1.000000000,-1.000000000,0,1,1,7743,0,1,24624,0,349,0,7569,7569,0,0,0.692382812,1,0.692382812,0,349,20,1401
74,1548265884.977740049,2,1,0,0.030079165,0.000000132,0.012913633,0.042992930,0.323818359,0.000000000,0,0,74,0,0,0,0,0,0,0,0,0,0,0,0,-1.000000000,-1.000000000,-1.000000000,-1.000000000,0,0,0,-1.000000000,none,0,0,0,-1,-1,0,-1.000000000,-1.000000000,0,0.000000000,0,0,0,0,-1,-1,-1,-1,0,-1.000000000,-1.000000000,0,-1.000000000,-1.000000000,-1.000000000,-1.000000000,-1.000000000,-1.000000000,0,1,1,7536,0,1,27785,0,340,0,7240,7240,0,0,0.676181614,1,0.676181641,0,340,20,1367
75,1548265885.011250019,2,1,0,0.040019881,0.000000149,0.016224550,0.056244580,0.321331380,0.000000000,0,0,75,0,0,0,0,0,0,0,0,0,0,0,0,-1.000000000,-1.000000000,-1.000000000,-1.000000000,0,0,0,-1.000000000,none,0,0,0,-1,-1,0,-1.000000000,-1.000000000,0,0.000000000,0,0,0,0,-1,-1,-1,-1,0,-1.000000000,-1.000000000,0,-1.000000000,-1.000000000,-1.000000000,-1.000000000,-1.000000000,-1.000000000,0,1,1,8131,0,1,24093,0,335,0,7973,7973,0,0,0.678668618,1,0.678668620,0,335,20,1384
76,1548265885.044770002,2,1,0,0.031180511,0.000000233,0.013570283,0.044751027,0.301630859,0.000000000,0,0,76,0,0,0,0,0,0,0,0,0,0,0,0,-1.000000000,-1.000000000,-1.000000000,-1.000000000,0,0,0,-1.000000000,none,0,0,0,-1,-1,0,-1.000000000,-1.000000000,0,0.000000000,0,0,0,0,-1,-1,-1,-1,0,-1.000000000,-1.000000000,0,-1.000000000,-1.000000000,-1.000000000,-1.000000000,-1.000000000,-1.000000000,0,1,1,8718,0,1,22097,0,318,0,8622,8622,0,0,0.698369145,1,0.698369141,0,318,20,1347
77,1548265885.078289986,2,1,0,0.029085136,0.000000147,0.015150131,0.044235414,0.298391927,0.000000000,0,0,77,0,0,0,0,0,0,0,0,0,0,0,0,-1.000000000,-1.000000000,-1.000000000,-1.000000000,0,0,0,-1.000000000,none,0,0,0,-1,-1,0,-1.000000000,-1.000000000,0,0.000000000,0,0,0,0,-1,-1,-1,-1,0,-1.000000000,-1.000000000,0,-1.000000000,-1.000000000,-1.000000000,-1.000000000,-1.000000000,-1.000000000,0,1,1,8601,0,1,20628,0,289,0,8463,8463,0,0,0.701608062,1,0.701608073,0,289,20,1298
78,1548265885.111799955,2,1,0,0.035979422,0.000000076,0.013880442,0.049859940,0.337327474,0.000000000,0,0,78,0,0,0,0,0,0,0,0,0,0,0,0,-1.000000000,-1.000000000,-1.000000000,-1.000000000,0,0,0,-1.000000000,none,0,0,0,-1,-1,0,-1.000000000,-1.000000000,0,0.000000000,0,0,0,0,-1,-1,-1,-1,0,-1.000000000,-1.000000000,0,-1.000000000,-1.000000000,-1.000000000,-1.000000000,-1.000000000,-1.000000000,0,1,1,6515,0,1,26634,0,435,0,6350,6350,0,0,0.662672520,1,0.662672526,0,435,20,1224
79,1548265885.145319939,2,1,0,0.032879699,0.000000178,0.015109900,0.047989777,0.329244792,0.000000000,0,0,79,0,0,0,0,0,0,0,0,0,0,0,0,-1.000000000,-1.000000000,-1.000000000,-1.000000000,0,0,0,-1.000000000,none,0,0,0,-1,-1,0,-1.000000000,-1.000000000,0,0.000000000,0,0,0,0,-1,-1,-1,-1,0,-1.000000000,-1.000000000,0,-1.000000000,-1.000000000,-1.000000000,-1.000000000,-1.000000000,-1.000000000,0,1,1,7936,0,1,25926,0,400,0,7845,7845,0,0,0.670755208,1,0.670755208,0,400,20,1277
80,1548265885.178889990,2,1,0,0.032360963,0.000000076,0.014231954,0.046592993,0.416754557,0.000000000,0,0,80,0,0,0,0,0,0,0,0,0,0,0,0,-1.000000000,-1.000000000,-1.000000000,-1.000000000,0,0,0,-1.000000000,none,0,0,0,-1,-1,0,-1.000000000,-1.000000000,0,0.000000000,0,0,0,0,-1,-1,-1,-1,0,-1.000000000,-1.000000000,0,-1.000000000,-1.000000000,-1.000000000,-1.000000000,-1.000000000,-1.000000000,0,1,1,7411,0,1,38021,0,411,0,7145,7145,0,0,0.583245456,1,0.583245443,0,411,20,1200
81,1548265885.212670088,2,1,0,0.035262381,0.000000120,0.013992510,0.049255011,0.371679688,0.000000000,0,0,81,0,0,0,0,0,0,0,0,0,0,0,0,-1.000000000,-1.000000000,-1.000000000,-1.000000000,0,0,0,-1.000000000,none,0,0,0,-1,-1,0,-1.000000000,-1.000000000,0,0.000000000,0,0,0,0,-1,-1,-1,-1,0,-1.000000000,-1.000000000,0,-1.000000000,-1.000000000,-1.000000000,-1.000000000,-1.000000000,-1.000000000,0,1,1,7770,0,1,35768,0,401,0,7509,7509,0,0,0.628320336,1,0.628320312,0,401,20,1220
82,1548265885.245870113,2,1,0,0.042221851,0.000000292,0.013439334,0.055661477,0.379397786,0.000000000,0,0,82,0,0,0,0,0,0,0,0,0,0,0,0,-1.000000000,-1.000000000,-1.000000000,-1.000000000,0,0,0,-1.000000000,none,0,0,0,-1,-1,0,-1.000000000,-1.000000000,0,0.000000000,0,0,0,0,-1,-1,-1,-1,0,-1.000000000,-1.000000000,0,-1.000000000,-1.000000000,-1.000000000,-1.000000000,-1.000000000,-1.000000000,0,1,1,6810,0,1,42565,0,387,0,6524,6524,0,0,0.620602190,1,0.620602214,0,387,20,1240
83,1548265885.279380083,2,1,0,0.032160489,0.000000175,0.013809637,0.045970301,0.375335286,0.000000000,0,0,83,0,0,0,0,0,0,0,0,0,0,0,0,-1.000000000,-1.000000000,-1.000000000,-1.000000000,0,0,0,-1.000000000,none,0,0,0,-1,-1,0,-1.000000000,-1.000000000,0,0.000000000,0,0,0,0,-1,-1,-1,-1,0,-1.000000000,-1.000000000,0,-1.000000000,-1.000000000,-1.000000000,-1.000000000,-1.000000000,-1.000000000,0,1,1,7349,0,1,37393,0,376,0,7125,7125,0,0,0.624664724,1,0.624664714,0,376,20,1287
84,1548265885.312809944,2,1,0,0.038655274,0.000000122,0.014421153,0.053076549,0.315930990,0.000000000,0,0,84,0,0,0,0,0,0,0,0,0,0,0,0,-1.000000000,-1.000000000,-1.000000000,-1.000000000,0,0,0,-1.000000000,none,0,0,0,-1,-1,0,-1.000000000,-1.000000000,0,0.000000000,0,0,0,0,-1,-1,-1,-1,0,-1.000000000,-1.000000000,0,-1.000000000,-1.000000000,-1.000000000,-1.000000000,-1.000000000,-1.000000000,0,1,1,9780,0,1,23589,0,363,0,9521,9521,0,0,0.684069037,1,0.684069010,0,363,20,1264
85,1548265885.346410036,2,1,0,0.030530900,0.000000108,0.014892628,0.045423636,0.309137370,0.000000000,0,0,85,0,0,0,0,0,0,0,0,0,0,0,0,-1.000000000,-1.000000000,-1.000000000,-1.000000000,0,0,0,-1.000000000,none,0,0,0,-1,-1,0,-1.000000000,-1.000000000,0,0.000000000,0,0,0,0,-1,-1,-1,-1,0,-1.000000000,-1.000000000,0,-1.000000000,-1.000000000,-1.000000000,-1.000000000,-1.000000000,-1.000000000,0,1,1,8802,0,1,24021,0,347,0,8641,8641,0,0,0.690862656,1,0.690862630,0,347,20,1206
86,1548265885.380419970,2,1,0,0.036004996,0.000000122,0.015296936,0.051302054,0.317796224,0.000000000,0,0,86,0,0,0,0,0,0,0,0,0,0,0,0,-1.000000000,-1.000000000,-1.000000000,-1.000000000,0,0,0,-1.000000000,none,0,0,0,-1,-1,0,-1.000000000,-1.000000000,0,0.000000000,0,0,0,0,-1,-1,-1,-1,0,-1.000000000,-1.000000000,0,-1.000000000,-1.000000000,-1.000000000,-1.000000000,-1.000000000,-1.000000000,0,1,1,7298,0,1,17777,0,320,0,7078,7078,0,0,0.682203770,1,0.682203776,0,320,20,1305
87,1548265885.413959980,2,1,0,0.041144892,0.000000378,0.013411360,0.054556630,0.369925130,0.000000000,0,0,87,0,0,0,0,0,0,0,0,0,0,0,0,-1.000000000,-1.000000000,-1.000000000,-1.000000000,0,0,0,-1.000000000,none,0,0,0,-1,-1,0,-1.000000000,-1.000000000,0,0.000000000,0,0,0,0,-1,-1,-1,-1,0,-1.000000000,-1.000000000,0,-1.000000000,-1.000000000,-1.000000000,-1.000000000,-1.000000000,-1.000000000,0,1,1,7932,0,1,23484,0,445,0,7737,7737,0,0,0.630074859,1,0.630074870,0,445,20,1169
88,1548265885.447469950,2,1,0,0.038820107,0.000000128,0.014104390,0.052924625,0.370774740,0.000000000,0,0,88,0,0,0,0,0,0,0,0,0,0,0,0,-1.000000000,-1.000000000,-1.000000000,-1.000000000,0,0,0,-1.000000000,none,0,0,0,-1,-1,0,-1.000000000,-1.000000000,0,0.000000000,0,0,0,0,-1,-1,-1,-1,0,-1.000000000,-1.000000000,0,-1.000000000,-1.000000000,-1.000000000,-1.000000000,-1.000000000,-1.000000000,0,1,1,6074,0,1,25629,0,390,0,5905,5905,0,0,0.629225254,1,0.629225260,0,390,20,1196
89,1548265885.480989933,2,1,0,0.031634386,0.000000143,0.014920367,0.046554896,0.370999349,0.000000000,0,0,89,0,0,0,0,0,0,0,0,0,0,0,0,-1.000000000,-1.000000000,-1.000000000,-1.000000000,0,0,0,-1.000000000,none,0,0,0,-1,-1,0,-1.000000000,-1.000000000,0,0.000000000,0,0,0,0,-1,-1,-1,-1,0,-1.000000000,-1.000000000,0,-1.000000000,-1.000000000,-1.000000000,-1.000000000,-1.000000000,-1.000000000,0,1,1,7957,0,1,23042,0,388,0,7821,7821,0,0,0.629000664,1,0.629000651,0,388,20,1282
90,1548265885.514509916,2,1,0,0.030006976,0.000000055,0.013848750,0.043855781,0.442418620,0.000000000,0,0,90,0,0,0,0,0,0,0,0,0,0,0,0,-1.000000000,-1.000000000,-1.000000000,-1.000000000,0,0,0,-1.000000000,none,0,0,0,-1,-1,0,-1.000000000,-1.000000000,0,0.000000000,0,0,0,0,-1,-1,-1,-1,0,-1.000000000,-1.000000000,0,-1.000000000,-1.000000000,-1.000000000,-1.000000000,-1.000000000,-1.000000000,0,1,1,7722,0,1,37268,0,405,0,7558,7558,0,0,0.557581365,1,0.557581380,0,405,20,1180
91,1548265885.548019886,2,1,0,0.035375965,0.000000103,0.013852230,0.049228298,0.350100911,0.000000000,0,0,91,0,0,0,0,0,0,0,0,0,0,0,0,-1.000000000,-1.000000000,-1.000000000,-1.000000000,0,0,0,-1.000000000,none,0,0,0,-1,-1,0,-1.000000000,-1.000000000,0,0.000000000,0,0,0,0,-1,-1,-1,-1,0,-1.000000000,-1.000000000,0,-1.000000000,-1.000000000,-1.000000000,-1.000000000,-1.000000000,-1.000000000,0,1,1,5991,0,1,24204,0,350,0,5865,5865,0,0,0.649899065,1,0.649899089,0,350,20,1360
92,1548265885.581520081,2,1,0,0.034370318,0.000000119,0.014740014,0.049110451,0.311080729,0.000000000,0,0,92,0,0,0,0,0,0,0,0,0,0,0,0,-1.000000000,-1.000000000,-1.000000000,-1.000000000,0,0,0,-1.000000000,none,0,0,0,-1,-1,0,-1.000000000,-1.000000000,0,0.000000000,0,0,0,0,-1,-1,-1,-1,0,-1.000000000,-1.000000000,0,-1.000000000,-1.000000000,-1.000000000,-1.000000000,-1.000000000,-1.000000000,0,1,1,5954,0,1,15454,0,357,0,5890,5890,0,0,0.688919246,1,0.688919271,0,357,20,1273
93,1548265885.614860058,2,1,0,0.033709491,0.000000126,0.014206446,0.047916063,0.303164062,0.000000000,0,0,93,0,0,0,0,0,0,0,0,0,0,0,0,-1.000000000,-1.000000000,-1.000000000,-1.000000000,0,0,0,-1.000000000,none,0,0,0,-1,-1,0,-1.000000000,-1.000000000,0,0.000000000,0,0,0,0,-1,-1,-1,-1,0,-1.000000000,-1.000000000,0,-1.000000000,-1.000000000,-1.000000000,-1.000000000,-1.000000000,-1.000000000,0,1,1,5053,0,1,18418,0,334,0,4942,4942,0,0,0.696835935,1,0.696835937,0,334,20,1354
94,1548265885.648370028,2,1,0,0.033655665,0.000000141,0.013348491,0.047004297,0.286741536,0.000000000,0,0,94,0,0,0,0,0,0,0,0,0,0,0,0,-1.000000000,-1.000000000,-1.000000000,-1.000000000,0,0,0,-1.000000000,none,0,0,0,-1,-1,0,-1.000000000,-1.000000000,0,0.000000000,0,0,0,0,-1,-1,-1,-1,0,-1.000000000,-1.000000000,0,-1.000000000,-1.000000000,-1.000000000,-1.000000000,-1.000000000,-1.000000000,0,1,1,4292,0,1,14065,0,325,0,4202,4202,0,0,0.713258445,1,0.713258464,0,325,20,1323
95,1548265885.681669950,2,1,0,0.027020066,0.000000115,0.014420938,0.041441119,0.302861328,0.000000000,0,0,95,0,0,0,0,0,0,0,0,0,0,0,0,-1.000000000,-1.000000000,-1.000000000,-1.000000000,0,0,0,-1.000000000,none,0,0,0,-1,-1,0,-1.000000000,-1.000000000,0,0.000000000,0,0,0,0,-1,-1,-1,-1,0,-1.000000000,-1.000000000,0,-1.000000000,-1.000000000,-1.000000000,-1.000000000,-1.000000000,-1.000000000,0,1,1,3325,0,1,21067,0,303,0,3274,3274,0,0,0.697138667,1,0.697138672,0,303,20,1249
96,1548265885.715189934,2,1,0,0.030829407,0.000000152,0.016146681,0.046976240,0.259560547,0.000000000,0,0,96,0,0,0,0,0,0,0,0,0,0,0,0,-1.000000000,-1.000000000,-1.000000000,-1.000000000,0,0,0,-1.000000000,none,0,0,0,-1,-1,0,-1.000000000,-1.000000000,0,0.000000000,0,0,0,0,-1,-1,-1,-1,0,-1.000000000,-1.000000000,0,-1.000000000,-1.000000000,-1.000000000,-1.000000000,-1.000000000,-1.000000000,0,1,1,2555,0,1,10812,0,477,0,2532,2532,0,0,0.740439475,1,0.740439453,0,477,20,1407
97,1548265885.748850107,2,1,0,0.028664173,0.000000120,0.013934914,0.042599207,0.254322917,0.000000000,0,0,97,0,0,0,0,0,0,0,0,0,0,0,0,-1.000000000,-1.000000000,-1.000000000,-1.000000000,0,0,0,-1.000000000,none,0,0,0,-1,-1,0,-1.000000000,-1.000000000,0,0.000000000,0,0,0,0,-1,-1,-1,-1,0,-1.000000000,-1.000000000,0,-1.000000000,-1.000000000,-1.000000000,-1.000000000,-1.000000000,-1.000000000,0,1,1,1871,0,1,14008,0,489,0,1842,1842,0,0,0.745677054,1,0.745677083,0,489,20,1364
98,1548265885.782219887,2,1,0,0.046007019,0.000000124,0.014973972,0.060981115,0.351474609,0.000000000,0,0,98,0,0,0,0,0,0,0,0,0,0,0,0,-1.000000000,-1.000000000,-1.000000000,-1.000000000,0,0,0,-1.000000000,none,0,0,0,-1,-1,0,-1.000000000,-1.000000000,0,0.000000000,0,0,0,0,-1,-1,-1,-1,0,-1.000000000,-1.000000000,0,-1.000000000,-1.000000000,-1.000000000,-1.000000000,-1.000000000,-1.000000000,0,1,1,1064,0,1,29850,0,442,0,1047,1047,0,0,0.648525417,1,0.648525391,0,442,20,1282
99,1548265885.815880060,2,1,0,0.039164132,0.000000147,0.014630469,0.053794748,0.305787760,0.000000000,0,0,99,0,0,0,0,0,0,0,0,0,0,0,0,-1.000000000,-1.000000000,-1.000000000,-1.000000000,0,0,0,-1.000000000,none,0,0,0,-1,-1,0,-1.000000000,-1.000000000,0,0.000000000,0,0,0,0,-1,-1,-1,-1,0,-1.000000000,-1.000000000,0,-1.000000000,-1.000000000,-1.000000000,-1.000000000,-1.000000000,-1.000000000,0,1,1,1506,0,1,22040,0,398,0,1463,1463,0,0,0.694212258,1,0.694212240,0,398,20,1243
100,1548265885.849400043,2,1,0,0.033748363,0.000000084,0.015523270,0.049271717,0.295107422,0.000000000,0,0,100,0,0,0,0,0,0,0,0,0,0,0,0,-1.000000000,-1.000000000,-1.000000000,-1.000000000,0,0,0,-1.000000000,none,0,0,0,-1,-1,0,-1.000000000,-1.000000000,0,0.000000000,0,0,0,0,-1,-1,-1,-1,0,-1.000000000,-1.000000000,0,-1.000000000,-1.000000000,-1.000000000,-1.000000000,-1.000000000,-1.000000000,0,1,1,1592,0,1,19438,0,369,0,1516,1516,0,0,0.704892576,1,0.704892578,0,369,20,1289
101,1548265885.882879972,2,1,0,0.031784484,0.000000124,0.013629056,0.045413664,0.332884115,0.000000000,0,0,101,0,0,0,0,0,0,0,0,0,0,0,0,-1.000000000,-1.000000000,-1.000000000,-1.000000000,0,0,0,-1.000000000,none,0,0,0,-1,-1,0,-1.000000000,-1.000000000,0,0.000000000,0,0,0,0,-1,-1,-1,-1,0,-1.000000000,-1.000000000,0,-1.000000000,-1.000000000,-1.000000000,-1.000000000,-1.000000000,-1.000000000,0,1,1,2434,0,1,24581,0,377,0,2382,2382,0,0,0.667115867,1,0.667115885,0,377,20,1151
102,1548265885.916399956,2,1,0,0.034045343,0.000000065,0.014391973,0.048437381,0.289690755,0.000000000,0,0,102,0,0,0,0,0,0,0,0,0,0,0,0,-1.000000000,-1.000000000,-1.000000000,-1.000000000,0,0,0,-1.000000000,none,0,0,0,-1,-1,0,-1.000000000,-1.000000000,0,0.000000000,0,0,0,0,-1,-1,-1,-1,0,-1.000000000,-1.000000000,0,-1.000000000,-1.000000000,-1.000000000,-1.000000000,-1.000000000,-1.000000000,0,1,1,3767,0,1,19892,0,347,0,3650,3650,0,0,0.710309267,1,0.710309245,0,347,20,1330
103,1548265885.949929953,2,1,0,0.039980968,0.000000150,0.013315226,0.053296344,0.303186849,0.000000000,0,0,103,0,0,0,0,0,0,0,0,0,0,0,0,-1.000000000,-1.000000000,-1.000000000,-1.000000000,0,0,0,-1.000000000,none,0,0,0,-1,-1,0,-1.000000000,-1.000000000,0,0.000000000,0,0,0,0,-1,-1,-1,-1,0,-1.000000000,-1.000000000,0,-1.000000000,-1.000000000,-1.000000000,-1.000000000,-1.000000000,-1.000000000,0,1,1,5272,0,1,22195,0,344,0,5153,5153,0,0,0.696813166,1,0.696813151,0,344,20,1293
104,1548265885.983449936,2,1,0,0.036021760,0.000000127,0.014285328,0.050307215,0.327626953,0.000000000,0,0,104,0,0,0,0,0,0,0,0,0,0,0,0,-1.000000000,-1.000000000,-1.000000000,-1.000000000,0,0,0,-1.000000000,none,0,0,0,-1,-1,0,-1.000000000,-1.000000000,0,0.000000000,0,0,0,0,-1,-1,-1,-1,0,-1.000000000,-1.000000000,0,-1.000000000,-1.000000000,-1.000000000,-1.000000000,-1.000000000,-1.000000000,0,1,1,9351,0,1,22751,0,336,0,9161,9161,0,0,0.672373056,1,0.672373047,0,336,20,1250
105,1548265886.016979933,2,1,0,0.053530025,0.000000149,0.025574324,0.079104498,0.341533203,0.000000000,0,0,105,0,0,0,0,0,0,0,0,0,0,0,0,-1.000000000,-1.000000000,-1.000000000,-1.000000000,0,0,0,-1.000000000,none,0,0,0,-1,-1,0,-1.000000000,-1.000000000,0,0.000000000,0,0,0,0,-1,-1,-1,-1,0,-1.000000000,-1.000000000,0,-1.000000000,-1.000000000,-1.000000000,-1.000000000,-1.000000000,-1.000000000,0,1,1,9889,0,1,22904,0,294,0,9732,9732,0,0,0.658466816,1,0.658466797,0,294,20,1126
106,1548265886.050489902,2,1,0,0.033258153,0.000000118,0.014071770,0.047330041,0.345201823,0.000000000,0,0,106,0,0,0,0,0,0,0,0,0,0,0,0,-1.000000000,-1.000000000,-1.000000000,-1.000000000,0,0,0,-1.000000000,none,0,0,0,-1,-1,0,-1.000000000,-1.000000000,0,0.000000000,0,0,0,0,-1,-1,-1,-1,0,-1.000000000,-1.000000000,0,-1.000000000,-1.000000000,-1.000000000,-1.000000000,-1.000000000,-1.000000000,0,1,1,10546,0,1,34328,0,462,0,10342,10342,0,0,0.654798150,1,0.654798177,0,462,20,1154
107,1548265886.084009886,2,1,0,0.045845639,0.000000130,0.013328569,0.059174338,0.315296224,0.000000000,0,0,107,0,0,0,0,0,0,0,0,0,0,0,0,-1.000000000,-1.000000000,-1.000000000,-1.000000000,0,0,0,-1.000000000,none,0,0,0,-1,-1,0,-1.000000000,-1.000000000,0,0.000000000,0,0,0,0,-1,-1,-1,-1,0,-1.000000000,-1.000000000,0,-1.000000000,-1.000000000,-1.000000000,-1.000000000,-1.000000000,-1.000000000,0,1,1,12041,0,1,18994,0,436,0,11896,11896,0,0,0.684703767,1,0.684703776,0,436,20,1242
108,1548265886.117599964,2,1,0,0.029140397,0.000000241,0.013916306,0.043056944,0.282373047,0.000000000,0,0,108,0,0,0,0,0,0,0,0,0,0,0,0,-1.000000000,-1.000000000,-1.000000000,-1.000000000,0,0,0,-1.000000000,none,0,0,0,-1,-1,0,-1.000000000,-1.000000000,0,0.000000000,0,0,0,0,-1,-1,-1,-1,0,-1.000000000,-1.000000000,0,-1.000000000,-1.000000000,-1.000000000,-1.000000000,-1.000000000,-1.000000000,0,1,1,12251,0,1,17527,0,402,0,12075,12075,0,0,0.717626929,1,0.717626953,0,402,20,1250
109,1548265886.151160002,2,1,0,0.046712624,0.000000177,0.015807204,0.062520005,0.297434896,0.000000000,0,0,109,0,0,0,0,0,0,0,0,0,0,0,0,-1.000000000,-1.000000000,-1.000000000,-1.000000000,0,0,0,-1.000000000,none,0,0,0,-1,-1,0,-1.000000000,-1.000000000,0,0.000000000,0,0,0,0,-1,-1,-1,-1,0,-1.000000000,-1.000000000,0,-1.000000000,-1.000000000,-1.000000000,-1.000000000,-1.000000000,-1.000000000,0,1,1,11436,0,1,23348,0,411,0,11277,11277,0,0,0.702565134,1,0.702565104,0,411,20,1246
110,1548265886.184730053,2,1,0,0.029768139,0.000000113,0.014225652,0.043993904,0.291282552,0.000000000,0,0,110,0,0,0,0,0,0,0,0,0,0,0,0,-1.000000000,-1.000000000,-1.000000000,-1.000000000,0,0,0,-1.000000000,none,0,0,0,-1,-1,0,-1.000000000,-1.000000000,0,0.000000000,0,0,0,0,-1,-1,-1,-1,0,-1.000000000,-1.000000000,0,-1.000000000,-1.000000000,-1.000000000,-1.000000000,-1.000000000,-1.000000000,0,1,1,12824,0,1,24898,0,395,0,12707,12707,0,0,0.708717465,1,0.708717448,0,395,20,1257
111,1548265886.218240023,2,1,0,0.042881439,0.000000116,0.015689440,0.058570995,0.292832031,0.000000000,0,0,111,0,0,0,0,0,0,0,0,0,0,0,0,-1.000000000,-1.000000000,-1.000000000,-1.000000000,0,0,0,-1.000000000,none,0,0,0,-1,-1,0,-1.000000000,-1.000000000,0,0.000000000,0,0,0,0,-1,-1,-1,-1,0,-1.000000000,-1.000000000,0,-1.000000000,-1.000000000,-1.000000000,-1.000000000,-1.000000000,-1.000000000,0,1,1,12264,0,1,21113,0,387,0,12087,12087,0,0,0.707167983,1,0.707167969,0,387,20,1279
112,1548265886.251770020,2,1,0,0.027865083,0.000000144,0.015592521,0.043457748,0.293889974,0.000000000,0,0,112,0,0,0,0,0,0,0,0,0,0,0,0,-1.000000000,-1.000000000,-1.000000000,-1.000000000,0,0,0,-1.000000000,none,0,0,0,-1,-1,0,-1.000000000,-1.000000000,0,0.000000000,0,0,0,0,-1,-1,-1,-1,0,-1.000000000,-1.000000000,0,-1.000000000,-1.000000000,-1.000000000,-1.000000000,-1.000000000,-1.000000000,0,1,1,12500,0,1,26443,0,387,0,12363,12363,0,0,0.706110001,1,0.706110026,0,387,20,1281
113,1548265886.285279989,2,1,0,0.026050580,0.000000144,0.014068241,0.040118965,0.259339193,0.000000000,0,0,113,0,0,0,0,0,0,0,0,0,0,0,0,-1.000000000,-1.000000000,-1.000000000,-1.000000000,0,0,0,-1.000000000,none,0,0,0,-1,-1,0,-1.000000000,-1.000000000,0,0.000000000,0,0,0,0,-1,-1,-1,-1,0,-1.000000000,-1.000000000,0,-1.000000000,-1.000000000,-1.000000000,-1.000000000,-1.000000000,-1.000000000,0,1,1,12288,0,1,20738,0,374,0,12183,12183,0,0,0.740660787,1,0.740660807,0,374,20,1235
114,1548265886.318789959,2,1,0,0.040411511,0.000000121,0.016608001,0.057019633,0.321764323,0.000000000,0,0,114,0,0,0,0,0,0,0,0,0,0,0,0,-1.000000000,-1.000000000,-1.000000000,-1.000000000,0,0,0,-1.000000000,none,0,0,0,-1,-1,0,-1.000000000,-1.000000000,0,0.000000000,0,0,0,0,-1,-1,-1,-1,0,-1.000000000,-1.000000000,0,-1.000000000,-1.000000000,-1.000000000,-1.000000000,-1.000000000,-1.000000000,0,1,1,10088,0,1,32410,0,362,0,9919,9919,0,0,0.678235650,1,0.678235677,0,362,20,1297
115,1548265886.352309942,2,1,0,0.030210337,0.000000159,0.015569742,0.045780238,0.280585937,0.000000000,0,0,115,0,0,0,0,0,0,0,0,0,0,0,0,-1.000000000,-1.000000000,-1.000000000,-1.000000000,0,0,0,-1.000000000,none,0,0,0,-1,-1,0,-1.000000000,-1.000000000,0,0.000000000,0,0,0,0,-1,-1,-1,-1,0,-1.000000000,-1.000000000,0,-1.000000000,-1.000000000,-1.000000000,-1.000000000,-1.000000000,-1.000000000,0,1,1,11920,0,1,26032,0,370,0,11684,11684,0,0,0.719414055,1,0.719414062,0,370,20,1307
116,1548265886.385829926,2,1,0,0.039572958,0.000000503,0.014916836,0.054490297,0.257574870,0.000000000,0,0,116,0,0,0,0,0,0,0,0,0,0,0,0,-1.000000000,-1.000000000,-1.000000000,-1.000000000,0,0,0,-1.000000000,none,0,0,0,-1,-1,0,-1.000000000,-1.000000000,0,0.000000000,0,0,0,0,-1,-1,-1,-1,0,-1.000000000,-1.000000000,0,-1.000000000,-1.000000000,-1.000000000,-1.000000000,-1.000000000,-1.000000000,0,1,1,13152,0,1,20128,0,374,0,12909,12909,0,0,0.742425144,1,0.742425130,0,374,20,1307
117,1548265886.419490099,2,1,0,0.044052262,0.000000127,0.013214500,0.057266889,0.350680339,0.000000000,0,0,117,0,0,0,0,0,0,0,0,0,0,0,0,-1.000000000,-1.000000000,-1.000000000,-1.000000000,0,0,0,-1.000000000,none,0,0,0,-1,-1,0,-1.000000000,-1.000000000,0,0.000000000,0,0,0,0,-1,-1,-1,-1,0,-1.000000000,-1.000000000,0,-1.000000000,-1.000000000,-1.000000000,-1.000000000,-1.000000000,-1.000000000,0,1,1,11599,0,1,37832,0,351,0,11344,11344,0,0,0.649319649,1,0.649319661,0,351,20,1258
118,1548265886.453000069,2,1,0,0.027219013,0.000000107,0.015152163,0.042371283,0.295947266,0.000000000,0,0,118,0,0,0,0,0,0,0,0,0,0,0,0,-1.000000000,-1.000000000,-1.000000000,-1.000000000,0,0,0,-1.000000000,none,0,0,0,-1,-1,0,-1.000000000,-1.000000000,0,0.000000000,0,0,0,0,-1,-1,-1,-1,0,-1.000000000,-1.000000000,0,-1.000000000,-1.000000000,-1.000000000,-1.000000000,-1.000000000,-1.000000000,0,1,1,10121,0,1,29544,0,327,0,9884,9884,0,0,0.704052746,1,0.704052734,0,327,20,1265
119,1548265886.486520052,2,1,0,0.031129324,0.000000132,0.012956809,0.044086265,0.350169271,0.000000000,0,0,119,0,0,0,0,0,0,0,0,0,0,0,0,-1.000000000,-1.000000000,-1.000000000,-1.000000000,0,0,0,-1.000000000,none,0,0,0,-1,-1,0,-1.000000000,-1.000000000,0,0.000000000,0,0,0,0,-1,-1,-1,-1,0,-1.000000000,-1.000000000,0,-1.000000000,-1.000000000,-1.000000000,-1.000000000,-1.000000000,-1.000000000,0,1,1,7692,0,1,41971,0,341,0,7504,7504,0,0,0.649830759,1,0.649830729,0,341,20,1018
120,1548265886.520030022,2,1,0,0.033151501,0.000000147,0.015289485,0.048441133,0.327851563,0.000000000,0,0,120,0,0,0,0,0,0,0,0,0,0,0,0,-1.000000000,-1.000000000,-1.000000000,-1.000000000,0,0,0,-1.000000000,none,0,0,0,-1,-1,0,-1.000000000,-1.000000000,0,0.000000000,0,0,0,0,-1,-1,-1,-1,0,-1.000000000,-1.000000000,0,-1.000000000,-1.000000000,-1.000000000,-1.000000000,-1.000000000,-1.000000000,0,1,1,9306,0,1,41300,0,233,0,9155,9155,0,0,0.672148466,1,0.672148437,0,233,20,1250
121,1548265886.553550005,2,1,0,0.049832479,0.000000213,0.015705173,0.065537865,0.289798177,0.000000000,0,0,121,0,0,0,0,0,0,0,0,0,0,0,0,-1.000000000,-1.000000000,-1.000000000,-1.000000000,0,0,0,-1.000000000,none,0,0,0,-1,-1,0,-1.000000000,-1.000000000,0,0.000000000,0,0,0,0,-1,-1,-1,-1,0,-1.000000000,-1.000000000,0,-1.000000000,-1.000000000,-1.000000000,-1.000000000,-1.000000000,-1.000000000,0,1,1,9527,0,1,28051,0,382,0,9359,9359,0,0,0.710201800,1,0.710201823,0,382,20,1231
122,1548265886.586910009,2,1,0,0.042328710,0.000000067,0.013983473,0.056312250,0.376376953,0.000000000,0,0,122,0,0,0,0,0,0,0,0,0,0,0,0,-1.000000000,-1.000000000,-1.000000000,-1.000000000,0,0,0,-1.000000000,none,0,0,0,-1,-1,0,-1.000000000,-1.000000000,0,0.000000000,0,0,0,0,-1,-1,-1,-1,0,-1.000000000,-1.000000000,0,-1.000000000,-1.000000000,-1.000000000,-1.000000000,-1.000000000,-1.000000000,0,1,1,7312,0,1,48591,0,394,0,7186,7186,0,0,0.623623073,1,0.623623047,0,394,20,1006
123,1548265886.620090008,2,1,0,0.031799990,0.000000127,0.015087750,0.046887867,0.345875651,0.000000000,0,0,123,0,0,0,0,0,0,0,0,0,0,0,0,-1.000000000,-1.000000000,-1.000000000,-1.000000000,0,0,0,-1.000000000,none,0,0,0,-1,-1,0,-1.000000000,-1.000000000,0,0.000000000,0,0,0,0,-1,-1,-1,-1,0,-1.000000000,-1.000000000,0,-1.000000000,-1.000000000,-1.000000000,-1.000000000,-1.000000000,-1.000000000,0,1,1,8413,0,1,38333,0,267,0,8292,8292,0,0,0.654124320,1,0.654124349,0,267,20,1295
124,1548265886.653599977,2,1,0,0.038308494,0.000000118,0.013586674,0.051895286,0.282760417,0.000000000,0,0,124,0,0,0,0,0,0,0,0,0,0,0,0,-1.000000000,-1.000000000,-1.000000000,-1.000000000,0,0,0,-1.000000000,none,0,0,0,-1,-1,0,-1.000000000,-1.000000000,0,0.000000000,0,0,0,0,-1,-1,-1,-1,0,-1.000000000,-1.000000000,0,-1.000000000,-1.000000000,-1.000000000,-1.000000000,-1.000000000,-1.000000000,0,1,1,7503,0,1,26060,0,372,0,7414,7414,0,0,0.717239559,1,0.717239583,0,372,20,1289
125,1548265886.687119961,2,1,0,0.037722237,0.000000116,0.014969469,0.052691822,0.325013021,0.000000000,0,0,125,0,0,0,0,0,0,0,0,0,0,0,0,-1.000000000,-1.000000000,-1.000000000,-1.000000000,0,0,0,-1.000000000,none,0,0,0,-1,-1,0,-1.000000000,-1.000000000,0,0.000000000,0,0,0,0,-1,-1,-1,-1,0,-1.000000000,-1.000000000,0,-1.000000000,-1.000000000,-1.000000000,-1.000000000,-1.000000000,-1.000000000,0,1,1,5175,0,1,33283,0,412,0,5037,5037,0,0,0.674986959,1,0.674986979,0,412,20,1264
126,1548265886.720629930,2,1,0,0.037079344,0.000000052,0.015972666,0.053052062,0.282630208,0.000000000,0,0,126,0,0,0,0,0,0,0,0,0,0,0,0,-1.000000000,-1.000000000,-1.000000000,-1.000000000,0,0,0,-1.000000000,none,0,0,0,-1,-1,0,-1.000000000,-1.000000000,0,0.000000000,0,0,0,0,-1,-1,-1,-1,0,-1.000000000,-1.000000000,0,-1.000000000,-1.000000000,-1.000000000,-1.000000000,-1.000000000,-1.000000000,0,1,1,8703,0,1,23230,0,351,0,8499,8499,0,0,0.717369795,1,0.717369792,0,351,20,1325
127,1548265886.754149914,2,1,0,0.049667605,0.000000185,0.012819414,0.062487204,0.269996745,0.000000000,0,0,127,0,0,0,0,0,0,0,0,0,0,0,0,-1.000000000,-1.000000000,-1.000000000,-1.000000000,0,0,0,-1.000000000,none,0,0,0,-1,-1,0,-1.000000000,-1.000000000,0,0.000000000,0,0,0,0,-1,-1,-1,-1,0,-1.000000000,-1.000000000,0,-1.000000000,-1.000000000,-1.000000000,-1.000000000,-1.000000000,-1.000000000,0,1,1,6285,0,1,26352,0,301,0,6146,6146,0,0,0.730003238,1,0.730003255,0,301,20,1229
128,1548265886.787669897,2,1,0,0.032186788,0.000000115,0.013402892,0.045589795,0.346920573,0.000000000,0,0,128,0,0,0,0,0,0,0,0,0,0,0,0,-1.000000000,-1.000000000,-1.000000000,-1.000000000,0,0,0,-1.000000000,none,0,0,0,-1,-1,0,-1.000000000,-1.000000000,0,0.000000000,0,0,0,0,-1,-1,-1,-1,0,-1.000000000,-1.000000000,0,-1.000000000,-1.000000000,-1.000000000,-1.000000000,-1.000000000,-1.000000000,0,1,1,5109,0,1,35582,0,308,0,4961,4961,0,0,0.653079450,1,0.653079427,0,308,20,1288
129,1548265886.821180105,2,1,0,0.026504165,0.000000124,0.014498509,0.041002798,0.307558594,0.000000000,0,0,129,0,0,0,0,0,0,0,0,0,0,0,0,-1.000000000,-1.000000000,-1.000000000,-1.000000000,0,0,0,-1.000000000,none,0,0,0,-1,-1,0,-1.000000000,-1.000000000,0,0.000000000,0,0,0,0,-1,-1,-1,-1,0,-1.000000000,-1.000000000,0,-1.000000000,-1.000000000,-1.000000000,-1.000000000,-1.000000000,-1.000000000,0,1,1,6223,0,1,35372,0,305,0,6076,6076,0,0,0.692441404,1,0.692441406,0,305,20,1302
130,1548265886.854700089,2,1,0,0.040020138,0.000000366,0.015418648,0.055439152,0.372669271,0.000000000,0,0,130,0,0,0,0,0,0,0,0,0,0,0,0,-1.000000000,-1.000000000,-1.000000000,-1.000000000,0,0,0,-1.000000000,none,0,0,0,-1,-1,0,-1.000000000,-1.000000000,0,0.000000000,0,0,0,0,-1,-1,-1,-1,0,-1.000000000,-1.000000000,0,-1.000000000,-1.000000000,-1.000000000,-1.000000000,-1.000000000,-1.000000000,0,1,1,4247,0,1,43553,0,281,0,4118,4118,0,0,0.627330720,1,0.627330729,0,281,20,1134
131,1548265886.888210058,2,1,0,0.052852296,0.000000109,0.014339265,0.067191670,0.361923828,0.000000000,0,0,131,0,0,0,0,0,0,0,0,0,0,0,0,-1.000000000,-1.000000000,-1.000000000,-1.000000000,0,0,0,-1.000000000,none,0,0,0,-1,-1,0,-1.000000000,-1.000000000,0,0.000000000,0,0,0,0,-1,-1,-1,-1,0,-1.000000000,-1.000000000,0,-1.000000000,-1.000000000,-1.000000000,-1.000000000,-1.000000000,-1.000000000,0,1,1,7724,0,1,33537,0,380,0,7437,7437,0,0,0.638076186,1,0.638076172,0,380,20,1272
132,1548265886.921730042,2,1,0,0.036446742,0.000000063,0.014460219,0.050907024,0.358154297,0.000000000,0,0,132,0,0,0,0,0,0,0,0,0,0,0,0,-1.000000000,-1.000000000,-1.000000000,-1.000000000,0,0,0,-1.000000000,none,0,0,0,-1,-1,0,-1.000000000,-1.000000000,0,0.000000000,0,0,0,0,-1,-1,-1,-1,0,-1.000000000,-1.000000000,0,-1.000000000,-1.000000000,-1.000000000,-1.000000000,-1.000000000,-1.000000000,0,1,1,5759,0,1,34072,0,436,0,5489,5489,0,0,0.641845703,1,0.641845703,0,436,20,1284
133,1548265886.955229998,2,1,0,0.044453479,0.000000298,0.016783171,0.061236948,0.391988932,0.000000000,0,0,133,0,0,0,0,0,0,0,0,0,0,0,0,-1.000000000,-1.000000000,-1.000000000,-1.000000000,0,0,0,-1.000000000,none,0,0,0,-1,-1,0,-1.000000000,-1.000000000,0,0.000000000,0,0,0,0,-1,-1,-1,-1,0,-1.000000000,-1.000000000,0,-1.000000000,-1.000000000,-1.000000000,-1.000000000,-1.000000000,-1.000000000,0,1,1,5740,0,1,39583,0,430,0,5486,5486,0,0,0.608011067,1,0.608011068,0,430,20,1208
134,1548265886.988749981,2,1,0,0.053106161,0.000000152,0.016606848,0.069713161,0.388834635,0.000000000,0,0,134,0,0,0,0,0,0,0,0,0,0,0,0,-1.000000000,-1.000000000,-1.000000000,-1.000000000,0,0,0,-1.000000000,none,0,0,0,-1,-1,0,-1.000000000,-1.000000000,0,0.000000000,0,0,0,0,-1,-1,-1,-1,0,-1.000000000,-1.000000000,0,-1.000000000,-1.000000000,-1.000000000,-1.000000000,-1.000000000,-1.000000000,0,1,1,5328,0,1,39799,0,344,0,5044,5044,0,0,0.611165345,1,0.611165365,0,344,20,1288
135,1548265887.022279978,2,1,0,0.043342497,0.000000138,0.013525301,0.056867936,0.342897135,0.000000000,0,0,135,0,0,0,0,0,0,0,0,0,0,0,0,-1.000000000,-1.000000000,-1.000000000,-1.000000000,0,0,0,-1.000000000,none,0,0,0,-1,-1,0,-1.000000000,-1.000000000,0,0.000000000,0,0,0,0,-1,-1,-1,-1,0,-1.000000000,-1.000000000,0,-1.000000000,-1.000000000,-1.000000000,-1.000000000,-1.000000000,-1.000000000,0,1,1,9277,0,1,39570,0,382,0,9103,9103,0,0,0.657102883,1,0.657102865,0,382,20,1325
136,1548265887.055799961,2,1,0,0.031958853,0.000000206,0.015673359,0.047632418,0.351835937,0.000000000,0,0,136,0,0,0,0,0,0,0,0,0,0,0,0,-1.000000000,-1.000000000,-1.000000000,-1.000000000,0,0,0,-1.000000000,none,0,0,0,-1,-1,0,-1.000000000,-1.000000000,0,0.000000000,0,0,0,0,-1,-1,-1,-1,0,-1.000000000,-1.000000000,0,-1.000000000,-1.000000000,-1.000000000,-1.000000000,-1.000000000,-1.000000000,0,1,1,9768,0,1,39855,0,357,0,9444,9444,0,0,0.648164034,1,0.648164063,0,357,20,1286
137,1548265887.089319944,2,1,0,0.044116111,0.000000137,0.016428466,0.060544714,0.366051432,0.000000000,0,0,137,0,0,0,0,0,0,0,0,0,0,0,0,-1.000000000,-1.000000000,-1.000000000,-1.000000000,0,0,0,-1.000000000,none,0,0,0,-1,-1,0,-1.000000000,-1.000000000,0,0.000000000,0,0,0,0,-1,-1,-1,-1,0,-1.000000000,-1.000000000,0,-1.000000000,-1.000000000,-1.000000000,-1.000000000,-1.000000000,-1.000000000,0,1,1,10463,0,1,42181,0,347,0,10290,10290,0,0,0.633948565,1,0.633948568,0,347,20,1340
138,1548265887.122869968,2,1,0,0.042559989,0.000000116,0.015287773,0.057847878,0.330751953,0.000000000,0,0,138,0,0,0,0,0,0,0,0,0,0,0,0,-1.000000000,-1.000000000,-1.000000000,-1.000000000,0,0,0,-1.000000000,none,0,0,0,-1,-1,0,-1.000000000,-1.000000000,0,0.000000000,0,0,0,0,-1,-1,-1,-1,0,-1.000000000,-1.000000000,0,-1.000000000,-1.000000000,-1.000000000,-1.000000000,-1.000000000,-1.000000000,0,1,1,10099,0,1,33851,0,360,0,9875,9875,0,0,0.669248044,1,0.669248047,0,360,20,1350
139,1548265887.156399965,2,1,0,0.032534321,0.000000318,0.016824874,0.049359513,0.347600911,0.000000000,0,0,139,0,0,0,0,0,0,0,0,0,0,0,0,-1.000000000,-1.000000000,-1.000000000,-1.000000000,0,0,0,-1.000000000,none,0,0,0,-1,-1,0,-1.000000000,-1.000000000,0,0.000000000,0,0,0,0,-1,-1,-1,-1,0,-1.000000000,-1.000000000,0,-1.000000000,-1.000000000,-1.000000000,-1.000000000,-1.000000000,-1.000000000,0,1,1,10460,0,1,36727,0,352,0,10237,10237,0,0,0.652399063,1,0.652399089,0,352,20,1359
140,1548265887.189909935,2,1,0,0.030309185,0.000000168,0.020006325,0.050315678,0.303395182,0.000000000,0,0,140,0,0,0,0,0,0,0,0,0,0,0,0,-1.000000000,-1.000000000,-1.000000000,-1.000000000,0,0,0,-1.000000000,none,0,0,0,-1,-1,0,-1.000000000,-1.000000000,0,0.000000000,0,0,0,0,-1,-1,-1,-1,0,-1.000000000,-1.000000000,0,-1.000000000,-1.000000000,-1.000000000,-1.000000000,-1.000000000,-1.000000000,0,1,1,9767,0,1,28208,0,325,0,9534,9534,0,0,0.696604788,1,0.696604818,0,325,20,1423
141,1548265887.223459959,2,1,0,0.035378931,0.000000105,0.015690310,0.051069346,0.353795573,0.000000000,0,0,141,0,0,0,0,0,0,0,0,0,0,0,0,-1.000000000,-1.000000000,-1.000000000,-1.000000000,0,0,0,-1.000000000,none,0,0,0,-1,-1,0,-1.000000000,-1.000000000,0,0.000000000,0,0,0,0,-1,-1,-1,-1,0,-1.000000000,-1.000000000,0,-1.000000000,-1.000000000,-1.000000000,-1.000000000,-1.000000000,-1.000000000,0,1,1,7280,0,1,38674,0,581,0,7003,7003,0,0,0.646204412,1,0.646204427,0,581,20,1353
142,1548265887.257080078,2,1,0,0.040202927,0.000000304,0.015789094,0.055992325,0.348766276,0.000000000,0,0,142,0,0,0,0,0,0,0,0,0,0,0,0,-1.000000000,-1.000000000,-1.000000000,-1.000000000,0,0,0,-1.000000000,none,0,0,0,-1,-1,0,-1.000000000,-1.000000000,0,0.000000000,0,0,0,0,-1,-1,-1,-1,0,-1.000000000,-1.000000000,0,-1.000000000,-1.000000000,-1.000000000,-1.000000000,-1.000000000,-1.000000000,0,1,1,9045,0,1,43010,0,572,0,8792,8792,0,0,0.651233733,1,0.651233724,0,572,20,1425
143,1548265887.290489912,2,1,0,0.026021120,0.000000121,0.016626246,0.042647487,0.255576172,0.000000000,0,0,143,0,0,0,0,0,0,0,0,0,0,0,0,-1.000000000,-1.000000000,-1.000000000,-1.000000000,0,0,0,-1.000000000,none,0,0,0,-1,-1,0,-1.000000000,-1.000000000,0,0.000000000,0,0,0,0,-1,-1,-1,-1,0,-1.000000000,-1.000000000,0,-1.000000000,-1.000000000,-1.000000000,-1.000000000,-1.000000000,-1.000000000,0,1,1,15857,0,1,19482,0,519,0,15627,15627,0,0,0.744423807,1,0.744423828,0,519,20,1434
144,1548265887.324009895,2,1,0,0.037170348,0.000000114,0.015854128,0.053024590,0.319938151,0.000000000,0,0,144,0,0,0,0,0,0,0,0,0,0,0,0,-1.000000000,-1.000000000,-1.000000000,-1.000000000,0,0,0,-1.000000000,none,0,0,0,-1,-1,0,-1.000000000,-1.000000000,0,0.000000000,0,0,0,0,-1,-1,-1,-1,0,-1.000000000,-1.000000000,0,-1.000000000,-1.000000000,-1.000000000,-1.000000000,-1.000000000,-1.000000000,0,1,1,12731,0,1,39062,0,541,0,12501,12501,0,0,0.680061877,1,0.680061849,0,541,20,1400
145,1548265887.357520103,2,1,0,0.032253064,0.000000151,0.017142510,0.049395725,0.310498047,0.000000000,0,0,145,0,0,0,0,0,0,0,0,0,0,0,0,-1.000000000,-1.000000000,-1.000000000,-1.000000000,0,0,0,-1.000000000,none,0,0,0,-1,-1,0,-1.000000000,-1.000000000,0,0.000000000,0,0,0,0,-1,-1,-1,-1,0,-1.000000000,-1.000000000,0,-1.000000000,-1.000000000,-1.000000000,-1.000000000,-1.000000000,-1.000000000,0,1,1,13136,0,1,35972,0,511,0,12993,12993,0,0,0.689501941,1,0.689501953,0,511,20,1431
146,1548265887.391040087,2,1,0,0.026639425,0.000000133,0.017477620,0.044117178,0.241500651,0.000000000,0,0,146,0,0,0,0,0,0,0,0,0,0,0,0,-1.000000000,-1.000000000,-1.000000000,-1.000000000,0,0,0,-1.000000000,none,0,0,0,-1,-1,0,-1.000000000,-1.000000000,0,0.000000000,0,0,0,0,-1,-1,-1,-1,0,-1.000000000,-1.000000000,0,-1.000000000,-1.000000000,-1.000000000,-1.000000000,-1.000000000,-1.000000000,0,1,1,15448,0,1,21499,0,505,0,15303,15303,0,0,0.758499324,1,0.758499349,0,505,20,1453
147,1548265887.424659967,2,1,0,0.053640504,0.000000111,0.015571700,0.069212315,0.272708333,0.000000000,0,0,147,0,0,0,0,0,0,0,0,0,0,0,0,-1.000000000,-1.000000000,-1.000000000,-1.000000000,0,0,0,-1.000000000,none,0,0,0,-1,-1,0,-1.000000000,-1.000000000,0,0.000000000,0,0,0,0,-1,-1,-1,-1,0,-1.000000000,-1.000000000,0,-1.000000000,-1.000000000,-1.000000000,-1.000000000,-1.000000000,-1.000000000,0,1,1,13339,0,1,32253,0,504,0,13191,13191,0,0,0.727291644,1,0.727291667,0,504,20,1399
148,1548265887.458179951,2,1,0,0.036197067,0.000000132,0.015351151,0.051548350,0.309163411,0.000000000,0,0,148,0,0,0,0,0,0,0,0,0,0,0,0,-1.000000000,-1.000000000,-1.000000000,-1.000000000,0,0,0,-1.000000000,none,0,0,0,-1,-1,0,-1.000000000,-1.000000000,0,0.000000000,0,0,0,0,-1,-1,-1,-1,0,-1.000000000,-1.000000000,0,-1.000000000,-1.000000000,-1.000000000,-1.000000000,-1.000000000,-1.000000000,0,1,1,13593,0,1,37657,0,508,0,13427,13427,0,0,0.690836608,1,0.690836589,0,508,20,1427
149,1548265887.491689920,2,1,0,0.032936324,0.000000066,0.016524047,0.049460437,0.239599609,0.000000000,0,0,149,0,0,0,0,0,0,0,0,0,0,0,0,-1.000000000,-1.000000000,-1.000000000,-1.000000000,0,0,0,-1.000000000,none,0,0,0,-1,-1,0,-1.000000000,-1.000000000,0,0.000000000,0,0,0,0,-1,-1,-1,-1,0,-1.000000000,-1.000000000,0,-1.000000000,-1.000000000,-1.000000000,-1.000000000,-1.000000000,-1.000000000,0,1,1,13839,0,1,25680,0,474,0,13750,13750,0,0,0.760400414,1,0.760400391,0,474,20,1456
150,1548265887.525209904,2,1,0,0.045519681,0.000000154,0.015463135,0.060982970,0.261689453,0.000000000,0,0,150,0,0,0,0,0,0,0,0,0,0,0,0,-1.000000000,-1.000000000,-1.000000000,-1.000000000,0,0,0,-1.000000000,none,0,0,0,-1,-1,0,-1.000000000,-1.000000000,0,0.000000000,0,0,0,0,-1,-1,-1,-1,0,-1.000000000,-1.000000000,0,-1.000000000,-1.000000000,-1.000000000,-1.000000000,-1.000000000,-1.000000000,0,1,1,13657,0,1,27809,0,446,0,13517,13517,0,0,0.738310575,1,0.738310547,0,446,20,1386
151,1548265887.558720112,2,1,0,0.028894115,0.000000143,0.016463054,0.045357312,0.310660807,0.000000000,0,0,151,0,0,0,0,0,0,0,0,0,0,0,0,-1.000000000,-1.000000000,-1.000000000,-1.000000000,0,0,0,-1.000000000,none,0,0,0,-1,-1,0,-1.000000000,-1.000000000,0,0.000000000,0,0,0,0,-1,-1,-1,-1,0,-1.000000000,-1.000000000,0,-1.000000000,-1.000000000,-1.000000000,-1.000000000,-1.000000000,-1.000000000,0,1,1,9895,0,1,38940,0,443,0,9739,9739,0,0,0.689339221,1,0.689339193,0,443,20,1455
152,1548265887.592200041,2,1,0,0.030552456,0.000000143,0.017850025,0.048402624,0.212945964,0.000000000,0,0,152,0,0,0,0,0,0,0,0,0,0,0,0,-1.000000000,-1.000000000,-1.000000000,-1.000000000,0,0,0,-1.000000000,none,0,0,0,-1,-1,0,-1.000000000,-1.000000000,0,0.000000000,0,0,0,0,-1,-1,-1,-1,0,-1.000000000,-1.000000000,0,-1.000000000,-1.000000000,-1.000000000,-1.000000000,-1.000000000,-1.000000000,0,1,1,7758,0,1,23583,0,451,0,7690,7690,0,0,0.787054062,1,0.787054036,0,451,20,1522
153,1548265887.625649929,2,1,0,0.028132289,0.000000131,0.017532977,0.045665397,0.248610026,0.000000000,0,0,153,0,0,0,0,0,0,0,0,0,0,0,0,-1.000000000,-1.000000000,-1.000000000,-1.000000000,0,0,0,-1.000000000,none,0,0,0,-1,-1,0,-1.000000000,-1.000000000,0,0.000000000,0,0,0,0,-1,-1,-1,-1,0,-1.000000000,-1.000000000,0,-1.000000000,-1.000000000,-1.000000000,-1.000000000,-1.000000000,-1.000000000,0,1,1,5365,0,1,29519,0,439,0,5250,5250,0,0,0.751389980,1,0.751389974,0,439,20,1504
154,1548265887.659100056,2,1,0,0.027795134,0.000000172,0.017318514,0.045113820,0.260384115,0.000000000,0,0,154,0,0,0,0,0,0,0,0,0,0,0,0,-1.000000000,-1.000000000,-1.000000000,-1.000000000,0,0,0,-1.000000000,none,0,0,0,-1,-1,0,-1.000000000,-1.000000000,0,0.000000000,0,0,0,0,-1,-1,-1,-1,0,-1.000000000,-1.000000000,0,-1.000000000,-1.000000000,-1.000000000,-1.000000000,-1.000000000,-1.000000000,0,1,1,5570,0,1,30260,0,446,0,5492,5492,0,0,0.739615858,1,0.739615885,0,446,20,1513
155,1548265887.692610025,2,1,0,0.026398052,0.000000127,0.016786815,0.043184994,0.215569661,0.000000000,0,0,155,0,0,0,0,0,0,0,0,0,0,0,0,-1.000000000,-1.000000000,-1.000000000,-1.000000000,0,0,0,-1.000000000,none,0,0,0,-1,-1,0,-1.000000000,-1.000000000,0,0.000000000,0,0,0,0,-1,-1,-1,-1,0,-1.000000000,-1.000000000,0,-1.000000000,-1.000000000,-1.000000000,-1.000000000,-1.000000000,-1.000000000,0,1,1,6536,0,1,22002,0,417,0,6437,6437,0,0,0.784430325,1,0.784430339,0,417,20,1525
156,1548265887.726109982,2,1,0,0.027998461,0.000000126,0.017554297,0.045552884,0.219231771,0.000000000,0,0,156,0,0,0,0,0,0,0,0,0,0,0,0,-1.000000000,-1.000000000,-1.000000000,-1.000000000,0,0,0,-1.000000000,none,0,0,0,-1,-1,0,-1.000000000,-1.000000000,0,0.000000000,0,0,0,0,-1,-1,-1,-1,0,-1.000000000,-1.000000000,0,-1.000000000,-1.000000000,-1.000000000,-1.000000000,-1.000000000,-1.000000000,0,1,1,6907,0,1,20999,0,401,0,6760,6760,0,0,0.780768216,1,0.780768229,0,401,20,1457
157,1548265887.759599924,2,1,0,0.034836655,0.000000241,0.016001228,0.050838124,0.278763021,0.000000000,0,0,157,0,0,0,0,0,0,0,0,0,0,0,0,-1.000000000,-1.000000000,-1.000000000,-1.000000000,0,0,0,-1.000000000,none,0,0,0,-1,-1,0,-1.000000000,-1.000000000,0,0.000000000,0,0,0,0,-1,-1,-1,-1,0,-1.000000000,-1.000000000,0,-1.000000000,-1.000000000,-1.000000000,-1.000000000,-1.000000000,-1.000000000,0,1,1,6550,0,1,29680,0,402,0,6431,6431,0,0,0.721237004,1,0.721236979,0,402,20,1410
158,1548265887.793080091,2,1,0,0.033890443,0.000000130,0.015158936,0.049049509,0.271363932,0.000000000,0,0,158,0,0,0,0,0,0,0,0,0,0,0,0,-1.000000000,-1.000000000,-1.000000000,-1.000000000,0,0,0,-1.000000000,none,0,0,0,-1,-1,0,-1.000000000,-1.000000000,0,0.000000000,0,0,0,0,-1,-1,-1,-1,0,-1.000000000,-1.000000000,0,-1.000000000,-1.000000000,-1.000000000,-1.000000000,-1.000000000,-1.000000000,0,1,1,6630,0,1,30379,0,404,0,6445,6445,0,0,0.728636086,1,0.728636068,0,404,20,1421
159,1548265887.826459885,2,1,0,0.025940845,0.000000061,0.014355323,0.040296229,0.239088542,0.000000000,0,0,159,0,0,0,0,0,0,0,0,0,0,0,0,-1.000000000,-1.000000000,-1.000000000,-1.000000000,0,0,0,-1.000000000,none,0,0,0,-1,-1,0,-1.000000000,-1.000000000,0,0.000000000,0,0,0,0,-1,-1,-1,-1,0,-1.000000000,-1.000000000,0,-1.000000000,-1.000000000,-1.000000000,-1.000000000,-1.000000000,-1.000000000,0,1,1,12693,0,1,19022,0,403,0,12540,12540,0,0,0.760911465,1,0.760911458,0,403,20,1345
160,1548265887.859920025,2,1,0,0.030497989,0.000000137,0.017697879,0.048196005,0.334485677,0.000000000,0,0,160,0,0,0,0,0,0,0,0,0,0,0,0,-1.000000000,-1.000000000,-1.000000000,-1.000000000,0,0,0,-1.000000000,none,0,0,0,-1,-1,0,-1.000000000,-1.000000000,0,0.000000000,0,0,0,0,-1,-1,-1,-1,0,-1.000000000,-1.000000000,0,-1.000000000,-1.000000000,-1.000000000,-1.000000000,-1.000000000,-1.000000000,0,1,1,13109,0,1,35517,0,362,0,12857,12857,0,0,0.665514350,1,0.665514323,0,362,20,1278
161,1548265887.893440008,2,1,0,0.034653718,0.000000297,0.016038809,0.050692824,0.311240234,0.000000000,0,0,161,0,0,0,0,0,0,0,0,0,0,0,0,-1.000000000,-1.000000000,-1.000000000,-1.000000000,0,0,0,-1.000000000,none,0,0,0,-1,-1,0,-1.000000000,-1.000000000,0,0.000000000,0,0,0,0,-1,-1,-1,-1,0,-1.000000000,-1.000000000,0,-1.000000000,-1.000000000,-1.000000000,-1.000000000,-1.000000000,-1.000000000,0,1,1,15402,0,1,29267,0,527,0,15199,15199,0,0,0.688759744,1,0.688759766,0,527,20,1284
162,1548265887.926949978,2,1,0,0.041169494,0.000000129,0.014403840,0.055573463,0.324934896,0.000000000,0,0,162,0,0,0,0,0,0,0,0,0,0,0,0,-1.000000000,-1.000000000,-1.000000000,-1.000000000,0,0,0,-1.000000000,none,0,0,0,-1,-1,0,-1.000000000,-1.000000000,0,0.000000000,0,0,0,0,-1,-1,-1,-1,0,-1.000000000,-1.000000000,0,-1.000000000,-1.000000000,-1.000000000,-1.000000000,-1.000000000,-1.000000000,0,1,1,16734,0,1,30854,0,510,0,16540,16540,0,0,0.675065100,1,0.675065104,0,510,20,1212
163,1548265887.960469961,2,1,0,0.043515865,0.000000167,0.014808618,0.058324650,0.340377604,0.000000000,0,0,163,0,0,0,0,0,0,0,0,0,0,0,0,-1.000000000,-1.000000000,-1.000000000,-1.000000000,0,0,0,-1.000000000,none,0,0,0,-1,-1,0,-1.000000000,-1.000000000,0,0.000000000,0,0,0,0,-1,-1,-1,-1,0,-1.000000000,-1.000000000,0,-1.000000000,-1.000000000,-1.000000000,-1.000000000,-1.000000000,-1.000000000,0,1,1,17809,0,1,30332,0,442,0,17616,17616,0,0,0.659622371,1,0.659622396,0,442,20,1170
164,1548265887.993979931,2,1,0,0.028992705,0.000000142,0.015079079,0.044071926,0.338375651,0.000000000,0,0,164,0,0,0,0,0,0,0,0,0,0,0,0,-1.000000000,-1.000000000,-1.000000000,-1.000000000,0,0,0,-1.000000000,none,0,0,0,-1,-1,0,-1.000000000,-1.000000000,0,0.000000000,0,0,0,0,-1,-1,-1,-1,0,-1.000000000,-1.000000000,0,-1.000000000,-1.000000000,-1.000000000,-1.000000000,-1.000000000,-1.000000000,0,1,1,16158,0,1,32446,0,412,0,15970,15970,0,0,0.661624372,1,0.661624349,0,412,20,1253
165,1548265888.027499914,2,1,0,0.034098749,0.000000145,0.015636089,0.049734983,0.319287109,0.000000000,0,0,165,0,0,0,0,0,0,0,0,0,0,0,0,-1.000000000,-1.000000000,-1.000000000,-1.000000000,0,0,0,-1.000000000,none,0,0,0,-1,-1,0,-1.000000000,-1.000000000,0,0.000000000,0,0,0,0,-1,-1,-1,-1,0,-1.000000000,-1.000000000,0,-1.000000000,-1.000000000,-1.000000000,-1.000000000,-1.000000000,-1.000000000,0,1,1,17190,0,1,27101,0,417,0,17035,17035,0,0,0.680712879,1,0.680712891,0,417,20,1225
166,1548265888.061019897,2,1,0,0.042471443,0.000000138,0.024661440,0.067133021,0.306676432,0.000000000,0,0,166,0,0,0,0,0,0,0,0,0,0,0,0,-1.000000000,-1.000000000,-1.000000000,-1.000000000,0,0,0,-1.000000000,none,0,0,0,-1,-1,0,-1.000000000,-1.000000000,0,0.000000000,0,0,0,0,-1,-1,-1,-1,0,-1.000000000,-1.000000000,0,-1.000000000,-1.000000000,-1.000000000,-1.000000000,-1.000000000,-1.000000000,0,1,1,16078,0,1,24036,0,382,0,15786,15786,0,0,0.693323553,1,0.693323568,0,382,20,1248
167,1548265888.094559908,2,1,0,0.032977567,0.000000330,0.013876970,0.046854867,0.320543620,0.000000000,0,0,167,0,0,0,0,0,0,0,0,0,0,0,0,-1.000000000,-1.000000000,-1.000000000,-1.000000000,0,0,0,-1.000000000,none,0,0,0,-1,-1,0,-1.000000000,-1.000000000,0,0.000000000,0,0,0,0,-1,-1,-1,-1,0,-1.000000000,-1.000000000,0,-1.000000000,-1.000000000,-1.000000000,-1.000000000,-1.000000000,-1.000000000,0,1,1,18324,0,1,23425,0,517,0,18151,18151,0,0,0.679456353,1,0.679456380,0,517,20,1172
168,1548265888.128109932,2,1,0,0.044165839,0.000000132,0.013591830,0.057757801,0.352324219,0.000000000,0,0,168,0,0,0,0,0,0,0,0,0,0,0,0,-1.000000000,-1.000000000,-1.000000000,-1.000000000,0,0,0,-1.000000000,none,0,0,0,-1,-1,0,-1.000000000,-1.000000000,0,0.000000000,0,0,0,0,-1,-1,-1,-1,0,-1.000000000,-1.000000000,0,-1.000000000,-1.000000000,-1.000000000,-1.000000000,-1.000000000,-1.000000000,0,1,1,14423,0,1,35075,0,483,0,14254,14254,0,0,0.647675753,1,0.647675781,0,483,20,1118
169,1548265888.161669970,2,1,0,0.046959125,0.000000126,0.014117608,0.061076859,0.370924479,0.000000000,0,0,169,0,0,0,0,0,0,0,0,0,0,0,0,-1.000000000,-1.000000000,-1.000000000,-1.000000000,0,0,0,-1.000000000,none,0,0,0,-1,-1,0,-1.000000000,-1.000000000,0,0.000000000,0,0,0,0,-1,-1,-1,-1,0,-1.000000000,-1.000000000,0,-1.000000000,-1.000000000,-1.000000000,-1.000000000,-1.000000000,-1.000000000,0,1,1,15843,0,1,37231,0,406,0,15662,15662,0,0,0.629075527,1,0.629075521,0,406,20,1058
170,1548265888.195669889,2,1,0,0.029380938,0.000000067,0.014926159,0.044307164,0.394902344,0.000000000,0,0,170,0,0,0,0,0,0,0,0,0,0,0,0,-1.000000000,-1.000000000,-1.000000000,-1.000000000,0,0,0,-1.000000000,none,0,0,0,-1,-1,0,-1.000000000,-1.000000000,0,0.000000000,0,0,0,0,-1,-1,-1,-1,0,-1.000000000,-1.000000000,0,-1.000000000,-1.000000000,-1.000000000,-1.000000000,-1.000000000,-1.000000000,0,1,1,18526,0,1,41844,0,314,0,18371,18371,0,0,0.605097651,1,0.605097656,0,314,20,1250
171,1548265888.229180098,2,1,0,0.045542759,0.000000139,0.016189305,0.061732203,0.403821615,0.000000000,0,0,171,0,0,0,0,0,0,0,0,0,0,0,0,-1.000000000,-1.000000000,-1.000000000,-1.000000000,0,0,0,-1.000000000,none,0,0,0,-1,-1,0,-1.000000000,-1.000000000,0,0.000000000,0,0,0,0,-1,-1,-1,-1,0,-1.000000000,-1.000000000,0,-1.000000000,-1.000000000,-1.000000000,-1.000000000,-1.000000000,-1.000000000,0,1,1,18654,0,1,48418,0,504,0,18401,18401,0,0,0.596178412,1,0.596178385,0,504,20,1208
172,1548265888.262700081,2,1,0,0.047485962,0.000000057,0.015547147,0.063033166,0.359023437,0.000000000,0,0,172,0,0,0,0,0,0,0,0,0,0,0,0,-1.000000000,-1.000000000,-1.000000000,-1.000000000,0,0,0,-1.000000000,none,0,0,0,-1,-1,0,-1.000000000,-1.000000000,0,0.000000000,0,0,0,0,-1,-1,-1,-1,0,-1.000000000,-1.000000000,0,-1.000000000,-1.000000000,-1.000000000,-1.000000000,-1.000000000,-1.000000000,0,1,1,20278,0,1,35580,0,463,0,20070,20070,0,0,0.640976548,1,0.640976563,0,463,20,1225
173,1548265888.296210051,2,1,0,0.053249707,0.000000116,0.014158036,0.067407859,0.372581380,0.000000000,0,0,173,0,0,0,0,0,0,0,0,0,0,0,0,-1.000000000,-1.000000000,-1.000000000,-1.000000000,0,0,0,-1.000000000,none,0,0,0,-1,-1,0,-1.000000000,-1.000000000,0,0.000000000,0,0,0,0,-1,-1,-1,-1,0,-1.000000000,-1.000000000,0,-1.000000000,-1.000000000,-1.000000000,-1.000000000,-1.000000000,-1.000000000,0,1,1,25978,0,1,32885,0,474,0,25818,25818,0,0,0.627418637,1,0.627418620,0,474,20,1135
174,1548265888.329730034,2,1,0,0.035431341,0.000000216,0.014627575,0.050059132,0.357490234,0.000000000,0,0,174,0,0,0,0,0,0,0,0,0,0,0,0,-1.000000000,-1.000000000,-1.000000000,-1.000000000,0,0,0,-1.000000000,none,0,0,0,-1,-1,0,-1.000000000,-1.000000000,0,0.000000000,0,0,0,0,-1,-1,-1,-1,0,-1.000000000,-1.000000000,0,-1.000000000,-1.000000000,-1.000000000,-1.000000000,-1.000000000,-1.000000000,0,1,1,17027,0,1,37362,0,391,0,16817,16817,0,0,0.642509758,1,0.642509766,0,391,20,1161
175,1548265888.363320112,2,1,0,0.041242613,0.000000123,0.017396513,0.058639249,0.381949870,0.000000000,0,0,175,0,0,0,0,0,0,0,0,0,0,0,0,-1.000000000,-1.000000000,-1.000000000,-1.000000000,0,0,0,-1.000000000,none,0,0,0,-1,-1,0,-1.000000000,-1.000000000,0,0.000000000,0,0,0,0,-1,-1,-1,-1,0,-1.000000000,-1.000000000,0,-1.000000000,-1.000000000,-1.000000000,-1.000000000,-1.000000000,-1.000000000,0,1,1,14440,0,1,43757,0,389,0,14122,14122,0,0,0.618050158,1,0.618050130,0,389,20,1148
176,1548265888.397010088,2,1,0,0.045753485,0.000000144,0.014393040,0.060146669,0.380996094,0.000000000,0,0,176,0,0,0,0,0,0,0,0,0,0,0,0,-1.000000000,-1.000000000,-1.000000000,-1.000000000,0,0,0,-1.000000000,none,0,0,0,-1,-1,0,-1.000000000,-1.000000000,0,0.000000000,0,0,0,0,-1,-1,-1,-1,0,-1.000000000,-1.000000000,0,-1.000000000,-1.000000000,-1.000000000,-1.000000000,-1.000000000,-1.000000000,0,1,1,13571,0,1,47358,0,356,0,13240,13240,0,0,0.619003892,1,0.619003906,0,356,20,1255
177,1548265888.430530071,2,1,0,0.040470756,0.000000151,0.013653309,0.054124216,0.352594401,0.000000000,0,0,177,0,0,0,0,0,0,0,0,0,0,0,0,-1.000000000,-1.000000000,-1.000000000,-1.000000000,0,0,0,-1.000000000,none,0,0,0,-1,-1,0,-1.000000000,-1.000000000,0,0.000000000,0,0,0,0,-1,-1,-1,-1,0,-1.000000000,-1.000000000,0,-1.000000000,-1.000000000,-1.000000000,-1.000000000,-1.000000000,-1.000000000,0,1,1,16135,0,1,37791,0,361,0,15873,15873,0,0,0.647405624,1,0.647405599,0,361,20,1195
178,1548265888.464040041,2,1,0,0.042880120,0.000000108,0.013842588,0.056722816,0.407812500,0.000000000,0,0,178,0,0,0,0,0,0,0,0,0,0,0,0,-1.000000000,-1.000000000,-1.000000000,-1.000000000,0,0,0,-1.000000000,none,0,0,0,-1,-1,0,-1.000000000,-1.000000000,0,0.000000000,0,0,0,0,-1,-1,-1,-1,0,-1.000000000,-1.000000000,0,-1.000000000,-1.000000000,-1.000000000,-1.000000000,-1.000000000,-1.000000000,0,1,1,13113,0,1,49558,0,354,0,12810,12810,0,0,0.592187524,1,0.592187500,0,354,20,1113
179,1548265888.497380018,2,1,0,0.035568054,0.000000053,0.024789485,0.060357592,0.363317057,0.000000000,0,0,179,0,0,0,0,0,0,0,0,0,0,0,0,-1.000000000,-1.000000000,-1.000000000,-1.000000000,0,0,0,-1.000000000,none,0,0,0,-1,-1,0,-1.000000000,-1.000000000,0,0.000000000,0,0,0,0,-1,-1,-1,-1,0,-1.000000000,-1.000000000,0,-1.000000000,-1.000000000,-1.000000000,-1.000000000,-1.000000000,-1.000000000,0,1,1,12220,0,1,41741,0,298,0,12005,12005,0,0,0.636682928,1,0.636682943,0,298,20,1240
180,1548265888.530829906,2,1,0,0.028652015,0.000000201,0.014254736,0.042906952,0.299414063,0.000000000,0,0,180,0,0,0,0,0,0,0,0,0,0,0,0,-1.000000000,-1.000000000,-1.000000000,-1.000000000,0,0,0,-1.000000000,none,0,0,0,-1,-1,0,-1.000000000,-1.000000000,0,0.000000000,0,0,0,0,-1,-1,-1,-1,0,-1.000000000,-1.000000000,0,-1.000000000,-1.000000000,-1.000000000,-1.000000000,-1.000000000,-1.000000000,0,1,1,13611,0,1,26035,0,416,0,13481,13481,0,0,0.700585961,1,0.700585937,0,416,20,1213
181,1548265888.564199924,2,1,0,0.040262188,0.000000146,0.012707021,0.052969355,0.352239583,0.000000000,0,0,181,0,0,0,0,0,0,0,0,0,0,0,0,-1.000000000,-1.000000000,-1.000000000,-1.000000000,0,0,0,-1.000000000,none,0,0,0,-1,-1,0,-1.000000000,-1.000000000,0,0.000000000,0,0,0,0,-1,-1,-1,-1,0,-1.000000000,-1.000000000,0,-1.000000000,-1.000000000,-1.000000000,-1.000000000,-1.000000000,-1.000000000,0,1,1,6367,0,1,44647,0,384,0,6175,6175,0,0,0.647760391,1,0.647760417,0,384,20,1055
182,1548265888.597340107,2,1,0,0.044775053,0.000000209,0.012604106,0.057379368,0.381497396,0.000000000,0,0,182,0,0,0,0,0,0,0,0,0,0,0,0,-1.000000000,-1.000000000,-1.000000000,-1.000000000,0,0,0,-1.000000000,none,0,0,0,-1,-1,0,-1.000000000,-1.000000000,0,0.000000000,0,0,0,0,-1,-1,-1,-1,0,-1.000000000,-1.000000000,0,-1.000000000,-1.000000000,-1.000000000,-1.000000000,-1.000000000,-1.000000000,0,1,1,12425,0,1,42110,0,360,0,12262,12262,0,0,0.618502617,1,0.618502604,0,360,20,1017
183,1548265888.630850077,2,1,0,0.034940738,0.000000110,0.013505477,0.048446325,0.369707031,0.000000000,0,0,183,0,0,0,0,0,0,0,0,0,0,0,0,-1.000000000,-1.000000000,-1.000000000,-1.000000000,0,0,0,-1.000000000,none,0,0,0,-1,-1,0,-1.000000000,-1.000000000,0,0.000000000,0,0,0,0,-1,-1,-1,-1,0,-1.000000000,-1.000000000,0,-1.000000000,-1.000000000,-1.000000000,-1.000000000,-1.000000000,-1.000000000,0,1,1,6989,0,1,40944,0,330,0,6779,6779,0,0,0.630292952,1,0.630292969,0,330,20,1010
184,1548265888.664370060,2,1,0,0.043612694,0.000000136,0.015330101,0.058942931,0.401188151,0.000000000,0,0,184,0,0,0,0,0,0,0,0,0,0,0,0,-1.000000000,-1.000000000,-1.000000000,-1.000000000,0,0,0,-1.000000000,none,0,0,0,-1,-1,0,-1.000000000,-1.000000000,0,0.000000000,0,0,0,0,-1,-1,-1,-1,0,-1.000000000,-1.000000000,0,-1.000000000,-1.000000000,-1.000000000,-1.000000000,-1.000000000,-1.000000000,0,1,1,9002,0,1,45147,0,289,0,8853,8853,0,0,0.598811865,1,0.598811849,0,289,20,987
185,1548265888.697880030,2,1,0,0.031993011,0.000000138,0.013309485,0.045302634,0.419882812,0.000000000,0,0,185,0,0,0,0,0,0,0,0,0,0,0,0,-1.000000000,-1.000000000,-1.000000000,-1.000000000,0,0,0,-1.000000000,none,0,0,0,-1,-1,0,-1.000000000,-1.000000000,0,0.000000000,0,0,0,0,-1,-1,-1,-1,0,-1.000000000,-1.000000000,0,-1.000000000,-1.000000000,-1.000000000,-1.000000000,-1.000000000,-1.000000000,0,1,1,12476,0,1,44701,0,428,0,12285,12285,0,0,0.580117166,1,0.580117187,0,428,20,839
186,1548265888.731559992,2,1,0,0.045425375,0.000000147,0.013316453,0.058741975,0.431152344,0.000000000,0,0,186,0,0,0,0,0,0,0,0,0,0,0,0,-1.000000000,-1.000000000,-1.000000000,-1.000000000,0,0,0,-1.000000000,none,0,0,0,-1,-1,0,-1.000000000,-1.000000000,0,0.000000000,0,0,0,0,-1,-1,-1,-1,0,-1.000000000,-1.000000000,0,-1.000000000,-1.000000000,-1.000000000,-1.000000000,-1.000000000,-1.000000000,0,1,1,8406,0,1,48053,0,326,0,8189,8189,0,0,0.568847656,1,0.568847656,0,326,20,788
187,1548265888.765209913,2,1,0,0.026649633,0.000000106,0.010233182,0.036882921,0.450641276,0.000000000,0,0,187,0,0,0,0,0,0,0,0,0,0,0,0,-1.000000000,-1.000000000,-1.000000000,-1.000000000,0,0,0,-1.000000000,none,0,0,0,-1,-1,0,-1.000000000,-1.000000000,0,0.000000000,0,0,0,0,-1,-1,-1,-1,0,-1.000000000,-1.000000000,0,-1.000000000,-1.000000000,-1.000000000,-1.000000000,-1.000000000,-1.000000000,0,1,1,9258,0,1,48024,0,304,0,9000,9000,0,0,0.549358726,1,0.549358724,0,304,20,623
188,1548265888.798810005,2,1,0,0.036730202,0.000000053,0.010154314,0.046884569,0.509095052,0.000000000,0,0,188,0,0,0,0,0,0,0,0,0,0,0,0,-1.000000000,-1.000000000,-1.000000000,-1.000000000,0,0,0,-1.000000000,none,0,0,0,-1,-1,0,-1.000000000,-1.000000000,0,0.000000000,0,0,0,0,-1,-1,-1,-1,0,-1.000000000,-1.000000000,0,-1.000000000,-1.000000000,-1.000000000,-1.000000000,-1.000000000,-1.000000000,0,1,1,8971,0,1,60116,0,216,0,8821,8821,0,0,0.490904957,1,0.490904948,0,216,20,576
189,1548265888.832329988,2,1,0,0.047195784,0.000000120,0.014182575,0.061378479,0.477405599,0.000000000,0,0,189,0,0,0,0,0,0,0,0,0,0,0,0,-1.000000000,-1.000000000,-1.000000000,-1.000000000,0,0,0,-1.000000000,none,0,0,0,-1,-1,0,-1.000000000,-1.000000000,0,0.000000000,0,0,0,0,-1,-1,-1,-1,0,-1.000000000,-1.000000000,0,-1.000000000,-1.000000000,-1.000000000,-1.000000000,-1.000000000,-1.000000000,0,1,1,10336,0,1,45792,0,186,0,10169,10169,0,0,0.522594392,1,0.522594401,0,186,20,659
190,1548265888.865760088,2,1,0,0.028529653,0.000000149,0.010404599,0.038934401,0.455084635,0.000000000,0,0,190,0,0,0,0,0,0,0,0,0,0,0,0,-1.000000000,-1.000000000,-1.000000000,-1.000000000,0,0,0,-1.000000000,none,0,0,0,-1,-1,0,-1.000000000,-1.000000000,0,0.000000000,0,0,0,0,-1,-1,-1,-1,0,-1.000000000,-1.000000000,0,-1.000000000,-1.000000000,-1.000000000,-1.000000000,-1.000000000,-1.000000000,0,1,1,12192,0,1,41835,0,193,0,12012,12012,0,0,0.544915378,1,0.544915365,0,193,20,617
191,1548265888.899139881,2,1,0,0.046994801,0.000000132,0.011438232,0.058433165,0.482972005,0.000000000,0,0,191,0,0,0,0,0,0,0,0,0,0,0,0,-1.000000000,-1.000000000,-1.000000000,-1.000000000,0,0,0,-1.000000000,none,0,0,0,-1,-1,0,-1.000000000,-1.000000000,0,0.000000000,0,0,0,0,-1,-1,-1,-1,0,-1.000000000,-1.000000000,0,-1.000000000,-1.000000000,-1.000000000,-1.000000000,-1.000000000,-1.000000000,0,1,1,8943,0,1,51118,0,253,0,8763,8763,0,0,0.517027974,1,0.517027995,0,253,20,563
192,1548265888.932499886,2,1,0,0.027920380,0.000000154,0.021221638,0.049142172,0.525647786,0.000000000,0,0,192,0,0,0,0,0,0,0,0,0,0,0,0,-1.000000000,-1.000000000,-1.000000000,-1.000000000,0,0,0,-1.000000000,none,0,0,0,-1,-1,0,-1.000000000,-1.000000000,0,0.000000000,0,0,0,0,-1,-1,-1,-1,0,-1.000000000,-1.000000000,0,-1.000000000,-1.000000000,-1.000000000,-1.000000000,-1.000000000,-1.000000000,0,1,1,9564,0,1,59958,0,180,0,9276,9276,0,0,0.474352211,1,0.474352214,0,180,20,659
193,1548265888.966010094,2,1,0,0.029359440,0.000000125,0.011248877,0.040608442,0.493795573,0.000000000,0,0,193,0,0,0,0,0,0,0,0,0,0,0,0,-1.000000000,-1.000000000,-1.000000000,-1.000000000,0,0,0,-1.000000000,none,0,0,0,-1,-1,0,-1.000000000,-1.000000000,0,0.000000000,0,0,0,0,-1,-1,-1,-1,0,-1.000000000,-1.000000000,0,-1.000000000,-1.000000000,-1.000000000,-1.000000000,-1.000000000,-1.000000000,0,1,1,17491,0,1,45050,0,252,0,17282,17282,0,0,0.506204426,1,0.506204427,0,252,20,606
194,1548265888.999530077,2,1,0,0.042113044,0.000000211,0.009774180,0.051887435,0.531842448,0.000000000,0,0,194,0,0,0,0,0,0,0,0,0,0,0,0,-1.000000000,-1.000000000,-1.000000000,-1.000000000,0,0,0,-1.000000000,none,0,0,0,-1,-1,0,-1.000000000,-1.000000000,0,0.000000000,0,0,0,0,-1,-1,-1,-1,0,-1.000000000,-1.000000000,0,-1.000000000,-1.000000000,-1.000000000,-1.000000000,-1.000000000,-1.000000000,0,1,1,5228,0,1,68279,0,211,0,4902,4902,0,0,0.468157560,1,0.468157552,0,211,20,524
195,1548265889.033040047,2,1,0,0.038289306,0.000000151,0.020405892,0.058695349,0.492014974,0.000000000,0,0,195,0,0,0,0,0,0,0,0,0,0,0,0,-1.000000000,-1.000000000,-1.000000000,-1.000000000,0,0,0,-1.000000000,none,0,0,0,-1,-1,0,-1.000000000,-1.000000000,0,0.000000000,0,0,0,0,-1,-1,-1,-1,0,-1.000000000,-1.000000000,0,-1.000000000,-1.000000000,-1.000000000,-1.000000000,-1.000000000,-1.000000000,0,1,1,9572,0,1,60933,1,143,5,9415,0,9415,0,0.507985055,1,0.477337240,1,143,11,1445
196,1548265889.066720009,2,1,0,0.036244483,0.000000125,0.011951063,0.048195671,0.538128255,0.000000000,0,0,196,0,0,0,0,0,0,0,0,0,0,0,0,-1.000000000,-1.000000000,-1.000000000,-1.000000000,0,0,0,-1.000000000,none,0,0,0,-1,-1,0,-1.000000000,-1.000000000,0,0.000000000,0,0,0,0,-1,-1,-1,-1,0,-1.000000000,-1.000000000,0,-1.000000000,-1.000000000,-1.000000000,-1.000000000,-1.000000000,-1.000000000,0,1,1,12896,0,1,70549,1,328,4,12622,0,12622,0,0.461871743,1,0.420784505,1,328,10,1358
197,1548265889.100280046,2,1,0,0.047775389,0.000000202,0.012426158,0.060201749,0.517486979,0.000000000,0,0,197,0,0,0,0,0,0,0,0,0,0,0,0,-1.000000000,-1.000000000,-1.000000000,-1.000000000,0,0,0,-1.000000000,none,0,0,0,-1,-1,0,-1.000000000,-1.000000000,0,0.000000000,0,0,0,0,-1,-1,-1,-1,0,-1.000000000,-1.000000000,0,-1.000000000,-1.000000000,-1.000000000,-1.000000000,-1.000000000,-1.000000000,0,1,1,12472,0,1,69249,1,191,3,12167,0,12167,0,0.482513011,1,0.442897135,1,191,11,1420
198,1548265889.133879900,2,1,0,0.047800089,0.000000157,0.018727878,0.066528124,0.512565104,0.000000000,0,0,198,0,0,0,0,0,0,0,0,0,0,0,0,-1.000000000,-1.000000000,-1.000000000,-1.000000000,0,0,0,-1.000000000,none,0,0,0,-1,-1,0,-1.000000000,-1.000000000,0,0.000000000,0,0,0,0,-1,-1,-1,-1,0,-1.000000000,-1.000000000,0,-1.000000000,-1.000000000,-1.000000000,-1.000000000,-1.000000000,-1.000000000,0,1,1,6139,0,1,57515,1,133,5,5882,0,5882,0,0.487434894,1,0.468274740,1,133,11,1704
199,1548265889.167490005,2,1,0,0.031884090,0.000000142,0.019622323,0.051506555,0.446793620,0.000000000,0,0,199,0,0,0,0,0,0,0,0,0,0,0,0,-1.000000000,-1.000000000,-1.000000000,-1.000000000,0,0,0,-1.000000000,none,0,0,0,-1,-1,0,-1.000000000,-1.000000000,0,0.000000000,0,0,0,0,-1,-1,-1,-1,0,-1.000000000,-1.000000000,0,-1.000000000,-1.000000000,-1.000000000,-1.000000000,-1.000000000,-1.000000000,0,1,1,18068,0,1,39422,1,496,4,17806,0,17806,0,0.553206384,1,0.495237630,1,496,12,1802
200,1548265889.200829983,2,1,0,0.030355531,0.000000168,0.019336921,0.049692620,0.469723307,0.000000000,0,0,200,0,0,0,0,0,0,0,0,0,0,0,0,-1.000000000,-1.000000000,-1.000000000,-1.000000000,0,0,0,-1.000000000,none,0,0,0,-1,-1,0,-1.000000000,-1.000000000,0,0.000000000,0,0,0,0,-1,-1,-1,-1,0,-1.000000000,-1.000000000,0,-1.000000000,-1.000000000,-1.000000000,-1.000000000,-1.000000000,-1.000000000,0,1,1,10370,0,1,52544,1,454,3,10235,0,10235,0,0.530276716,1,0.496897786,1,454,12,1785
201,1548265889.234309912,2,1,0,0.033059826,0.000000161,0.019906607,0.052966594,0.401214193,0.000000000,0,0,201,0,0,0,0,0,0,0,0,0,0,0,0,-1.000000000,-1.000000000,-1.000000000,-1.000000000,0,0,0,-1.000000000,none,0,0,0,-1,-1,0,-1.000000000,-1.000000000,0,0.000000000,0,0,0,0,-1,-1,-1,-1,0,-1.000000000,-1.000000000,0,-1.000000000,-1.000000000,-1.000000000,-1.000000000,-1.000000000,-1.000000000,0,1,1,15657,0,1,42331,1,457,2,15563,0,15563,0,0.598785818,1,0.548066406,1,457,13,1874
202,1548265889.267630100,2,1,0,0.043815223,0.000000168,0.017123014,0.060938405,0.383238932,0.000000000,0,0,202,0,0,0,0,0,0,0,0,0,0,0,0,-1.000000000,-1.000000000,-1.000000000,-1.000000000,0,0,0,-1.000000000,none,0,0,0,-1,-1,0,-1.000000000,-1.000000000,0,0.000000000,0,0,0,0,-1,-1,-1,-1,0,-1.000000000,-1.000000000,0,-1.000000000,-1.000000000,-1.000000000,-1.000000000,-1.000000000,-1.000000000,0,1,1,15726,0,1,37946,1,404,1,15609,0,15609,0,0.616761088,1,0.565927734,1,404,13,1833
203,1548265889.301079988,2,1,0,0.042097125,0.000000300,0.014962852,0.057060277,0.430986328,0.000000000,0,0,203,0,0,0,0,0,0,0,0,0,0,0,0,-1.000000000,-1.000000000,-1.000000000,-1.000000000,0,0,0,-1.000000000,none,0,0,0,-1,-1,0,-1.000000000,-1.000000000,0,0.000000000,0,0,0,0,-1,-1,-1,-1,0,-1.000000000,-1.000000000,0,-1.000000000,-1.000000000,-1.000000000,-1.000000000,-1.000000000,-1.000000000,0,1,1,10591,0,1,39809,0,403,0,10478,10478,0,0,0.569013655,1,0.569013672,0,403,20,1132
204,1548265889.334589958,2,1,0,0.027860652,0.000000197,0.014341496,0.042202345,0.468528646,0.000000000,0,0,204,0,0,0,0,0,0,0,0,0,0,0,0,-1.000000000,-1.000000000,-1.000000000,-1.000000000,0,0,0,-1.000000000,none,0,0,0,-1,-1,0,-1.000000000,-1.000000000,0,0.000000000,0,0,0,0,-1,-1,-1,-1,0,-1.000000000,-1.000000000,0,-1.000000000,-1.000000000,-1.000000000,-1.000000000,-1.000000000,-1.000000000,0,1,1,12581,0,1,37849,0,238,0,12503,12503,0,0,0.531471372,1,0.531471354,0,238,20,864
205,1548265889.368180037,2,1,0,0.034570535,0.000000081,0.021846116,0.056416732,0.414446615,0.000000000,0,0,205,0,0,0,0,0,0,0,0,0,0,0,0,-1.000000000,-1.000000000,-1.000000000,-1.000000000,0,0,0,-1.000000000,none,0,0,0,-1,-1,0,-1.000000000,-1.000000000,0,0.000000000,0,0,0,0,-1,-1,-1,-1,0,-1.000000000,-1.000000000,0,-1.000000000,-1.000000000,-1.000000000,-1.000000000,-1.000000000,-1.000000000,0,1,1,10898,0,1,40052,0,200,0,10815,10815,0,0,0.585553408,1,0.585553385,0,200,20,1143
206,1548265889.401890039,2,1,0,0.031167921,0.000000142,0.014766051,0.045934114,0.395332031,0.000000000,0,0,206,0,0,0,0,0,0,0,0,0,0,0,0,-1.000000000,-1.000000000,-1.000000000,-1.000000000,0,0,0,-1.000000000,none,0,0,0,-1,-1,0,-1.000000000,-1.000000000,0,0.000000000,0,0,0,0,-1,-1,-1,-1,0,-1.000000000,-1.000000000,0,-1.000000000,-1.000000000,-1.000000000,-1.000000000,-1.000000000,-1.000000000,0,1,1,7193,0,1,39356,0,303,0,7052,7052,0,0,0.604667962,1,0.604667969,0,303,20,1158
207,1548265889.435440063,2,1,0,0.033303732,0.000000141,0.024448591,0.057752464,0.318238932,0.000000000,0,0,207,0,0,0,0,0,0,0,0,0,0,0,0,-1.000000000,-1.000000000,-1.000000000,-1.000000000,0,0,0,-1.000000000,none,0,0,0,-1,-1,0,-1.000000000,-1.000000000,0,0.000000000,0,0,0,0,-1,-1,-1,-1,0,-1.000000000,-1.000000000,0,-1.000000000,-1.000000000,-1.000000000,-1.000000000,-1.000000000,-1.000000000,0,1,1,11518,0,1,28312,0,255,0,11386,11386,0,0,0.681761086,1,0.681761068,0,255,20,1184
208,1548265889.468960047,2,1,0,0.028021167,0.000000146,0.015031176,0.043052489,0.310000000,0.000000000,0,0,208,0,0,0,0,0,0,0,0,0,0,0,0,-1.000000000,-1.000000000,-1.000000000,-1.000000000,0,0,0,-1.000000000,none,0,0,0,-1,-1,0,-1.000000000,-1.000000000,0,0.000000000,0,0,0,0,-1,-1,-1,-1,0,-1.000000000,-1.000000000,0,-1.000000000,-1.000000000,-1.000000000,-1.000000000,-1.000000000,-1.000000000,0,1,1,10024,0,1,24810,0,473,0,9923,9923,0,0,0.689999998,1,0.690000000,0,473,20,1190
209,1548265889.502470016,2,1,0,0.040641852,0.000000124,0.014153494,0.054795470,0.326767578,0.000000000,0,0,209,0,0,0,0,0,0,0,0,0,0,0,0,-1.000000000,-1.000000000,-1.000000000,-1.000000000,0,0,0,-1.000000000,none,0,0,0,-1,-1,0,-1.000000000,-1.000000000,0,0.000000000,0,0,0,0,-1,-1,-1,-1,0,-1.000000000,-1.000000000,0,-1.000000000,-1.000000000,-1.000000000,-1.000000000,-1.000000000,-1.000000000,0,1,1,11425,0,1,28586,0,434,0,11265,11265,0,0,0.673232436,1,0.673232422,0,434,20,1148
210,1548265889.535990000,2,1,0,0.034392326,0.000000158,0.024344712,0.058737196,0.285953776,0.000000000,0,0,210,0,0,0,0,0,0,0,0,0,0,0,0,-1.000000000,-1.000000000,-1.000000000,-1.000000000,0,0,0,-1.000000000,none,0,0,0,-1,-1,0,-1.000000000,-1.000000000,0,0.000000000,0,0,0,0,-1,-1,-1,-1,0,-1.000000000,-1.000000000,0,-1.000000000,-1.000000000,-1.000000000,-1.000000000,-1.000000000,-1.000000000,0,1,1,12512,0,1,16955,0,380,0,12358,12358,0,0,0.714046240,1,0.714046224,0,380,20,1155
211,1548265889.569469929,2,1,0,0.029005421,0.000000165,0.015044654,0.044050240,0.369752604,0.000000000,0,0,211,0,0,0,0,0,0,0,0,0,0,0,0,-1.000000000,-1.000000000,-1.000000000,-1.000000000,0,0,0,-1.000000000,none,0,0,0,-1,-1,0,-1.000000000,-1.000000000,0,0.000000000,0,0,0,0,-1,-1,-1,-1,0,-1.000000000,-1.000000000,0,-1.000000000,-1.000000000,-1.000000000,-1.000000000,-1.000000000,-1.000000000,0,1,1,11427,0,1,39209,0,413,0,11254,11254,0,0,0.630247414,1,0.630247396,0,413,20,1144
212,1548265889.602790117,2,1,0,0.026753750,0.000000109,0.015716173,0.042470032,0.379150391,0.000000000,0,0,212,0,0,0,0,0,0,0,0,0,0,0,0,-1.000000000,-1.000000000,-1.000000000,-1.000000000,0,0,0,-1.000000000,none,0,0,0,-1,-1,0,-1.000000000,-1.000000000,0,0.000000000,0,0,0,0,-1,-1,-1,-1,0,-1.000000000,-1.000000000,0,-1.000000000,-1.000000000,-1.000000000,-1.000000000,-1.000000000,-1.000000000,0,1,1,14755,0,1,37210,0,389,0,14550,14550,0,0,0.620849609,1,0.620849609,0,389,20,1053
213,1548265889.636240005,2,1,0,0.027154091,0.000000141,0.015402101,0.042556333,0.389475911,0.000000000,0,0,213,0,0,0,0,0,0,0,0,0,0,0,0,-1.000000000,-1.000000000,-1.000000000,-1.000000000,0,0,0,-1.000000000,none,0,0,0,-1,-1,0,-1.000000000,-1.000000000,0,0.000000000,0,0,0,0,-1,-1,-1,-1,0,-1.000000000,-1.000000000,0,-1.000000000,-1.000000000,-1.000000000,-1.000000000,-1.000000000,-1.000000000,0,1,1,11693,0,1,38742,0,345,0,11577,11577,0,0,0.610524118,1,0.610524089,0,345,20,1002
214,1548265889.669650078,2,1,0,0.026251597,0.000000063,0.028088307,0.054339967,0.383518880,0.000000000,0,0,214,0,0,0,0,0,0,0,0,0,0,0,0,-1.000000000,-1.000000000,-1.000000000,-1.000000000,0,0,0,-1.000000000,none,0,0,0,-1,-1,0,-1.000000000,-1.000000000,0,0.000000000,0,0,0,0,-1,-1,-1,-1,0,-1.000000000,-1.000000000,0,-1.000000000,-1.000000000,-1.000000000,-1.000000000,-1.000000000,-1.000000000,0,1,1,16289,0,1,35947,0,271,0,16096,16096,0,0,0.616481125,1,0.616481120,0,271,20,1066
215,1548265889.703150034,2,1,0,0.031634389,0.000000130,0.016356436,0.047990955,0.398216146,0.000000000,0,0,215,0,0,0,0,0,0,0,0,0,0,0,0,-1.000000000,-1.000000000,-1.000000000,-1.000000000,0,0,0,-1.000000000,none,0,0,0,-1,-1,0,-1.000000000,-1.000000000,0,0.000000000,0,0,0,0,-1,-1,-1,-1,0,-1.000000000,-1.000000000,0,-1.000000000,-1.000000000,-1.000000000,-1.000000000,-1.000000000,-1.000000000,0,1,1,19947,0,1,31120,0,426,0,19763,19763,0,0,0.601783872,1,0.601783854,0,426,20,1013
216,1548265889.736660004,2,1,0,0.030373881,0.000000117,0.014512047,0.044886045,0.409524740,0.000000000,0,0,216,0,0,0,0,0,0,0,0,0,0,0,0,-1.000000000,-1.000000000,-1.000000000,-1.000000000,0,0,0,-1.000000000,none,0,0,0,-1,-1,0,-1.000000000,-1.000000000,0,0.000000000,0,0,0,0,-1,-1,-1,-1,0,-1.000000000,-1.000000000,0,-1.000000000,-1.000000000,-1.000000000,-1.000000000,-1.000000000,-1.000000000,0,1,1,14669,0,1,41167,0,387,0,14578,14578,0,0,0.590475261,1,0.590475260,0,387,20,981
217,1548265889.770169973,2,1,0,0.040836211,0.000000156,0.014901067,0.055737434,0.395852865,0.000000000,0,0,217,0,0,0,0,0,0,0,0,0,0,0,0,-1.000000000,-1.000000000,-1.000000000,-1.000000000,0,0,0,-1.000000000,none,0,0,0,-1,-1,0,-1.000000000,-1.000000000,0,0.000000000,0,0,0,0,-1,-1,-1,-1,0,-1.000000000,-1.000000000,0,-1.000000000,-1.000000000,-1.000000000,-1.000000000,-1.000000000,-1.000000000,0,1,1,24803,0,1,27135,0,355,0,24584,24584,0,0,0.604147136,1,0.604147135,0,355,20,1001
218,1548265889.803679943,2,1,0,0.033497313,0.000000128,0.013206709,0.046704150,0.426080729,0.000000000,0,0,218,0,0,0,0,0,0,0,0,0,0,0,0,-1.000000000,-1.000000000,-1.000000000,-1.000000000,0,0,0,-1.000000000,none,0,0,0,-1,-1,0,-1.000000000,-1.000000000,0,0.000000000,0,0,0,0,-1,-1,-1,-1,0,-1.000000000,-1.000000000,0,-1.000000000,-1.000000000,-1.000000000,-1.000000000,-1.000000000,-1.000000000,0,1,1,17565,0,1,40582,0,316,0,17345,17345,0,0,0.573919296,1,0.573919271,0,316,20,879
219,1548265889.837199926,2,1,0,0.041524443,0.000000109,0.016337353,0.057861905,0.440598958,0.000000000,0,0,219,0,0,0,0,0,0,0,0,0,0,0,0,-1.000000000,-1.000000000,-1.000000000,-1.000000000,0,0,0,-1.000000000,none,0,0,0,-1,-1,0,-1.000000000,-1.000000000,0,0.000000000,0,0,0,0,-1,-1,-1,-1,0,-1.000000000,-1.000000000,0,-1.000000000,-1.000000000,-1.000000000,-1.000000000,-1.000000000,-1.000000000,0,1,1,24918,0,1,30082,0,293,0,24647,24647,0,0,0.559401035,1,0.559401042,0,293,20,823
220,1548265889.870680094,2,1,0,0.031619628,0.000000111,0.014149596,0.045769335,0.440485026,0.000000000,0,0,220,0,0,0,0,0,0,0,0,0,0,0,0,-1.000000000,-1.000000000,-1.000000000,-1.000000000,0,0,0,-1.000000000,none,0,0,0,-1,-1,0,-1.000000000,-1.000000000,0,0.000000000,0,0,0,0,-1,-1,-1,-1,0,-1.000000000,-1.000000000,0,-1.000000000,-1.000000000,-1.000000000,-1.000000000,-1.000000000,-1.000000000,0,1,1,29608,0,1,25446,0,256,0,29459,29459,0,0,0.559514999,1,0.559514974,0,256,20,938
221,1548265889.904200077,2,1,0,0.033624917,0.000000107,0.011574660,0.045199684,0.455136719,0.000000000,0,0,221,0,0,0,0,0,0,0,0,0,0,0,0,-1.000000000,-1.000000000,-1.000000000,-1.000000000,0,0,0,-1.000000000,none,0,0,0,-1,-1,0,-1.000000000,-1.000000000,0,0.000000000,0,0,0,0,-1,-1,-1,-1,0,-1.000000000,-1.000000000,0,-1.000000000,-1.000000000,-1.000000000,-1.000000000,-1.000000000,-1.000000000,0,1,1,25017,0,1,33563,0,370,0,24682,24682,0,0,0.544863284,1,0.544863281,0,370,20,748
222,1548265889.937710047,2,1,0,0.038369834,0.000000110,0.012056726,0.050426670,0.522760417,0.000000000,0,0,222,0,0,0,0,0,0,0,0,0,0,0,0,-1.000000000,-1.000000000,-1.000000000,-1.000000000,0,0,0,-1.000000000,none,0,0,0,-1,-1,0,-1.000000000,-1.000000000,0,0.000000000,0,0,0,0,-1,-1,-1,-1,0,-1.000000000,-1.000000000,0,-1.000000000,-1.000000000,-1.000000000,-1.000000000,-1.000000000,-1.000000000,0,1,1,18956,0,1,43550,0,290,0,18576,18576,0,0,0.477239579,1,0.477239583,0,290,20,736
223,1548265889.971260071,2,1,0,0.039309802,0.000000130,0.019093490,0.058403422,0.502054036,0.000000000,0,0,223,0,0,0,0,0,0,0,0,0,0,0,0,-1.000000000,-1.000000000,-1.000000000,-1.000000000,0,0,0,-1.000000000,none,0,0,0,-1,-1,0,-1.000000000,-1.000000000,0,0.000000000,0,0,0,0,-1,-1,-1,-1,0,-1.000000000,-1.000000000,0,-1.000000000,-1.000000000,-1.000000000,-1.000000000,-1.000000000,-1.000000000,0,1,1,22762,0,1,41401,0,253,0,22392,22392,0,0,0.497945964,1,0.497945964,0,253,20,886
224,1548265890.004790068,2,1,0,0.034178777,0.000000152,0.011525037,0.045703966,0.487060547,0.000000000,0,0,224,0,0,0,0,0,0,0,0,0,0,0,0,-1.000000000,-1.000000000,-1.000000000,-1.000000000,0,0,0,-1.000000000,none,0,0,0,-1,-1,0,-1.000000000,-1.000000000,0,0.000000000,0,0,0,0,-1,-1,-1,-1,0,-1.000000000,-1.000000000,0,-1.000000000,-1.000000000,-1.000000000,-1.000000000,-1.000000000,-1.000000000,0,1,1,17560,0,1,42046,0,348,0,17188,17188,0,0,0.512939453,1,0.512939453,0,348,20,702
225,1548265890.038340092,2,1,0,0.042210023,0.000000173,0.013788162,0.055998358,0.500247396,0.000000000,0,0,225,0,0,0,0,0,0,0,0,0,0,0,0,-1.000000000,-1.000000000,-1.000000000,-1.000000000,0,0,0,-1.000000000,none,0,0,0,-1,-1,0,-1.000000000,-1.000000000,0,0.000000000,0,0,0,0,-1,-1,-1,-1,0,-1.000000000,-1.000000000,0,-1.000000000,-1.000000000,-1.000000000,-1.000000000,-1.000000000,-1.000000000,0,1,1,17212,0,1,42439,0,270,0,16913,16913,0,0,0.499752611,1,0.499752604,0,270,20,802
226,1548265890.071860075,2,1,0,0.038934839,0.000000111,0.012869445,0.051804395,0.479938151,0.000000000,0,0,226,0,0,0,0,0,0,0,0,0,0,0,0,-1.000000000,-1.000000000,-1.000000000,-1.000000000,0,0,0,-1.000000000,none,0,0,0,-1,-1,0,-1.000000000,-1.000000000,0,0.000000000,0,0,0,0,-1,-1,-1,-1,0,-1.000000000,-1.000000000,0,-1.000000000,-1.000000000,-1.000000000,-1.000000000,-1.000000000,-1.000000000,0,1,1,11818,0,1,42980,0,263,0,11582,11582,0,0,0.520061851,1,0.520061849,0,263,20,976
227,1548265890.105380058,2,1,0,0.041266194,0.000000164,0.013955123,0.055221481,0.456494141,0.000000000,0,0,227,0,0,0,0,0,0,0,0,0,0,0,0,-1.000000000,-1.000000000,-1.000000000,-1.000000000,0,0,0,-1.000000000,none,0,0,0,-1,-1,0,-1.000000000,-1.000000000,0,0.000000000,0,0,0,0,-1,-1,-1,-1,0,-1.000000000,-1.000000000,0,-1.000000000,-1.000000000,-1.000000000,-1.000000000,-1.000000000,-1.000000000,0,1,1,14197,0,1,38640,0,314,0,13838,13838,0,0,0.543505847,1,0.543505859,0,314,20,1011
228,1548265890.138920069,2,1,0,0.038374941,0.000000120,0.013251478,0.051626539,0.458977865,0.000000000,0,0,228,0,0,0,0,0,0,0,0,0,0,0,0,-1.000000000,-1.000000000,-1.000000000,-1.000000000,0,0,0,-1.000000000,none,0,0,0,-1,-1,0,-1.000000000,-1.000000000,0,0.000000000,0,0,0,0,-1,-1,-1,-1,0,-1.000000000,-1.000000000,0,-1.000000000,-1.000000000,-1.000000000,-1.000000000,-1.000000000,-1.000000000,0,1,1,13857,0,1,32616,0,289,0,13615,13615,0,0,0.541022122,1,0.541022135,0,289,20,1125
229,1548265890.172489882,2,1,0,0.038662170,0.000000161,0.013342514,0.052004845,0.424687500,0.000000000,0,0,229,0,0,0,0,0,0,0,0,0,0,0,0,-1.000000000,-1.000000000,-1.000000000,-1.000000000,0,0,0,-1.000000000,none,0,0,0,-1,-1,0,-1.000000000,-1.000000000,0,0.000000000,0,0,0,0,-1,-1,-1,-1,0,-1.000000000,-1.000000000,0,-1.000000000,-1.000000000,-1.000000000,-1.000000000,-1.000000000,-1.000000000,0,1,1,10293,0,1,27765,0,294,0,10082,10082,0,0,0.575312495,1,0.575312500,0,294,20,1193
230,1548265890.206089973,2,1,0,0.046445924,0.000000118,0.013480295,0.059926337,0.414811198,0.000000000,0,0,230,0,0,0,0,0,0,0,0,0,0,0,0,-1.000000000,-1.000000000,-1.000000000,-1.000000000,0,0,0,-1.000000000,none,0,0,0,-1,-1,0,-1.000000000,-1.000000000,0,0.000000000,0,0,0,0,-1,-1,-1,-1,0,-1.000000000,-1.000000000,0,-1.000000000,-1.000000000,-1.000000000,-1.000000000,-1.000000000,-1.000000000,0,1,1,4789,0,1,24140,0,266,0,4591,4591,0,0,0.585188806,1,0.585188802,0,266,20,1325
231,1548265890.239609957,2,1,0,0.036818966,0.000000116,0.014110387,0.050929469,0.435895182,0.000000000,0,0,231,0,0,0,0,0,0,0,0,0,0,0,0,-1.000000000,-1.000000000,-1.000000000,-1.000000000,0,0,0,-1.000000000,none,0,0,0,-1,-1,0,-1.000000000,-1.000000000,0,0.000000000,0,0,0,0,-1,-1,-1,-1,0,-1.000000000,-1.000000000,0,-1.000000000,-1.000000000,-1.000000000,-1.000000000,-1.000000000,-1.000000000,0,1,1,4258,0,1,20624,0,273,0,4123,4123,0,0,0.564104795,1,0.564104818,0,273,20,1332
232,1548265890.273279905,2,1,0,0.041941731,0.000000196,0.021537074,0.063479001,0.396197917,0.000000000,0,0,232,0,0,0,0,0,0,0,0,0,0,0,0,-1.000000000,-1.000000000,-1.000000000,-1.000000000,0,0,0,-1.000000000,none,0,0,0,-1,-1,0,-1.000000000,-1.000000000,0,0.000000000,0,0,0,0,-1,-1,-1,-1,0,-1.000000000,-1.000000000,0,-1.000000000,-1.000000000,-1.000000000,-1.000000000,-1.000000000,-1.000000000,0,1,1,4519,0,1,13910,0,237,0,4414,4414,0,0,0.603802085,1,0.603802083,0,237,20,1368
233,1548265890.307029963,2,1,0,0.029099462,0.000000118,0.016706428,0.045806008,0.402799479,0.000000000,0,0,233,0,0,0,0,0,0,0,0,0,0,0,0,-1.000000000,-1.000000000,-1.000000000,-1.000000000,0,0,0,-1.000000000,none,0,0,0,-1,-1,0,-1.000000000,-1.000000000,0,0.000000000,0,0,0,0,-1,-1,-1,-1,0,-1.000000000,-1.000000000,0,-1.000000000,-1.000000000,-1.000000000,-1.000000000,-1.000000000,-1.000000000,0,1,1,1546,0,1,6610,0,587,0,1449,1449,0,0,0.597200513,1,0.597200521,0,587,20,1381
234,1548265890.340579987,2,1,0,0.043652747,0.000000123,0.014840472,0.058493342,0.412988281,0.000000000,0,0,234,0,0,0,0,0,0,0,0,0,0,0,0,-1.000000000,-1.000000000,-1.000000000,-1.000000000,0,0,0,-1.000000000,none,0,0,0,-1,-1,0,-1.000000000,-1.000000000,0,0.000000000,0,0,0,0,-1,-1,-1,-1,0,-1.000000000,-1.000000000,0,-1.000000000,-1.000000000,-1.000000000,-1.000000000,-1.000000000,-1.000000000,0,1,1,2047,0,1,6457,0,538,0,1960,1960,0,0,0.587011695,1,0.587011719,0,538,20,1329
235,1548265890.374130011,2,1,0,0.034932071,0.000000168,0.016353749,0.051285988,0.440898438,0.000000000,0,0,235,0,0,0,0,0,0,0,0,0,0,0,0,-1.000000000,-1.000000000,-1.000000000,-1.000000000,0,0,0,-1.000000000,none,0,0,0,-1,-1,0,-1.000000000,-1.000000000,0,0.000000000,0,0,0,0,-1,-1,-1,-1,0,-1.000000000,-1.000000000,0,-1.000000000,-1.000000000,-1.000000000,-1.000000000,-1.000000000,-1.000000000,0,1,1,854,0,1,3758,0,527,0,769,769,0,0,0.559101582,1,0.559101562,0,527,20,1261
236,1548265890.407670021,2,1,0,0.025590791,0.000000115,0.017407270,0.042998176,0.429654948,0.000000000,0,0,236,0,0,0,0,0,0,0,0,0,0,0,0,-1.000000000,-1.000000000,-1.000000000,-1.000000000,0,0,0,-1.000000000,none,0,0,0,-1,-1,0,-1.000000000,-1.000000000,0,0.000000000,0,0,0,0,-1,-1,-1,-1,0,-1.000000000,-1.000000000,0,-1.000000000,-1.000000000,-1.000000000,-1.000000000,-1.000000000,-1.000000000,0,1,1,530,0,1,4951,0,526,0,447,447,0,0,0.570345044,1,0.570345052,0,526,20,1268
237,1548265890.441260099,2,1,0,0.030234908,0.000000223,0.017670411,0.047905542,0.415166016,0.000000000,0,0,237,0,0,0,0,0,0,0,0,0,0,0,0,-1.000000000,-1.000000000,-1.000000000,-1.000000000,0,0,0,-1.000000000,none,0,0,0,-1,-1,0,-1.000000000,-1.000000000,0,0.000000000,0,0,0,0,-1,-1,-1,-1,0,-1.000000000,-1.000000000,0,-1.000000000,-1.000000000,-1.000000000,-1.000000000,-1.000000000,-1.000000000,0,1,1,2646,0,1,5234,0,479,0,2572,2572,0,0,0.584833980,1,0.584833984,0,479,20,1213
238,1548265890.474699974,2,1,0,0.028319759,0.000000061,0.016432300,0.044752120,0.483776042,0.000000000,0,0,238,0,0,0,0,0,0,0,0,0,0,0,0,-1.000000000,-1.000000000,-1.000000000,-1.000000000,0,0,0,-1.000000000,none,0,0,0,-1,-1,0,-1.000000000,-1.000000000,0,0.000000000,0,0,0,0,-1,-1,-1,-1,0,-1.000000000,-1.000000000,0,-1.000000000,-1.000000000,-1.000000000,-1.000000000,-1.000000000,-1.000000000,0,1,1,906,0,1,7160,0,407,0,849,849,0,0,0.516223967,1,0.516223958,0,407,20,1159
239,1548265890.508219957,2,1,0,0.028485311,0.000000264,0.014306056,0.042791631,0.449508464,0.000000000,0,0,239,0,0,0,0,0,0,0,0,0,0,0,0,-1.000000000,-1.000000000,-1.000000000,-1.000000000,0,0,0,-1.000000000,none,0,0,0,-1,-1,0,-1.000000000,-1.000000000,0,0.000000000,0,0,0,0,-1,-1,-1,-1,0,-1.000000000,-1.000000000,0,-1.000000000,-1.000000000,-1.000000000,-1.000000000,-1.000000000,-1.000000000,0,1,1,1052,0,1,7983,0,398,0,982,982,0,0,0.550491512,1,0.550491536,0,398,20,1136
240,1548265890.541739941,2,1,0,0.038310633,0.000000091,0.013931072,0.052241796,0.438382161,0.000000000,0,0,240,0,0,0,0,0,0,0,0,0,0,0,0,-1.000000000,-1.000000000,-1.000000000,-1.000000000,0,0,0,-1.000000000,none,0,0,0,-1,-1,0,-1.000000000,-1.000000000,0,0.000000000,0,0,0,0,-1,-1,-1,-1,0,-1.000000000,-1.000000000,0,-1.000000000,-1.000000000,-1.000000000,-1.000000000,-1.000000000,-1.000000000,0,1,1,1382,0,1,18238,0,376,0,1335,1335,0,0,0.561617851,1,0.561617839,0,376,20,1184
241,1548265890.575279951,2,1,0,0.046916205,0.000000258,0.011042339,0.057958802,0.608470052,0.000000000,0,0,241,0,0,0,0,0,0,0,0,0,0,0,0,-1.000000000,-1.000000000,-1.000000000,-1.000000000,0,0,0,-1.000000000,none,0,0,0,-1,-1,0,-1.000000000,-1.000000000,0,0.000000000,0,0,0,0,-1,-1,-1,-1,0,-1.000000000,-1.000000000,0,-1.000000000,-1.000000000,-1.000000000,-1.000000000,-1.000000000,-1.000000000,0,1,1,1503,0,1,28255,0,378,0,1413,1413,0,0,0.391529948,1,0.391529948,0,378,20,406
242,1548265890.608839989,2,1,0,0.042631565,0.000000081,0.017598564,0.060230210,0.432067057,0.000000000,0,0,242,0,0,0,0,0,0,0,0,0,0,0,0,-1.000000000,-1.000000000,-1.000000000,-1.000000000,0,0,0,-1.000000000,none,0,0,0,-1,-1,0,-1.000000000,-1.000000000,0,0.000000000,0,0,0,0,-1,-1,-1,-1,0,-1.000000000,-1.000000000,0,-1.000000000,-1.000000000,-1.000000000,-1.000000000,-1.000000000,-1.000000000,0,1,1,917,0,1,31368,1,100,5,863,0,863,0,0.567932963,1,0.565123698,1,100,12,2003
243,1548265890.642359972,2,1,0,0.032011737,0.000000094,0.019327478,0.051339309,0.424749349,0.000000000,0,0,243,0,0,0,0,0,0,0,0,0,0,0,0,-1.000000000,-1.000000000,-1.000000000,-1.000000000,0,0,0,-1.000000000,none,0,0,0,-1,-1,0,-1.000000000,-1.000000000,0,0.000000000,0,0,0,0,-1,-1,-1,-1,0,-1.000000000,-1.000000000,0,-1.000000000,-1.000000000,-1.000000000,-1.000000000,-1.000000000,-1.000000000,0,1,1,601,0,1,36766,1,402,4,495,0,495,0,0.575250626,1,0.573639323,1,402,12,2004
244,1548265890.675869942,2,1,0,0.043220847,0.000000108,0.017757956,0.060978911,0.460644531,0.000000000,0,0,244,0,0,0,0,0,0,0,0,0,0,0,0,-1.000000000,-1.000000000,-1.000000000,-1.000000000,0,0,0,-1.000000000,none,0,0,0,-1,-1,0,-1.000000000,-1.000000000,0,0.000000000,0,0,0,0,-1,-1,-1,-1,0,-1.000000000,-1.000000000,0,-1.000000000,-1.000000000,-1.000000000,-1.000000000,-1.000000000,-1.000000000,0,1,1,882,0,1,30319,1,413,3,808,0,808,0,0.539355457,1,0.536725260,1,413,12,2001
245,1548265890.709399939,2,1,0,0.034762225,0.000000122,0.018871863,0.053634210,0.408072917,0.000000000,0,0,245,0,0,0,0,0,0,0,0,0,0,0,0,-1.000000000,-1.000000000,-1.000000000,-1.000000000,0,0,0,-1.000000000,none,0,0,0,-1,-1,0,-1.000000000,-1.000000000,0,0.000000000,0,0,0,0,-1,-1,-1,-1,0,-1.000000000,-1.000000000,0,-1.000000000,-1.000000000,-1.000000000,-1.000000000,-1.000000000,-1.000000000,0,1,1,7375,0,1,6995,1,411,2,7296,0,7296,0,0.591927111,1,0.568177083,1,411,13,2003
246,1548265890.742919922,2,1,0,0.043103985,0.000000076,0.012466470,0.055570531,0.651376953,0.000000000,0,0,246,0,0,0,0,0,0,0,0,0,0,0,0,-1.000000000,-1.000000000,-1.000000000,-1.000000000,0,0,0,-1.000000000,none,0,0,0,-1,-1,0,-1.000000000,-1.000000000,0,0.000000000,0,0,0,0,-1,-1,-1,-1,0,-1.000000000,-1.000000000,0,-1.000000000,-1.000000000,-1.000000000,-1.000000000,-1.000000000,-1.000000000,0,1,1,674,0,1,7018,1,367,1,658,0,658,0,0.348623037,1,0.346481120,1,367,8,1132
247,1548265890.776420116,2,1,0,0.037803291,0.000000177,0.014647301,0.052450769,0.636676432,0.000000000,0,0,247,0,0,0,0,0,0,0,0,0,0,0,0,-1.000000000,-1.000000000,-1.000000000,-1.000000000,0,0,0,-1.000000000,none,0,0,0,-1,-1,0,-1.000000000,-1.000000000,0,0.000000000,0,0,0,0,-1,-1,-1,-1,0,-1.000000000,-1.000000000,0,-1.000000000,-1.000000000,-1.000000000,-1.000000000,-1.000000000,-1.000000000,0,1,1,85,0,1,1050,1,88,5,71,0,71,0,0.363323569,1,0.363092448,1,88,9,1162
248,1548265890.809910059,2,1,0,0.038913380,0.000000317,0.019128490,0.058042187,0.645130208,0.000000000,0,0,248,0,0,0,0,0,0,0,0,0,0,0,0,-1.000000000,-1.000000000,-1.000000000,-1.000000000,0,0,0,-1.000000000,none,0,0,0,-1,-1,0,-1.000000000,-1.000000000,0,0.000000000,0,0,0,0,-1,-1,-1,-1,0,-1.000000000,-1.000000000,0,-1.000000000,-1.000000000,-1.000000000,-1.000000000,-1.000000000,-1.000000000,0,1,1,78,0,1,134,1,197,4,74,0,74,0,0.354869783,1,0.354628906,1,197,8,1417
249,1548265890.843410015,2,1,0,0.027489880,0.000000119,0.017852326,0.045342325,0.439804688,0.000000000,0,0,249,0,0,0,0,0,0,0,0,0,0,0,0,-1.000000000,-1.000000000,-1.000000000,-1.000000000,0,0,0,-1.000000000,none,0,0,0,-1,-1,0,-1.000000000,-1.000000000,0,0.000000000,0,0,0,0,-1,-1,-1,-1,0,-1.000000000,-1.000000000,0,-1.000000000,-1.000000000,-1.000000000,-1.000000000,-1.000000000,-1.000000000,0,1,1,0,0,1,37,1,182,3,0,0,0,0,0.560195327,1,0.560195312,1,182,12,2006
250,1548265890.876929998,2,1,0,0.026281139,0.000000139,0.015608144,0.041889422,0.419905599,0.000000000,0,0,250,0,0,0,0,0,0,0,0,0,0,0,0,-1.000000000,-1.000000000,-1.000000000,-1.000000000,0,0,0,-1.000000000,none,0,0,0,-1,-1,0,-1.000000000,-1.000000000,0,0.000000000,0,0,0,0,-1,-1,-1,-1,0,-1.000000000,-1.000000000,0,-1.000000000,-1.000000000,-1.000000000,-1.000000000,-1.000000000,-1.000000000,0,1,1,1559,0,1,3063,1,155,2,1518,0,1518,0,0.580094397,1,0.575152995,1,155,12,2005
251,1548265890.910429955,2,1,0,0.043856559,0.000000156,0.024771229,0.068627944,0.423867188,0.000000000,0,0,251,0,0,0,0,0,0,0,0,0,0,0,0,-1.000000000,-1.000000000,-1.000000000,-1.000000000,0,0,0,-1.000000000,none,0,0,0,-1,-1,0,-1.000000000,-1.000000000,0,0.000000000,0,0,0,0,-1,-1,-1,-1,0,-1.000000000,-1.000000000,0,-1.000000000,-1.000000000,-1.000000000,-1.000000000,-1.000000000,-1.000000000,0,1,1,382,0,1,3541,1,153,1,339,0,339,0,0.576132834,1,0.575029297,1,153,12,2006
252,1548265890.943929911,2,1,0,0.033674692,0.000000092,0.018118802,0.051793586,0.385957031,0.000000000,0,0,252,0,0,0,0,0,0,0,0,0,0,0,0,-1.000000000,-1.000000000,-1.000000000,-1.000000000,0,0,0,-1.000000000,none,0,0,0,-1,-1,0,-1.000000000,-1.000000000,0,0.000000000,0,0,0,0,-1,-1,-1,-1,0,-1.000000000,-1.000000000,0,-1.000000000,-1.000000000,-1.000000000,-1.000000000,-1.000000000,-1.000000000,0,1,1,380,0,1,5340,0,654,0,353,353,0,0,0.614042997,1,0.614042969,0,654,20,1493
253,1548265890.977410078,2,1,0,0.032460834,0.000000117,0.016966226,0.049427177,0.361800130,0.000000000,0,0,253,0,0,0,0,0,0,0,0,0,0,0,0,-1.000000000,-1.000000000,-1.000000000,-1.000000000,0,0,0,-1.000000000,none,0,0,0,-1,-1,0,-1.000000000,-1.000000000,0,0.000000000,0,0,0,0,-1,-1,-1,-1,0,-1.000000000,-1.000000000,0,-1.000000000,-1.000000000,-1.000000000,-1.000000000,-1.000000000,-1.000000000,0,1,1,999,0,1,7558,0,465,0,949,949,0,0,0.638199866,1,0.638199870,0,465,20,1534
254,1548265891.010920048,2,1,0,0.034324773,0.000000115,0.017966578,0.052291466,0.336946615,0.000000000,0,0,254,0,0,0,0,0,0,0,0,0,0,0,0,-1.000000000,-1.000000000,-1.000000000,-1.000000000,0,0,0,-1.000000000,none,0,0,0,-1,-1,0,-1.000000000,-1.000000000,0,0.000000000,0,0,0,0,-1,-1,-1,-1,0,-1.000000000,-1.000000000,0,-1.000000000,-1.000000000,-1.000000000,-1.000000000,-1.000000000,-1.000000000,0,1,1,3000,0,1,4834,0,435,0,2936,2936,0,0,0.663053393,1,0.663053385,0,435,20,1535
255,1548265891.044310093,2,1,0,0.043928620,0.000000402,0.015626828,0.059555850,0.363968099,0.000000000,0,0,255,0,0,0,0,0,0,0,0,0,0,0,0,-1.000000000,-1.000000000,-1.000000000,-1.000000000,0,0,0,-1.000000000,none,0,0,0,-1,-1,0,-1.000000000,-1.000000000,0,0.000000000,0,0,0,0,-1,-1,-1,-1,0,-1.000000000,-1.000000000,0,-1.000000000,-1.000000000,-1.000000000,-1.000000000,-1.000000000,-1.000000000,0,1,1,4229,0,1,8587,0,399,0,4147,4147,0,0,0.636031926,1,0.636031901,0,399,20,1468
256,1548265891.077790022,2,1,0,0.042002614,0.000000270,0.017936719,0.059939603,0.327008464,0.000000000,0,0,256,0,0,0,0,0,0,0,0,0,0,0,0,-1.000000000,-1.000000000,-1.000000000,-1.000000000,0,0,0,-1.000000000,none,0,0,0,-1,-1,0,-1.000000000,-1.000000000,0,0.000000000,0,0,0,0,-1,-1,-1,-1,0,-1.000000000,-1.000000000,0,-1.000000000,-1.000000000,-1.000000000,-1.000000000,-1.000000000,-1.000000000,0,1,1,4509,0,1,6681,0,374,0,4473,4473,0,0,0.672991514,1,0.672991536,0,374,20,1518
257,1548265891.111210108,2,1,0,0.034912611,0.000000114,0.018779621,0.053692346,0.313665365,0.000000000,0,0,257,0,0,0,0,0,0,0,0,0,0,0,0,-1.000000000,-1.000000000,-1.000000000,-1.000000000,0,0,0,-1.000000000,none,0,0,0,-1,-1,0,-1.000000000,-1.000000000,0,0.000000000,0,0,0,0,-1,-1,-1,-1,0,-1.000000000,-1.000000000,0,-1.000000000,-1.000000000,-1.000000000,-1.000000000,-1.000000000,-1.000000000,0,1,1,4265,0,1,4819,0,347,0,4201,4201,0,0,0.686334610,1,0.686334635,0,347,20,1545
258,1548265891.144720078,2,1,0,0.027658679,0.000000129,0.018158481,0.045817289,0.328938802,0.000000000,0,0,258,0,0,0,0,0,0,0,0,0,0,0,0,-1.000000000,-1.000000000,-1.000000000,-1.000000000,0,0,0,-1.000000000,none,0,0,0,-1,-1,0,-1.000000000,-1.000000000,0,0.000000000,0,0,0,0,-1,-1,-1,-1,0,-1.000000000,-1.000000000,0,-1.000000000,-1.000000000,-1.000000000,-1.000000000,-1.000000000,-1.000000000,0,1,1,3777,0,1,5370,0,499,0,3738,3738,0,0,0.671061218,1,0.671061198,0,499,20,1572
259,1548265891.178179979,2,1,0,0.029080142,0.000000132,0.019586234,0.048666508,0.346106771,0.000000000,0,0,259,0,0,0,0,0,0,0,0,0,0,0,0,-1.000000000,-1.000000000,-1.000000000,-1.000000000,0,0,0,-1.000000000,none,0,0,0,-1,-1,0,-1.000000000,-1.000000000,0,0.000000000,0,0,0,0,-1,-1,-1,-1,0,-1.000000000,-1.000000000,0,-1.000000000,-1.000000000,-1.000000000,-1.000000000,-1.000000000,-1.000000000,0,1,1,2241,0,1,14027,0,464,0,2114,2114,0,0,0.653893232,1,0.653893229,0,464,20,1502
260,1548265891.211529970,2,1,0,0.030194808,0.000000124,0.023271495,0.053466427,0.327731120,0.000000000,0,0,260,0,0,0,0,0,0,0,0,0,0,0,0,-1.000000000,-1.000000000,-1.000000000,-1.000000000,0,0,0,-1.000000000,none,0,0,0,-1,-1,0,-1.000000000,-1.000000000,0,0.000000000,0,0,0,0,-1,-1,-1,-1,0,-1.000000000,-1.000000000,0,-1.000000000,-1.000000000,-1.000000000,-1.000000000,-1.000000000,-1.000000000,0,1,1,6205,0,1,6744,0,455,0,6144,6144,0,0,0.672268867,1,0.672268880,0,455,20,1555
261,1548265891.244999886,2,1,0,0.034393179,0.000000170,0.018401256,0.052794605,0.299615885,0.000000000,0,0,261,0,0,0,0,0,0,0,0,0,0,0,0,-1.000000000,-1.000000000,-1.000000000,-1.000000000,0,0,0,-1.000000000,none,0,0,0,-1,-1,0,-1.000000000,-1.000000000,0,0.000000000,0,0,0,0,-1,-1,-1,-1,0,-1.000000000,-1.000000000,0,-1.000000000,-1.000000000,-1.000000000,-1.000000000,-1.000000000,-1.000000000,0,1,1,5352,0,1,6315,0,486,0,5300,5300,0,0,0.700384140,1,0.700384115,0,486,20,1608
262,1548265891.278480053,2,1,0,0.044609210,0.000000276,0.015869533,0.060479019,0.345524089,0.000000000,0,0,262,0,0,0,0,0,0,0,0,0,0,0,0,-1.000000000,-1.000000000,-1.000000000,-1.000000000,0,0,0,-1.000000000,none,0,0,0,-1,-1,0,-1.000000000,-1.000000000,0,0.000000000,0,0,0,0,-1,-1,-1,-1,0,-1.000000000,-1.000000000,0,-1.000000000,-1.000000000,-1.000000000,-1.000000000,-1.000000000,-1.000000000,0,1,1,7472,0,1,10054,0,452,0,7389,7389,0,0,0.654475927,1,0.654475911,0,452,20,1518
263,1548265891.312000036,2,1,0,0.026904288,0.000000185,0.016347713,0.043252186,0.338496094,0.000000000,0,0,263,0,0,0,0,0,0,0,0,0,0,0,0,-1.000000000,-1.000000000,-1.000000000,-1.000000000,0,0,0,-1.000000000,none,0,0,0,-1,-1,0,-1.000000000,-1.000000000,0,0.000000000,0,0,0,0,-1,-1,-1,-1,0,-1.000000000,-1.000000000,0,-1.000000000,-1.000000000,-1.000000000,-1.000000000,-1.000000000,-1.000000000,0,1,1,5071,0,1,11678,0,465,0,4995,4995,0,0,0.661503911,1,0.661503906,0,465,20,1575
264,1548265891.345540047,2,1,0,0.029035059,0.000000276,0.013324588,0.042359923,0.510856120,0.000000000,0,0,264,0,0,0,0,0,0,0,0,0,0,0,0,-1.000000000,-1.000000000,-1.000000000,-1.000000000,0,0,0,-1.000000000,none,0,0,0,-1,-1,0,-1.000000000,-1.000000000,0,0.000000000,0,0,0,0,-1,-1,-1,-1,0,-1.000000000,-1.000000000,0,-1.000000000,-1.000000000,-1.000000000,-1.000000000,-1.000000000,-1.000000000,0,1,1,32623,0,1,10524,0,402,0,32306,32306,0,0,0.489143878,1,0.489143880,0,402,20,1043
265,1548265891.379110098,2,1,0,0.035529853,0.000000120,0.016917970,0.052447943,0.412200521,0.000000000,0,0,265,0,0,0,0,0,0,0,0,0,0,0,0,-1.000000000,-1.000000000,-1.000000000,-1.000000000,0,0,0,-1.000000000,none,0,0,0,-1,-1,0,-1.000000000,-1.000000000,0,0.000000000,0,0,0,0,-1,-1,-1,-1,0,-1.000000000,-1.000000000,0,-1.000000000,-1.000000000,-1.000000000,-1.000000000,-1.000000000,-1.000000000,0,1,1,1923,0,1,22933,0,204,0,1853,1853,0,0,0.587799489,1,0.587799479,0,204,20,1471
266,1548265891.412580013,2,1,0,0.030151887,0.000000538,0.017789758,0.047942183,0.369462891,0.000000000,0,0,266,0,0,0,0,0,0,0,0,0,0,0,0,-1.000000000,-1.000000000,-1.000000000,-1.000000000,0,0,0,-1.000000000,none,0,0,0,-1,-1,0,-1.000000000,-1.000000000,0,0.000000000,0,0,0,0,-1,-1,-1,-1,0,-1.000000000,-1.000000000,0,-1.000000000,-1.000000000,-1.000000000,-1.000000000,-1.000000000,-1.000000000,0,1,1,11294,0,1,9534,0,421,0,11209,11209,0,0,0.630537093,1,0.630537109,0,421,20,1511
267,1548265891.446059942,2,1,0,0.027816030,0.000000160,0.017706556,0.045522746,0.345250651,0.000000000,0,0,267,0,0,0,0,0,0,0,0,0,0,0,0,-1.000000000,-1.000000000,-1.000000000,-1.000000000,0,0,0,-1.000000000,none,0,0,0,-1,-1,0,-1.000000000,-1.000000000,0,0.000000000,0,0,0,0,-1,-1,-1,-1,0,-1.000000000,-1.000000000,0,-1.000000000,-1.000000000,-1.000000000,-1.000000000,-1.000000000,-1.000000000,0,1,1,9844,0,1,6838,0,436,0,9738,9738,0,0,0.654749334,1,0.654749349,0,436,20,1468
268,1548265891.479569912,2,1,0,0.049813800,0.000000250,0.018445394,0.068259444,0.397675781,0.000000000,0,0,268,0,0,0,0,0,0,0,0,0,0,0,0,-1.000000000,-1.000000000,-1.000000000,-1.000000000,0,0,0,-1.000000000,none,0,0,0,-1,-1,0,-1.000000000,-1.000000000,0,0.000000000,0,0,0,0,-1,-1,-1,-1,0,-1.000000000,-1.000000000,0,-1.000000000,-1.000000000,-1.000000000,-1.000000000,-1.000000000,-1.000000000,0,1,1,7877,0,1,8540,0,421,0,7784,7784,0,0,0.602324247,1,0.602324219,0,421,20,1451
269,1548265891.513079882,2,1,0,0.035390536,0.000000058,0.017628845,0.053019439,0.369485677,0.000000000,0,0,269,0,0,0,0,0,0,0,0,0,0,0,0,-1.000000000,-1.000000000,-1.000000000,-1.000000000,0,0,0,-1.000000000,none,0,0,0,-1,-1,0,-1.000000000,-1.000000000,0,0.000000000,0,0,0,0,-1,-1,-1,-1,0,-1.000000000,-1.000000000,0,-1.000000000,-1.000000000,-1.000000000,-1.000000000,-1.000000000,-1.000000000,0,1,1,6335,0,1,5280,0,629,0,6236,6236,0,0,0.630514324,1,0.630514323,0,629,20,1525
270,1548265891.546610117,2,1,0,0.040093537,0.000000057,0.016359208,0.056452802,0.350026042,0.000000000,0,0,270,0,0,0,0,0,0,0,0,0,0,0,0,-1.000000000,-1.000000000,-1.000000000,-1.000000000,0,0,0,-1.000000000,none,0,0,0,-1,-1,0,-1.000000000,-1.000000000,0,0.000000000,0,0,0,0,-1,-1,-1,-1,0,-1.000000000,-1.000000000,0,-1.000000000,-1.000000000,-1.000000000,-1.000000000,-1.000000000,-1.000000000,0,1,1,2971,0,1,8681,0,583,0,2881,2881,0,0,0.649973929,1,0.649973958,0,583,20,1480
271,1548265891.580130100,2,1,0,0.031832001,0.000000157,0.015761509,0.047593667,0.394443359,0.000000000,0,0,271,0,0,0,0,0,0,0,0,0,0,0,0,-1.000000000,-1.000000000,-1.000000000,-1.000000000,0,0,0,-1.000000000,none,0,0,0,-1,-1,0,-1.000000000,-1.000000000,0,0.000000000,0,0,0,0,-1,-1,-1,-1,0,-1.000000000,-1.000000000,0,-1.000000000,-1.000000000,-1.000000000,-1.000000000,-1.000000000,-1.000000000,0,1,1,473,0,1,16205,0,581,0,451,451,0,0,0.605556667,1,0.605556641,0,581,20,1440
272,1548265891.613670111,2,1,0,0.037924457,0.000000058,0.016728209,0.054652724,0.361591797,0.000000000,0,0,272,0,0,0,0,0,0,0,0,0,0,0,0,-1.000000000,-1.000000000,-1.000000000,-1.000000000,0,0,0,-1.000000000,none,0,0,0,-1,-1,0,-1.000000000,-1.000000000,0,0.000000000,0,0,0,0,-1,-1,-1,-1,0,-1.000000000,-1.000000000,0,-1.000000000,-1.000000000,-1.000000000,-1.000000000,-1.000000000,-1.000000000,0,1,1,57,0,1,11662,0,532,0,38,38,0,0,0.638408184,1,0.638408203,0,532,20,1475
273,1548265891.647190094,2,1,0,0.044785645,0.000000126,0.015925489,0.060711260,0.347008464,0.000000000,0,0,273,0,0,0,0,0,0,0,0,0,0,0,0,-1.000000000,-1.000000000,-1.000000000,-1.000000000,0,0,0,-1.000000000,none,0,0,0,-1,-1,0,-1.000000000,-1.000000000,0,0.000000000,0,0,0,0,-1,-1,-1,-1,0,-1.000000000,-1.000000000,0,-1.000000000,-1.000000000,-1.000000000,-1.000000000,-1.000000000,-1.000000000,0,1,1,1950,0,1,11818,0,546,0,1904,1904,0,0,0.652991533,1,0.652991536,0,546,20,1504
274,1548265891.680700064,2,1,0,0.039288644,0.000000059,0.013387967,0.052676670,0.452233073,0.000000000,0,0,274,0,0,0,0,0,0,0,0,0,0,0,0,-1.000000000,-1.000000000,-1.000000000,-1.000000000,0,0,0,-1.000000000,none,0,0,0,-1,-1,0,-1.000000000,-1.000000000,0,0.000000000,0,0,0,0,-1,-1,-1,-1,0,-1.000000000,-1.000000000,0,-1.000000000,-1.000000000,-1.000000000,-1.000000000,-1.000000000,-1.000000000,0,1,1,20622,0,1,7085,0,504,0,20484,20484,0,0,0.547766924,1,0.547766927,0,504,20,1060
275,1548265891.714190006,2,1,0,0.030736800,0.000000144,0.015766161,0.046503105,0.395074870,0.000000000,0,0,275,0,0,0,0,0,0,0,0,0,0,0,0,-1.000000000,-1.000000000,-1.000000000,-1.000000000,0,0,0,-1.000000000,none,0,0,0,-1,-1,0,-1.000000000,-1.000000000,0,0.000000000,0,0,0,0,-1,-1,-1,-1,0,-1.000000000,-1.000000000,0,-1.000000000,-1.000000000,-1.000000000,-1.000000000,-1.000000000,-1.000000000,0,1,1,29,0,1,10968,0,330,0,5,5,0,0,0.604925156,1,0.604925130,0,330,20,1469
276,1548265891.747689962,2,1,0,0.025389060,0.000000214,0.017191129,0.042580403,0.366152344,0.000000000,0,0,276,0,0,0,0,0,0,0,0,0,0,0,0,-1.000000000,-1.000000000,-1.000000000,-1.000000000,0,0,0,-1.000000000,none,0,0,0,-1,-1,0,-1.000000000,-1.000000000,0,0.000000000,0,0,0,0,-1,-1,-1,-1,0,-1.000000000,-1.000000000,0,-1.000000000,-1.000000000,-1.000000000,-1.000000000,-1.000000000,-1.000000000,0,1,1,1692,0,1,8569,0,539,0,1663,1663,0,0,0.633847654,1,0.633847656,0,539,20,1550
277,1548265891.781219959,2,1,0,0.031100819,0.000000060,0.016204958,0.047305837,0.331705729,0.000000000,0,0,277,0,0,0,0,0,0,0,0,0,0,0,0,-1.000000000,-1.000000000,-1.000000000,-1.000000000,0,0,0,-1.000000000,none,0,0,0,-1,-1,0,-1.000000000,-1.000000000,0,0.000000000,0,0,0,0,-1,-1,-1,-1,0,-1.000000000,-1.000000000,0,-1.000000000,-1.000000000,-1.000000000,-1.000000000,-1.000000000,-1.000000000,0,1,1,1866,0,1,5290,0,591,0,1834,1834,0,0,0.668294251,1,0.668294271,0,591,20,1562
278,1548265891.814810038,2,1,0,0.031186784,0.000000134,0.016691063,0.047877981,0.354156901,0.000000000,0,0,278,0,0,0,0,0,0,0,0,0,0,0,0,-1.000000000,-1.000000000,-1.000000000,-1.000000000,0,0,0,-1.000000000,none,0,0,0,-1,-1,0,-1.000000000,-1.000000000,0,0.000000000,0,0,0,0,-1,-1,-1,-1,0,-1.000000000,-1.000000000,0,-1.000000000,-1.000000000,-1.000000000,-1.000000000,-1.000000000,-1.000000000,0,1,1,868,0,1,10452,0,611,0,844,844,0,0,0.645843089,1,0.645843099,0,611,20,1557
279,1548265891.848320007,2,1,0,0.026373738,0.000000061,0.018575117,0.044948916,0.363268229,0.000000000,0,0,279,0,0,0,0,0,0,0,0,0,0,0,0,-1.000000000,-1.000000000,-1.000000000,-1.000000000,0,0,0,-1.000000000,none,0,0,0,-1,-1,0,-1.000000000,-1.000000000,0,0.000000000,0,0,0,0,-1,-1,-1,-1,0,-1.000000000,-1.000000000,0,-1.000000000,-1.000000000,-1.000000000,-1.000000000,-1.000000000,-1.000000000,0,1,1,2412,0,1,5869,0,500,0,2354,2354,0,0,0.636731744,1,0.636731771,0,500,20,1616
280,1548265891.881839991,2,1,0,0.031963255,0.000000115,0.017766516,0.049729886,0.299697266,0.000000000,0,0,280,0,0,0,0,0,0,0,0,0,0,0,0,-1.000000000,-1.000000000,-1.000000000,-1.000000000,0,0,0,-1.000000000,none,0,0,0,-1,-1,0,-1.000000000,-1.000000000,0,0.000000000,0,0,0,0,-1,-1,-1,-1,0,-1.000000000,-1.000000000,0,-1.000000000,-1.000000000,-1.000000000,-1.000000000,-1.000000000,-1.000000000,0,1,1,2409,0,1,4887,0,684,0,2363,2363,0,0,0.700302720,1,0.700302734,0,684,20,1700
281,1548265891.915369987,2,1,0,0.029794894,0.000000057,0.014006810,0.043801761,0.543304036,0.000000000,0,0,281,0,0,0,0,0,0,0,0,0,0,0,0,-1.000000000,-1.000000000,-1.000000000,-1.000000000,0,0,0,-1.000000000,none,0,0,0,-1,-1,0,-1.000000000,-1.000000000,0,0.000000000,0,0,0,0,-1,-1,-1,-1,0,-1.000000000,-1.000000000,0,-1.000000000,-1.000000000,-1.000000000,-1.000000000,-1.000000000,-1.000000000,0,1,1,31523,0,1,9379,0,653,0,31394,31394,0,0,0.456695974,1,0.456695964,0,653,20,1118
282,1548265891.948950052,2,1,0,0.027185578,0.000000115,0.018776389,0.045962082,0.555992839,0.000000000,0,0,282,0,0,0,0,0,0,0,0,0,0,0,0,-1.000000000,-1.000000000,-1.000000000,-1.000000000,0,0,0,-1.000000000,none,0,0,0,-1,-1,0,-1.000000000,-1.000000000,0,0.000000000,0,0,0,0,-1,-1,-1,-1,0,-1.000000000,-1.000000000,0,-1.000000000,-1.000000000,-1.000000000,-1.000000000,-1.000000000,-1.000000000,0,1,1,29171,0,1,11015,0,412,0,29004,29004,0,0,0.444007158,1,0.444007161,0,412,20,1114
283,1548265891.982480049,2,1,0,0.026974155,0.000000107,0.017405164,0.044379426,0.320436198,0.000000000,0,0,283,0,0,0,0,0,0,0,0,0,0,0,0,-1.000000000,-1.000000000,-1.000000000,-1.000000000,0,0,0,-1.000000000,none,0,0,0,-1,-1,0,-1.000000000,-1.000000000,0,0.000000000,0,0,0,0,-1,-1,-1,-1,0,-1.000000000,-1.000000000,0,-1.000000000,-1.000000000,-1.000000000,-1.000000000,-1.000000000,-1.000000000,0,1,1,2420,0,1,4297,0,479,0,2401,2401,0,0,0.679563820,1,0.679563802,0,479,20,1737
284,1548265892.016020060,2,1,0,0.035226930,0.000000151,0.015044662,0.050271743,0.516051432,0.000000000,0,0,284,0,0,0,0,0,0,0,0,0,0,0,0,-1.000000000,-1.000000000,-1.000000000,-1.000000000,0,0,0,-1.000000000,none,0,0,0,-1,-1,0,-1.000000000,-1.000000000,0,0.000000000,0,0,0,0,-1,-1,-1,-1,0,-1.000000000,-1.000000000,0,-1.000000000,-1.000000000,-1.000000000,-1.000000000,-1.000000000,-1.000000000,0,1,1,25218,0,1,15307,0,618,0,24980,24980,0,0,0.483948559,1,0.483948568,0,618,20,1143
285,1548265892.049560070,2,1,0,0.042790117,0.000000204,0.014245421,0.057035742,0.496894531,0.000000000,0,0,285,0,0,0,0,0,0,0,0,0,0,0,0,-1.000000000,-1.000000000,-1.000000000,-1.000000000,0,0,0,-1.000000000,none,0,0,0,-1,-1,0,-1.000000000,-1.000000000,0,0.000000000,0,0,0,0,-1,-1,-1,-1,0,-1.000000000,-1.000000000,0,-1.000000000,-1.000000000,-1.000000000,-1.000000000,-1.000000000,-1.000000000,0,1,1,22764,0,1,16896,0,458,0,22590,22590,0,0,0.503105462,1,0.503105469,0,458,20,1131
286,1548265892.083090067,2,1,0,0.040641715,0.000000163,0.017387329,0.058029207,0.305354818,0.000000000,0,0,286,0,0,0,0,0,0,0,0,0,0,0,0,-1.000000000,-1.000000000,-1.000000000,-1.000000000,0,0,0,-1.000000000,none,0,0,0,-1,-1,0,-1.000000000,-1.000000000,0,0.000000000,0,0,0,0,-1,-1,-1,-1,0,-1.000000000,-1.000000000,0,-1.000000000,-1.000000000,-1.000000000,-1.000000000,-1.000000000,-1.000000000,0,1,1,3872,0,1,6247,0,437,0,3775,3775,0,0,0.694645166,1,0.694645182,0,437,20,1738
287,1548265892.116610050,2,1,0,0.032797049,0.000000056,0.018097374,0.050894479,0.302750651,0.000000000,0,0,287,0,0,0,0,0,0,0,0,0,0,0,0,-1.000000000,-1.000000000,-1.000000000,-1.000000000,0,0,0,-1.000000000,none,0,0,0,-1,-1,0,-1.000000000,-1.000000000,0,0.000000000,0,0,0,0,-1,-1,-1,-1,0,-1.000000000,-1.000000000,0,-1.000000000,-1.000000000,-1.000000000,-1.000000000,-1.000000000,-1.000000000,0,1,1,4171,0,1,8986,0,637,0,4110,4110,0,0,0.697249353,1,0.697249349,0,637,20,1733
288,1548265892.150120020,2,1,0,0.036977984,0.000000134,0.017738418,0.054716536,0.300638021,0.000000000,0,0,288,0,0,0,0,0,0,0,0,0,0,0,0,-1.000000000,-1.000000000,-1.000000000,-1.000000000,0,0,0,-1.000000000,none,0,0,0,-1,-1,0,-1.000000000,-1.000000000,0,0.000000000,0,0,0,0,-1,-1,-1,-1,0,-1.000000000,-1.000000000,0,-1.000000000,-1.000000000,-1.000000000,-1.000000000,-1.000000000,-1.000000000,0,1,1,4465,0,1,7647,0,621,0,4401,4401,0,0,0.699361980,1,0.699361979,0,621,20,1698
289,1548265892.183650017,2,1,0,0.028014852,0.000000127,0.020365409,0.048380388,0.286191406,0.000000000,0,0,289,0,0,0,0,0,0,0,0,0,0,0,0,-1.000000000,-1.000000000,-1.000000000,-1.000000000,0,0,0,-1.000000000,none,0,0,0,-1,-1,0,-1.000000000,-1.000000000,0,0.000000000,0,0,0,0,-1,-1,-1,-1,0,-1.000000000,-1.000000000,0,-1.000000000,-1.000000000,-1.000000000,-1.000000000,-1.000000000,-1.000000000,0,1,1,4868,0,1,8291,0,585,0,4769,4769,0,0,0.713808596,1,0.713808594,0,585,20,1733
290,1548265892.217159986,2,1,0,0.024569761,0.000000195,0.019629167,0.044199123,0.296041667,0.000000000,0,0,290,0,0,0,0,0,0,0,0,0,0,0,0,-1.000000000,-1.000000000,-1.000000000,-1.000000000,0,0,0,-1.000000000,none,0,0,0,-1,-1,0,-1.000000000,-1.000000000,0,0.000000000,0,0,0,0,-1,-1,-1,-1,0,-1.000000000,-1.000000000,0,-1.000000000,-1.000000000,-1.000000000,-1.000000000,-1.000000000,-1.000000000,0,1,1,1921,0,1,14714,0,825,0,1847,1847,0,0,0.703958333,1,0.703958333,0,825,20,1704
291,1548265892.250679970,2,1,0,0.028319983,0.000000058,0.018893915,0.047213956,0.301409505,0.000000000,0,0,291,0,0,0,0,0,0,0,0,0,0,0,0,-1.000000000,-1.000000000,-1.000000000,-1.000000000,0,0,0,-1.000000000,none,0,0,0,-1,-1,0,-1.000000000,-1.000000000,0,0.000000000,0,0,0,0,-1,-1,-1,-1,0,-1.000000000,-1.000000000,0,-1.000000000,-1.000000000,-1.000000000,-1.000000000,-1.000000000,-1.000000000,0,1,1,3144,0,1,14923,0,793,0,3031,3031,0,0,0.698590517,1,0.698590495,0,793,20,1712
292,1548265892.284699917,2,1,0,0.034235014,0.000000180,0.018645145,0.052880339,0.294573568,0.000000000,0,0,292,0,0,0,0,0,0,0,0,0,0,0,0,-1.000000000,-1.000000000,-1.000000000,-1.000000000,0,0,0,-1.000000000,none,0,0,0,-1,-1,0,-1.000000000,-1.000000000,0,0.000000000,0,0,0,0,-1,-1,-1,-1,0,-1.000000000,-1.000000000,0,-1.000000000,-1.000000000,-1.000000000,-1.000000000,-1.000000000,-1.000000000,0,1,1,1189,0,1,13125,0,774,0,1163,1163,0,0,0.705426455,1,0.705426432,0,774,20,1727
293,1548265892.318239927,2,1,0,0.044023372,0.000000306,0.018524842,0.062548520,0.283671875,0.000000000,0,0,293,0,0,0,0,0,0,0,0,0,0,0,0,-1.000000000,-1.000000000,-1.000000000,-1.000000000,0,0,0,-1.000000000,none,0,0,0,-1,-1,0,-1.000000000,-1.000000000,0,0.000000000,0,0,0,0,-1,-1,-1,-1,0,-1.000000000,-1.000000000,0,-1.000000000,-1.000000000,-1.000000000,-1.000000000,-1.000000000,-1.000000000,0,1,1,1779,0,1,13721,0,749,0,1681,1681,0,0,0.716328144,1,0.716328125,0,749,20,1712
294,1548265892.351749897,2,1,0,0.034602027,0.000000288,0.018553207,0.053155522,0.245869141,0.000000000,0,0,294,0,0,0,0,0,0,0,0,0,0,0,0,-1.000000000,-1.000000000,-1.000000000,-1.000000000,0,0,0,-1.000000000,none,0,0,0,-1,-1,0,-1.000000000,-1.000000000,0,0.000000000,0,0,0,0,-1,-1,-1,-1,0,-1.000000000,-1.000000000,0,-1.000000000,-1.000000000,-1.000000000,-1.000000000,-1.000000000,-1.000000000,0,1,1,1153,0,1,10732,0,714,0,1091,1091,0,0,0.754130840,1,0.754130859,0,714,20,1733
295,1548265892.385270119,2,1,0,0.039822255,0.000000130,0.018497727,0.058320112,0.309703776,0.000000000,0,0,295,0,0,0,0,0,0,0,0,0,0,0,0,-1.000000000,-1.000000000,-1.000000000,-1.000000000,0,0,0,-1.000000000,none,0,0,0,-1,-1,0,-1.000000000,-1.000000000,0,0.000000000,0,0,0,0,-1,-1,-1,-1,0,-1.000000000,-1.000000000,0,-1.000000000,-1.000000000,-1.000000000,-1.000000000,-1.000000000,-1.000000000,0,1,1,2110,0,1,16236,0,708,0,2037,2037,0,0,0.690296233,1,0.690296224,0,708,20,1737
296,1548265892.418790102,2,1,0,0.030534107,0.000000056,0.019689586,0.050223749,0.225413411,0.000000000,0,0,296,0,0,0,0,0,0,0,0,0,0,0,0,-1.000000000,-1.000000000,-1.000000000,-1.000000000,0,0,0,-1.000000000,none,0,0,0,-1,-1,0,-1.000000000,-1.000000000,0,0.000000000,0,0,0,0,-1,-1,-1,-1,0,-1.000000000,-1.000000000,0,-1.000000000,-1.000000000,-1.000000000,-1.000000000,-1.000000000,-1.000000000,0,1,1,2935,0,1,8154,0,715,0,2909,2909,0,0,0.774586618,1,0.774586589,0,715,20,1783
297,1548265892.452280045,2,1,0,0.032643066,0.000000122,0.018878186,0.051521374,0.233304036,0.000000000,0,0,297,0,0,0,0,0,0,0,0,0,0,0,0,-1.000000000,-1.000000000,-1.000000000,-1.000000000,0,0,0,-1.000000000,none,0,0,0,-1,-1,0,-1.000000000,-1.000000000,0,0.000000000,0,0,0,0,-1,-1,-1,-1,0,-1.000000000,-1.000000000,0,-1.000000000,-1.000000000,-1.000000000,-1.000000000,-1.000000000,-1.000000000,0,1,1,1513,0,1,12048,0,678,0,1432,1432,0,0,0.766695976,1,0.766695964,0,678,20,1752
298,1548265892.485800028,2,1,0,0.038690072,0.000000155,0.019175259,0.057865486,0.210953776,0.000000000,0,0,298,0,0,0,0,0,0,0,0,0,0,0,0,-1.000000000,-1.000000000,-1.000000000,-1.000000000,0,0,0,-1.000000000,none,0,0,0,-1,-1,0,-1.000000000,-1.000000000,0,0.000000000,0,0,0,0,-1,-1,-1,-1,0,-1.000000000,-1.000000000,0,-1.000000000,-1.000000000,-1.000000000,-1.000000000,-1.000000000,-1.000000000,0,1,1,1508,0,1,12667,0,673,0,1451,1451,0,0,0.789046228,1,0.789046224,0,673,20,1797
299,1548265892.519220114,2,1,0,0.024825172,0.000000175,0.015935801,0.040761148,0.429902344,0.000000000,0,0,299,0,0,0,0,0,0,0,0,0,0,0,0,-1.000000000,-1.000000000,-1.000000000,-1.000000000,0,0,0,-1.000000000,none,0,0,0,-1,-1,0,-1.000000000,-1.000000000,0,0.000000000,0,0,0,0,-1,-1,-1,-1,0,-1.000000000,-1.000000000,0,-1.000000000,-1.000000000,-1.000000000,-1.000000000,-1.000000000,-1.000000000,0,1,1,41845,0,1,14696,0,684,0,41632,41632,0,0,0.570097685,1,0.570097656,0,684,20,1179
